/Users/sam92/Desktop/Projects/asian-health-hub/openclaw/venv/lib/python3.9/site-packages/urllib3/__init__.py:35: NotOpenSSLWarning: urllib3 v2 only supports OpenSSL 1.1.1+, currently the 'ssl' module is compiled with 'LibreSSL 2.8.3'. See: https://github.com/urllib3/urllib3/issues/3020
  warnings.warn(
=====================================================================
 Bat dau tien trinh cao 190 phong kham/benh vien 
=====================================================================

=== STARTING PHASE 1: 100 CLINICS IN 10 CITIES ===

--- CITY: Los Angeles, CA (Goal: 10 clinics) ---

>>> Dang chay: query='Vietnamese speaking medical clinic in Los Angeles, CA', limit=4, lang=['Vietnamese'], types=['medical_clinic'], override_specialty=None
Đang tìm Google Places cho từ khóa: 'Vietnamese speaking medical clinic in Los Angeles, CA' (loại: medical_clinic) (ngôn ngữ yêu cầu: Vietnamese)...
⛔ Bỏ qua (không phải cơ sở y tế): True Dermatology — types: hair_care, spa
Tìm thấy 1 cơ sở y tế có website hợp lệ (đã lọc 1 nơi không phải y tế).
Bỏ qua đã tồn tại: Asian Pacific Health Care Venture, Inc.
Có 0 cơ sở mới. Bắt đầu scrape...
Hoàn tất! Đã lưu 0/4 phòng khám.

>>> Dang chay: query='Korean speaking medical clinic in Los Angeles, CA', limit=3, lang=['Korean'], types=['medical_clinic'], override_specialty=None
Đang tìm Google Places cho từ khóa: 'Korean speaking medical clinic in Los Angeles, CA' (loại: medical_clinic) (ngôn ngữ yêu cầu: Korean)...
Tìm thấy 4 cơ sở y tế có website hợp lệ (đã lọc 0 nơi không phải y tế).
Bỏ qua đã tồn tại: Solid Primary Care/주우진 내과
Bỏ qua đã tồn tại: Kheir Clinic Suite 120
Có 2 cơ sở mới. Bắt đầu scrape...
Đang cào dữ liệu: Kheir Clinic...
[*] Scraping URL: http://www.lakheir.org/
[+] Jina Reader: 12615 chars for http://www.lakheir.org/
[!] Playwright failed for http://www.lakheir.org/: BrowserType.launch: Executable doesn't exist at /Users/sam92/Library/Caches/ms-playwright/chromium_headless_shell-1217/chrome-headless-shell-mac-arm64/chrome-headless-shell
╔════════════════════════════════════════════════════════════╗
║ Looks like Playwright was just installed or updated.       ║
║ Please run the following command to download new browsers: ║
║                                                            ║
║     playwright install                                     ║
║                                                            ║
║ <3 Playwright Team                                         ║
╚════════════════════════════════════════════════════════════╝
[*] Extracted 12728 chars via Jina across 1 page(s), 0 JSON-LD schemas, 0 image candidates.
[*] Sending extraction request to OpenRouter (deepseek/deepseek-v4-flash)...
[*] Successfully extracted data for Kheir Clinic
Đang làm giàu Google Places: Kheir Clinic...
[*] Google Places match: Kheir Clinic
[+] Uploaded image to Supabase Storage: https://smkyqdkuablxlexyuhgs.supabase.co/storage/v1/object/public/generated-images/generated-clinics/google-places/kheir-clinic-google-1.webp
[+] Uploaded image to Supabase Storage: https://smkyqdkuablxlexyuhgs.supabase.co/storage/v1/object/public/generated-images/generated-clinics/google-places/kheir-clinic-google-2.webp
[+] Uploaded image to Supabase Storage: https://smkyqdkuablxlexyuhgs.supabase.co/storage/v1/object/public/generated-images/generated-clinics/google-places/kheir-clinic-google-3.webp
[+] Uploaded image to Supabase Storage: https://smkyqdkuablxlexyuhgs.supabase.co/storage/v1/object/public/generated-images/generated-clinics/google-places/kheir-clinic-google-4.webp
[+] Uploaded image to Supabase Storage: https://smkyqdkuablxlexyuhgs.supabase.co/storage/v1/object/public/generated-images/generated-clinics/google-places/kheir-clinic-google-5.webp
[*] Summarizing 5 Google reviews with AI...
[*] Inserted new clinic into DB: Kheir Clinic
✅ Đã lưu: Kheir Clinic
Đang cào dữ liệu: Eastern Medicine Health Clinic...
[*] Scraping URL: http://www.emhealthclinic.com/
[+] Jina Reader: 8325 chars for http://www.emhealthclinic.com/
[!] Playwright failed for http://www.emhealthclinic.com/: BrowserType.launch: Executable doesn't exist at /Users/sam92/Library/Caches/ms-playwright/chromium_headless_shell-1217/chrome-headless-shell-mac-arm64/chrome-headless-shell
╔════════════════════════════════════════════════════════════╗
║ Looks like Playwright was just installed or updated.       ║
║ Please run the following command to download new browsers: ║
║                                                            ║
║     playwright install                                     ║
║                                                            ║
║ <3 Playwright Team                                         ║
╚════════════════════════════════════════════════════════════╝
[*] Extracted 8445 chars via Jina across 1 page(s), 0 JSON-LD schemas, 0 image candidates.
[*] Sending extraction request to OpenRouter (deepseek/deepseek-v4-flash)...
[*] Successfully extracted data for Eastern Medicine Health Clinic (북경의술원)
Đang làm giàu Google Places: Eastern Medicine Health Clinic...
[*] Google Places match: Eastern Medicine Health Clinic
[+] Uploaded image to Supabase Storage: https://smkyqdkuablxlexyuhgs.supabase.co/storage/v1/object/public/generated-images/generated-clinics/google-places/eastern-medicine-health-clinic-google-1.webp
[+] Uploaded image to Supabase Storage: https://smkyqdkuablxlexyuhgs.supabase.co/storage/v1/object/public/generated-images/generated-clinics/google-places/eastern-medicine-health-clinic-google-2.webp
[+] Uploaded image to Supabase Storage: https://smkyqdkuablxlexyuhgs.supabase.co/storage/v1/object/public/generated-images/generated-clinics/google-places/eastern-medicine-health-clinic-google-3.webp
[+] Uploaded image to Supabase Storage: https://smkyqdkuablxlexyuhgs.supabase.co/storage/v1/object/public/generated-images/generated-clinics/google-places/eastern-medicine-health-clinic-google-4.webp
[+] Uploaded image to Supabase Storage: https://smkyqdkuablxlexyuhgs.supabase.co/storage/v1/object/public/generated-images/generated-clinics/google-places/eastern-medicine-health-clinic-google-5.webp
[*] Summarizing 5 Google reviews with AI...
[*] Inserted new clinic into DB: Eastern Medicine Health Clinic (북경의술원)
✅ Đã lưu: Eastern Medicine Health Clinic (북경의술원)
Hoàn tất! Đã lưu 2/3 phòng khám.

>>> Dang chay: query='Chinese speaking medical clinic in Los Angeles, CA', limit=3, lang=['Chinese'], types=['medical_clinic'], override_specialty=None
Đang tìm Google Places cho từ khóa: 'Chinese speaking medical clinic in Los Angeles, CA' (loại: medical_clinic) (ngôn ngữ yêu cầu: Chinese)...
⛔ Bỏ qua (không phải cơ sở y tế): Art Of Chinese Healing | Acupuncture — types: massage
Tìm thấy 3 cơ sở y tế có website hợp lệ (đã lọc 1 nơi không phải y tế).
Có 3 cơ sở mới. Bắt đầu scrape...
Đang cào dữ liệu: Chinese Acupuncture and Herbal Clinic...
[*] Scraping URL: http://chineseacupuncturehc.com/
[+] Jina Reader: 1342 chars for http://chineseacupuncturehc.com/
[!] Playwright failed for http://chineseacupuncturehc.com/: BrowserType.launch: Executable doesn't exist at /Users/sam92/Library/Caches/ms-playwright/chromium_headless_shell-1217/chrome-headless-shell-mac-arm64/chrome-headless-shell
╔════════════════════════════════════════════════════════════╗
║ Looks like Playwright was just installed or updated.       ║
║ Please run the following command to download new browsers: ║
║                                                            ║
║     playwright install                                     ║
║                                                            ║
║ <3 Playwright Team                                         ║
╚════════════════════════════════════════════════════════════╝
[*] Extracted 1464 chars via Jina across 1 page(s), 0 JSON-LD schemas, 0 image candidates.
[*] Sending extraction request to OpenRouter (deepseek/deepseek-v4-flash)...
[*] Successfully extracted data for Chinese Acupuncture and Herbal Clinic
⚠️ Cảnh báo Chinese Acupuncture and Herbal Clinic: website không nhắc đến ngôn ngữ yêu cầu (Chinese). Vẫn giữ lại theo kết quả Google Places (Ngôn ngữ gán: English, Chinese).
Đang làm giàu Google Places: Chinese Acupuncture and Herbal Clinic...
[*] Google Places match: Chinese Acupuncture and Herbal Clinic
[+] Uploaded image to Supabase Storage: https://smkyqdkuablxlexyuhgs.supabase.co/storage/v1/object/public/generated-images/generated-clinics/google-places/chinese-acupuncture-and-herbal-clinic-google-1.webp
[*] Summarizing 2 Google reviews with AI...
[!] AI review summary failed for Chinese Acupuncture and Herbal Clinic: Expecting value: line 1 column 1 (char 0)
[*] Inserted new clinic into DB: Chinese Acupuncture and Herbal Clinic
✅ Đã lưu: Chinese Acupuncture and Herbal Clinic
Đang cào dữ liệu: TCM Healing Center...
[*] Scraping URL: https://www.tcmhealingcenter.com/
[+] Jina Reader: 6407 chars for https://www.tcmhealingcenter.com/
[!] Playwright failed for https://www.tcmhealingcenter.com/: BrowserType.launch: Executable doesn't exist at /Users/sam92/Library/Caches/ms-playwright/chromium_headless_shell-1217/chrome-headless-shell-mac-arm64/chrome-headless-shell
╔════════════════════════════════════════════════════════════╗
║ Looks like Playwright was just installed or updated.       ║
║ Please run the following command to download new browsers: ║
║                                                            ║
║     playwright install                                     ║
║                                                            ║
║ <3 Playwright Team                                         ║
╚════════════════════════════════════════════════════════════╝
[*] Extracted 6530 chars via Jina across 1 page(s), 0 JSON-LD schemas, 0 image candidates.
[*] Sending extraction request to OpenRouter (deepseek/deepseek-v4-flash)...
[*] Successfully extracted data for TCM Healing Center
⚠️ Cảnh báo TCM Healing Center: website không nhắc đến ngôn ngữ yêu cầu (Chinese). Vẫn giữ lại theo kết quả Google Places (Ngôn ngữ gán: English, Chinese).
Đang làm giàu Google Places: TCM Healing Center...
[*] Google Places match: TCM Healing Center
[+] Uploaded image to Supabase Storage: https://smkyqdkuablxlexyuhgs.supabase.co/storage/v1/object/public/generated-images/generated-clinics/google-places/tcm-healing-center-google-1.webp
[+] Uploaded image to Supabase Storage: https://smkyqdkuablxlexyuhgs.supabase.co/storage/v1/object/public/generated-images/generated-clinics/google-places/tcm-healing-center-google-2.webp
[+] Uploaded image to Supabase Storage: https://smkyqdkuablxlexyuhgs.supabase.co/storage/v1/object/public/generated-images/generated-clinics/google-places/tcm-healing-center-google-3.webp
[+] Uploaded image to Supabase Storage: https://smkyqdkuablxlexyuhgs.supabase.co/storage/v1/object/public/generated-images/generated-clinics/google-places/tcm-healing-center-google-4.webp
[+] Uploaded image to Supabase Storage: https://smkyqdkuablxlexyuhgs.supabase.co/storage/v1/object/public/generated-images/generated-clinics/google-places/tcm-healing-center-google-5.webp
[*] Summarizing 5 Google reviews with AI...
[*] Inserted new clinic into DB: TCM Healing Center
✅ Đã lưu: TCM Healing Center
Đang cào dữ liệu: Centro De Medicina China...
[*] Scraping URL: https://m.facebook.com/medicinachinayacupunturahierbaschinas/
[+] Jina Reader: 4061 chars for https://m.facebook.com/medicinachinayacupunturahierbaschinas/
[!] Playwright failed for https://m.facebook.com/medicinachinayacupunturahierbaschinas/: BrowserType.launch: Executable doesn't exist at /Users/sam92/Library/Caches/ms-playwright/chromium_headless_shell-1217/chrome-headless-shell-mac-arm64/chrome-headless-shell
╔════════════════════════════════════════════════════════════╗
║ Looks like Playwright was just installed or updated.       ║
║ Please run the following command to download new browsers: ║
║                                                            ║
║     playwright install                                     ║
║                                                            ║
║ <3 Playwright Team                                         ║
╚════════════════════════════════════════════════════════════╝
[*] Extracted 4212 chars via Jina across 1 page(s), 0 JSON-LD schemas, 0 image candidates.
[*] Sending extraction request to OpenRouter (deepseek/deepseek-v4-flash)...
[*] Successfully extracted data for Centro De Medicina China
⚠️ Cảnh báo Centro De Medicina China: website không nhắc đến ngôn ngữ yêu cầu (Chinese). Vẫn giữ lại theo kết quả Google Places (Ngôn ngữ gán: English, Chinese).
Đang làm giàu Google Places: Centro De Medicina China...
[*] Google Places match: Centro De Medicina China
[+] Uploaded image to Supabase Storage: https://smkyqdkuablxlexyuhgs.supabase.co/storage/v1/object/public/generated-images/generated-clinics/google-places/centro-de-medicina-china-google-1.webp
[+] Uploaded image to Supabase Storage: https://smkyqdkuablxlexyuhgs.supabase.co/storage/v1/object/public/generated-images/generated-clinics/google-places/centro-de-medicina-china-google-2.webp
[+] Uploaded image to Supabase Storage: https://smkyqdkuablxlexyuhgs.supabase.co/storage/v1/object/public/generated-images/generated-clinics/google-places/centro-de-medicina-china-google-3.webp
[+] Uploaded image to Supabase Storage: https://smkyqdkuablxlexyuhgs.supabase.co/storage/v1/object/public/generated-images/generated-clinics/google-places/centro-de-medicina-china-google-4.webp
[+] Uploaded image to Supabase Storage: https://smkyqdkuablxlexyuhgs.supabase.co/storage/v1/object/public/generated-images/generated-clinics/google-places/centro-de-medicina-china-google-5.webp
[*] Summarizing 5 Google reviews with AI...
[*] Inserted new clinic into DB: Centro De Medicina China
✅ Đã lưu: Centro De Medicina China
Hoàn tất! Đã lưu 3/3 phòng khám.

--- CITY: Houston, TX (Goal: 10 clinics) ---

>>> Dang chay: query='Vietnamese speaking medical clinic in Houston, TX', limit=4, lang=['Vietnamese'], types=['medical_clinic'], override_specialty=None
Đang tìm Google Places cho từ khóa: 'Vietnamese speaking medical clinic in Houston, TX' (loại: medical_clinic) (ngôn ngữ yêu cầu: Vietnamese)...
Tìm thấy 3 cơ sở y tế có website hợp lệ (đã lọc 0 nơi không phải y tế).
Bỏ qua đã tồn tại: Clínica Médica Mundo Latino
Có 2 cơ sở mới. Bắt đầu scrape...
Đang cào dữ liệu: Pham Medical Clinic...
[*] Scraping URL: http://www.phammedicalclinic.com/
[+] Jina Reader: 5954 chars for http://www.phammedicalclinic.com/
[!] Playwright failed for http://www.phammedicalclinic.com/: BrowserType.launch: Executable doesn't exist at /Users/sam92/Library/Caches/ms-playwright/chromium_headless_shell-1217/chrome-headless-shell-mac-arm64/chrome-headless-shell
╔════════════════════════════════════════════════════════════╗
║ Looks like Playwright was just installed or updated.       ║
║ Please run the following command to download new browsers: ║
║                                                            ║
║     playwright install                                     ║
║                                                            ║
║ <3 Playwright Team                                         ║
╚════════════════════════════════════════════════════════════╝
[*] Extracted 6077 chars via Jina across 1 page(s), 0 JSON-LD schemas, 0 image candidates.
[*] Sending extraction request to OpenRouter (deepseek/deepseek-v4-flash)...
[*] Successfully extracted data for Pham Medical Clinic
Đang làm giàu Google Places: Pham Medical Clinic...
[*] Google Places match: Pham Medical Clinic
[+] Uploaded image to Supabase Storage: https://smkyqdkuablxlexyuhgs.supabase.co/storage/v1/object/public/generated-images/generated-clinics/google-places/pham-medical-clinic-google-1.webp
[+] Uploaded image to Supabase Storage: https://smkyqdkuablxlexyuhgs.supabase.co/storage/v1/object/public/generated-images/generated-clinics/google-places/pham-medical-clinic-google-2.webp
[+] Uploaded image to Supabase Storage: https://smkyqdkuablxlexyuhgs.supabase.co/storage/v1/object/public/generated-images/generated-clinics/google-places/pham-medical-clinic-google-3.webp
[+] Uploaded image to Supabase Storage: https://smkyqdkuablxlexyuhgs.supabase.co/storage/v1/object/public/generated-images/generated-clinics/google-places/pham-medical-clinic-google-4.webp
[+] Uploaded image to Supabase Storage: https://smkyqdkuablxlexyuhgs.supabase.co/storage/v1/object/public/generated-images/generated-clinics/google-places/pham-medical-clinic-google-5.webp
[*] Summarizing 5 Google reviews with AI...
[*] Inserted new clinic into DB: Pham Medical Clinic
✅ Đã lưu: Pham Medical Clinic
Đang cào dữ liệu: Tuan Nguyen MD - Gessner Medical Center...
[*] Scraping URL: https://gessnermdcenter.com/
[!] Jina Reader failed for https://gessnermdcenter.com/: The read operation timed out
[!] Playwright failed for https://gessnermdcenter.com/: BrowserType.launch: Executable doesn't exist at /Users/sam92/Library/Caches/ms-playwright/chromium_headless_shell-1217/chrome-headless-shell-mac-arm64/chrome-headless-shell
╔════════════════════════════════════════════════════════════╗
║ Looks like Playwright was just installed or updated.       ║
║ Please run the following command to download new browsers: ║
║                                                            ║
║     playwright install                                     ║
║                                                            ║
║ <3 Playwright Team                                         ║
╚════════════════════════════════════════════════════════════╝
Bỏ qua Tuan Nguyen MD - Gessner Medical Center: không lấy được nội dung website.
Hoàn tất! Đã lưu 1/4 phòng khám.

>>> Dang chay: query='Korean speaking medical clinic in Houston, TX', limit=3, lang=['Korean'], types=['medical_clinic'], override_specialty=None
Đang tìm Google Places cho từ khóa: 'Korean speaking medical clinic in Houston, TX' (loại: medical_clinic) (ngôn ngữ yêu cầu: Korean)...
Tìm thấy 4 cơ sở y tế có website hợp lệ (đã lọc 0 nơi không phải y tế).
Có 4 cơ sở mới. Bắt đầu scrape...
Đang cào dữ liệu: Jongoh Kim, MD...
[*] Scraping URL: https://www.endocrine.plus/about/kim
[+] Jina Reader: 420 chars for https://www.endocrine.plus/about/kim
[!] Playwright failed for https://www.endocrine.plus/about/kim: BrowserType.launch: Executable doesn't exist at /Users/sam92/Library/Caches/ms-playwright/chromium_headless_shell-1217/chrome-headless-shell-mac-arm64/chrome-headless-shell
╔════════════════════════════════════════════════════════════╗
║ Looks like Playwright was just installed or updated.       ║
║ Please run the following command to download new browsers: ║
║                                                            ║
║     playwright install                                     ║
║                                                            ║
║ <3 Playwright Team                                         ║
╚════════════════════════════════════════════════════════════╝
[*] Extracted 546 chars via Jina across 1 page(s), 0 JSON-LD schemas, 0 image candidates.
[*] Sending extraction request to OpenRouter (deepseek/deepseek-v4-flash)...
[*] Successfully extracted data for Jongoh Kim, MD
⚠️ Cảnh báo Jongoh Kim, MD: website không nhắc đến ngôn ngữ yêu cầu (Korean). Vẫn giữ lại theo kết quả Google Places (Ngôn ngữ gán: English, Korean).
Đang làm giàu Google Places: Jongoh Kim, MD...
[*] Google Places match: Jongoh Kim, MD
[+] Uploaded image to Supabase Storage: https://smkyqdkuablxlexyuhgs.supabase.co/storage/v1/object/public/generated-images/generated-clinics/google-places/jongoh-kim-md-google-1.webp
[+] Uploaded image to Supabase Storage: https://smkyqdkuablxlexyuhgs.supabase.co/storage/v1/object/public/generated-images/generated-clinics/google-places/jongoh-kim-md-google-2.webp
[+] Uploaded image to Supabase Storage: https://smkyqdkuablxlexyuhgs.supabase.co/storage/v1/object/public/generated-images/generated-clinics/google-places/jongoh-kim-md-google-3.webp
[+] Uploaded image to Supabase Storage: https://smkyqdkuablxlexyuhgs.supabase.co/storage/v1/object/public/generated-images/generated-clinics/google-places/jongoh-kim-md-google-4.webp
[+] Uploaded image to Supabase Storage: https://smkyqdkuablxlexyuhgs.supabase.co/storage/v1/object/public/generated-images/generated-clinics/google-places/jongoh-kim-md-google-5.webp
[*] Summarizing 5 Google reviews with AI...
[*] Inserted new clinic into DB: Jongoh Kim, MD
✅ Đã lưu: Jongoh Kim, MD
Đang cào dữ liệu: Soo Jung Kim, MD...
[*] Scraping URL: https://www.texaschildrens.org/
[+] Jina Reader: 46335 chars for https://www.texaschildrens.org/
[!] Playwright failed for https://www.texaschildrens.org/: BrowserType.launch: Executable doesn't exist at /Users/sam92/Library/Caches/ms-playwright/chromium_headless_shell-1217/chrome-headless-shell-mac-arm64/chrome-headless-shell
╔════════════════════════════════════════════════════════════╗
║ Looks like Playwright was just installed or updated.       ║
║ Please run the following command to download new browsers: ║
║                                                            ║
║     playwright install                                     ║
║                                                            ║
║ <3 Playwright Team                                         ║
╚════════════════════════════════════════════════════════════╝
[*] Extracted 46456 chars via Jina across 1 page(s), 0 JSON-LD schemas, 0 image candidates.
[*] Sending extraction request to OpenRouter (deepseek/deepseek-v4-flash)...
[*] Successfully extracted data for Texas Children's Hospital
⚠️ Cảnh báo Soo Jung Kim, MD: website không nhắc đến ngôn ngữ yêu cầu (Korean). Vẫn giữ lại theo kết quả Google Places (Ngôn ngữ gán: English, Korean).
Đang làm giàu Google Places: Soo Jung Kim, MD...
[*] Google Places match: Texas Children's Hospital - West Tower
[+] Uploaded image to Supabase Storage: https://smkyqdkuablxlexyuhgs.supabase.co/storage/v1/object/public/generated-images/generated-clinics/google-places/texas-childrens-hospital-google-1.webp
[+] Uploaded image to Supabase Storage: https://smkyqdkuablxlexyuhgs.supabase.co/storage/v1/object/public/generated-images/generated-clinics/google-places/texas-childrens-hospital-google-2.webp
[+] Uploaded image to Supabase Storage: https://smkyqdkuablxlexyuhgs.supabase.co/storage/v1/object/public/generated-images/generated-clinics/google-places/texas-childrens-hospital-google-3.webp
[+] Uploaded image to Supabase Storage: https://smkyqdkuablxlexyuhgs.supabase.co/storage/v1/object/public/generated-images/generated-clinics/google-places/texas-childrens-hospital-google-4.webp
[+] Uploaded image to Supabase Storage: https://smkyqdkuablxlexyuhgs.supabase.co/storage/v1/object/public/generated-images/generated-clinics/google-places/texas-childrens-hospital-google-5.webp
[*] Summarizing 5 Google reviews with AI...
[*] Inserted new clinic into DB: Texas Children's Hospital
✅ Đã lưu: Texas Children's Hospital
Đang cào dữ liệu: Green Health Clinic...
[*] Scraping URL: http://www.greenhealthclinic.com/
[+] Jina Reader: 35119 chars for http://www.greenhealthclinic.com/
[!] Playwright failed for http://www.greenhealthclinic.com/: BrowserType.launch: Executable doesn't exist at /Users/sam92/Library/Caches/ms-playwright/chromium_headless_shell-1217/chrome-headless-shell-mac-arm64/chrome-headless-shell
╔════════════════════════════════════════════════════════════╗
║ Looks like Playwright was just installed or updated.       ║
║ Please run the following command to download new browsers: ║
║                                                            ║
║     playwright install                                     ║
║                                                            ║
║ <3 Playwright Team                                         ║
╚════════════════════════════════════════════════════════════╝
[*] Extracted 35242 chars via Jina across 1 page(s), 0 JSON-LD schemas, 0 image candidates.
[*] Sending extraction request to OpenRouter (deepseek/deepseek-v4-flash)...
[*] Successfully extracted data for Green Health Clinic
⚠️ Cảnh báo Green Health Clinic: website không nhắc đến ngôn ngữ yêu cầu (Korean). Vẫn giữ lại theo kết quả Google Places (Ngôn ngữ gán: English, Korean).
Đang làm giàu Google Places: Green Health Clinic...
[*] Google Places match: Green Health Clinic
[+] Uploaded image to Supabase Storage: https://smkyqdkuablxlexyuhgs.supabase.co/storage/v1/object/public/generated-images/generated-clinics/google-places/green-health-clinic-google-1.webp
[+] Uploaded image to Supabase Storage: https://smkyqdkuablxlexyuhgs.supabase.co/storage/v1/object/public/generated-images/generated-clinics/google-places/green-health-clinic-google-2.webp
[+] Uploaded image to Supabase Storage: https://smkyqdkuablxlexyuhgs.supabase.co/storage/v1/object/public/generated-images/generated-clinics/google-places/green-health-clinic-google-3.webp
[+] Uploaded image to Supabase Storage: https://smkyqdkuablxlexyuhgs.supabase.co/storage/v1/object/public/generated-images/generated-clinics/google-places/green-health-clinic-google-4.webp
[+] Uploaded image to Supabase Storage: https://smkyqdkuablxlexyuhgs.supabase.co/storage/v1/object/public/generated-images/generated-clinics/google-places/green-health-clinic-google-5.webp
[*] Summarizing 5 Google reviews with AI...
[*] Inserted new clinic into DB: Green Health Clinic
✅ Đã lưu: Green Health Clinic
Hoàn tất! Đã lưu 3/3 phòng khám.

>>> Dang chay: query='Chinese speaking medical clinic in Houston, TX', limit=3, lang=['Chinese'], types=['medical_clinic'], override_specialty=None
Đang tìm Google Places cho từ khóa: 'Chinese speaking medical clinic in Houston, TX' (loại: medical_clinic) (ngôn ngữ yêu cầu: Chinese)...
⛔ Bỏ qua (không phải cơ sở y tế): Eastern Balance Traditional Chinese Medicine - The Heights — types: massage
⛔ Bỏ qua (không phải cơ sở y tế): Eastern Balance Oriental Medicine — types: massage
Tìm thấy 3 cơ sở y tế có website hợp lệ (đã lọc 2 nơi không phải y tế).
Có 3 cơ sở mới. Bắt đầu scrape...
Đang cào dữ liệu: Top Acupuncture Clinic...
[*] Scraping URL: https://acupuncturisthoustontx.com/
[+] Jina Reader: 9440 chars for https://acupuncturisthoustontx.com/
[!] Playwright failed for https://acupuncturisthoustontx.com/: BrowserType.launch: Executable doesn't exist at /Users/sam92/Library/Caches/ms-playwright/chromium_headless_shell-1217/chrome-headless-shell-mac-arm64/chrome-headless-shell
╔════════════════════════════════════════════════════════════╗
║ Looks like Playwright was just installed or updated.       ║
║ Please run the following command to download new browsers: ║
║                                                            ║
║     playwright install                                     ║
║                                                            ║
║ <3 Playwright Team                                         ║
╚════════════════════════════════════════════════════════════╝
[*] Extracted 9565 chars via Jina across 1 page(s), 0 JSON-LD schemas, 0 image candidates.
[*] Sending extraction request to OpenRouter (deepseek/deepseek-v4-flash)...
[*] Successfully extracted data for Top Acupuncture Clinic
⚠️ Cảnh báo Top Acupuncture Clinic: website không nhắc đến ngôn ngữ yêu cầu (Chinese). Vẫn giữ lại theo kết quả Google Places (Ngôn ngữ gán: English, Chinese).
Đang làm giàu Google Places: Top Acupuncture Clinic...
[*] Google Places match: Top Acupuncture Clinic
[+] Uploaded image to Supabase Storage: https://smkyqdkuablxlexyuhgs.supabase.co/storage/v1/object/public/generated-images/generated-clinics/google-places/top-acupuncture-clinic-google-1.webp
[+] Uploaded image to Supabase Storage: https://smkyqdkuablxlexyuhgs.supabase.co/storage/v1/object/public/generated-images/generated-clinics/google-places/top-acupuncture-clinic-google-2.webp
[+] Uploaded image to Supabase Storage: https://smkyqdkuablxlexyuhgs.supabase.co/storage/v1/object/public/generated-images/generated-clinics/google-places/top-acupuncture-clinic-google-3.webp
[+] Uploaded image to Supabase Storage: https://smkyqdkuablxlexyuhgs.supabase.co/storage/v1/object/public/generated-images/generated-clinics/google-places/top-acupuncture-clinic-google-4.webp
[+] Uploaded image to Supabase Storage: https://smkyqdkuablxlexyuhgs.supabase.co/storage/v1/object/public/generated-images/generated-clinics/google-places/top-acupuncture-clinic-google-5.webp
[*] Summarizing 5 Google reviews with AI...
[!] AI review summary failed for Top Acupuncture Clinic: Expecting value: line 1 column 1 (char 0)
[*] Inserted new clinic into DB: Top Acupuncture Clinic
✅ Đã lưu: Top Acupuncture Clinic
Đang cào dữ liệu: TCM Acupuncture & Herbs dermatology...
[*] Scraping URL: https://www.acupunctureherbshouston.com/
[+] Jina Reader: 10307 chars for https://www.acupunctureherbshouston.com/
[!] Playwright failed for https://www.acupunctureherbshouston.com/: BrowserType.launch: Executable doesn't exist at /Users/sam92/Library/Caches/ms-playwright/chromium_headless_shell-1217/chrome-headless-shell-mac-arm64/chrome-headless-shell
╔════════════════════════════════════════════════════════════╗
║ Looks like Playwright was just installed or updated.       ║
║ Please run the following command to download new browsers: ║
║                                                            ║
║     playwright install                                     ║
║                                                            ║
║ <3 Playwright Team                                         ║
╚════════════════════════════════════════════════════════════╝
[*] Extracted 10437 chars via Jina across 1 page(s), 0 JSON-LD schemas, 0 image candidates.
[*] Sending extraction request to OpenRouter (deepseek/deepseek-v4-flash)...
[*] Successfully extracted data for TCM Acupuncture & Herbs
Đang làm giàu Google Places: TCM Acupuncture & Herbs dermatology...
[*] Google Places match: TCM Acupuncture & Herbs dermatology
[+] Uploaded image to Supabase Storage: https://smkyqdkuablxlexyuhgs.supabase.co/storage/v1/object/public/generated-images/generated-clinics/google-places/tcm-acupuncture-herbs-google-1.webp
[+] Uploaded image to Supabase Storage: https://smkyqdkuablxlexyuhgs.supabase.co/storage/v1/object/public/generated-images/generated-clinics/google-places/tcm-acupuncture-herbs-google-2.webp
[+] Uploaded image to Supabase Storage: https://smkyqdkuablxlexyuhgs.supabase.co/storage/v1/object/public/generated-images/generated-clinics/google-places/tcm-acupuncture-herbs-google-3.webp
[+] Uploaded image to Supabase Storage: https://smkyqdkuablxlexyuhgs.supabase.co/storage/v1/object/public/generated-images/generated-clinics/google-places/tcm-acupuncture-herbs-google-4.webp
[+] Uploaded image to Supabase Storage: https://smkyqdkuablxlexyuhgs.supabase.co/storage/v1/object/public/generated-images/generated-clinics/google-places/tcm-acupuncture-herbs-google-5.webp
[*] Summarizing 5 Google reviews with AI...
[*] Inserted new clinic into DB: TCM Acupuncture & Herbs
✅ Đã lưu: TCM Acupuncture & Herbs
Đang cào dữ liệu: Acupuncture Herbal and Natural Therapy正本中医疑难病诊所...
[*] Scraping URL: http://acupunctureherbalnaturetherapy.com/
[+] Jina Reader: 6425 chars for http://acupunctureherbalnaturetherapy.com/
[!] Playwright failed for http://acupunctureherbalnaturetherapy.com/: BrowserType.launch: Executable doesn't exist at /Users/sam92/Library/Caches/ms-playwright/chromium_headless_shell-1217/chrome-headless-shell-mac-arm64/chrome-headless-shell
╔════════════════════════════════════════════════════════════╗
║ Looks like Playwright was just installed or updated.       ║
║ Please run the following command to download new browsers: ║
║                                                            ║
║     playwright install                                     ║
║                                                            ║
║ <3 Playwright Team                                         ║
╚════════════════════════════════════════════════════════════╝
[*] Extracted 6557 chars via Jina across 1 page(s), 0 JSON-LD schemas, 0 image candidates.
[*] Sending extraction request to OpenRouter (deepseek/deepseek-v4-flash)...
[*] Successfully extracted data for Acupuncture Herbal and Natural Therapy正本中医疑难病诊所
Đang làm giàu Google Places: Acupuncture Herbal and Natural Therapy正本中医疑难病诊所...
[*] Google Places match: Acupuncture Herbal and Natural Therapy正本中医疑难病诊所
[+] Uploaded image to Supabase Storage: https://smkyqdkuablxlexyuhgs.supabase.co/storage/v1/object/public/generated-images/generated-clinics/google-places/acupuncture-herbal-and-natural-therapy-google-1.webp
[+] Uploaded image to Supabase Storage: https://smkyqdkuablxlexyuhgs.supabase.co/storage/v1/object/public/generated-images/generated-clinics/google-places/acupuncture-herbal-and-natural-therapy-google-2.webp
[+] Uploaded image to Supabase Storage: https://smkyqdkuablxlexyuhgs.supabase.co/storage/v1/object/public/generated-images/generated-clinics/google-places/acupuncture-herbal-and-natural-therapy-google-3.webp
[+] Uploaded image to Supabase Storage: https://smkyqdkuablxlexyuhgs.supabase.co/storage/v1/object/public/generated-images/generated-clinics/google-places/acupuncture-herbal-and-natural-therapy-google-4.webp
[+] Uploaded image to Supabase Storage: https://smkyqdkuablxlexyuhgs.supabase.co/storage/v1/object/public/generated-images/generated-clinics/google-places/acupuncture-herbal-and-natural-therapy-google-5.webp
[*] Summarizing 5 Google reviews with AI...
[*] Inserted new clinic into DB: Acupuncture Herbal and Natural Therapy正本中医疑难病诊所
✅ Đã lưu: Acupuncture Herbal and Natural Therapy正本中医疑难病诊所
Hoàn tất! Đã lưu 3/3 phòng khám.

--- CITY: San Jose, CA (Goal: 10 clinics) ---

>>> Dang chay: query='Vietnamese speaking medical clinic in San Jose, CA', limit=4, lang=['Vietnamese'], types=['medical_clinic'], override_specialty=None
Đang tìm Google Places cho từ khóa: 'Vietnamese speaking medical clinic in San Jose, CA' (loại: medical_clinic) (ngôn ngữ yêu cầu: Vietnamese)...
Tìm thấy 5 cơ sở y tế có website hợp lệ (đã lọc 0 nơi không phải y tế).
Có 5 cơ sở mới. Bắt đầu scrape...
Đang cào dữ liệu: Vietnamese American Service Center (VASC)...
[*] Scraping URL: http://vasc.sccgov.org/
[+] Jina Reader: 795 chars for http://vasc.sccgov.org/
[!] Playwright failed for http://vasc.sccgov.org/: BrowserType.launch: Executable doesn't exist at /Users/sam92/Library/Caches/ms-playwright/chromium_headless_shell-1217/chrome-headless-shell-mac-arm64/chrome-headless-shell
╔════════════════════════════════════════════════════════════╗
║ Looks like Playwright was just installed or updated.       ║
║ Please run the following command to download new browsers: ║
║                                                            ║
║     playwright install                                     ║
║                                                            ║
║ <3 Playwright Team                                         ║
╚════════════════════════════════════════════════════════════╝
[*] Extracted 908 chars via Jina across 1 page(s), 0 JSON-LD schemas, 0 image candidates.
[*] Sending extraction request to OpenRouter (deepseek/deepseek-v4-flash)...
[*] Successfully extracted data for Vietnamese American Service Center (VASC)
⚠️ Cảnh báo Vietnamese American Service Center (VASC): website không nhắc đến ngôn ngữ yêu cầu (Vietnamese). Vẫn giữ lại theo kết quả Google Places (Ngôn ngữ gán: English, Vietnamese).
Đang làm giàu Google Places: Vietnamese American Service Center (VASC)...
[*] Google Places match: Vietnamese American Service Center (VASC)
[+] Uploaded image to Supabase Storage: https://smkyqdkuablxlexyuhgs.supabase.co/storage/v1/object/public/generated-images/generated-clinics/google-places/vietnamese-american-service-center-vasc-google-1.webp
[+] Uploaded image to Supabase Storage: https://smkyqdkuablxlexyuhgs.supabase.co/storage/v1/object/public/generated-images/generated-clinics/google-places/vietnamese-american-service-center-vasc-google-2.webp
[+] Uploaded image to Supabase Storage: https://smkyqdkuablxlexyuhgs.supabase.co/storage/v1/object/public/generated-images/generated-clinics/google-places/vietnamese-american-service-center-vasc-google-3.webp
[+] Uploaded image to Supabase Storage: https://smkyqdkuablxlexyuhgs.supabase.co/storage/v1/object/public/generated-images/generated-clinics/google-places/vietnamese-american-service-center-vasc-google-4.webp
[+] Uploaded image to Supabase Storage: https://smkyqdkuablxlexyuhgs.supabase.co/storage/v1/object/public/generated-images/generated-clinics/google-places/vietnamese-american-service-center-vasc-google-5.webp
[*] Summarizing 5 Google reviews with AI...
[!] AI review summary failed for Vietnamese American Service Center (VASC): Expecting value: line 1 column 1 (char 0)
[*] Inserted new clinic into DB: Vietnamese American Service Center (VASC)
✅ Đã lưu: Vietnamese American Service Center (VASC)
Đang cào dữ liệu: Inovi Care by Lan Do, MD and Michael Le, MD...
[*] Scraping URL: https://www.inovicare.com/
[+] Jina Reader: 16603 chars for https://www.inovicare.com/
[!] Playwright failed for https://www.inovicare.com/: BrowserType.launch: Executable doesn't exist at /Users/sam92/Library/Caches/ms-playwright/chromium_headless_shell-1217/chrome-headless-shell-mac-arm64/chrome-headless-shell
╔════════════════════════════════════════════════════════════╗
║ Looks like Playwright was just installed or updated.       ║
║ Please run the following command to download new browsers: ║
║                                                            ║
║     playwright install                                     ║
║                                                            ║
║ <3 Playwright Team                                         ║
╚════════════════════════════════════════════════════════════╝
[*] Extracted 16719 chars via Jina across 1 page(s), 0 JSON-LD schemas, 0 image candidates.
[*] Sending extraction request to OpenRouter (deepseek/deepseek-v4-flash)...
[*] Successfully extracted data for Inovi Care by Lan Do, MD and Michael Le, MD
Đang làm giàu Google Places: Inovi Care by Lan Do, MD and Michael Le, MD...
[*] Google Places match: Inovi Care by Lan Do, MD and Michael Le, MD
[+] Uploaded image to Supabase Storage: https://smkyqdkuablxlexyuhgs.supabase.co/storage/v1/object/public/generated-images/generated-clinics/google-places/inovi-care-by-lan-do-md-and-michael-le-md-google-1.webp
[+] Uploaded image to Supabase Storage: https://smkyqdkuablxlexyuhgs.supabase.co/storage/v1/object/public/generated-images/generated-clinics/google-places/inovi-care-by-lan-do-md-and-michael-le-md-google-2.webp
[+] Uploaded image to Supabase Storage: https://smkyqdkuablxlexyuhgs.supabase.co/storage/v1/object/public/generated-images/generated-clinics/google-places/inovi-care-by-lan-do-md-and-michael-le-md-google-3.webp
[+] Uploaded image to Supabase Storage: https://smkyqdkuablxlexyuhgs.supabase.co/storage/v1/object/public/generated-images/generated-clinics/google-places/inovi-care-by-lan-do-md-and-michael-le-md-google-4.webp
[+] Uploaded image to Supabase Storage: https://smkyqdkuablxlexyuhgs.supabase.co/storage/v1/object/public/generated-images/generated-clinics/google-places/inovi-care-by-lan-do-md-and-michael-le-md-google-5.webp
[*] Summarizing 5 Google reviews with AI...
[*] Inserted new clinic into DB: Inovi Care by Lan Do, MD and Michael Le, MD
✅ Đã lưu: Inovi Care by Lan Do, MD and Michael Le, MD
Đang cào dữ liệu: North East Medical Services (NEMS) - 1870 Lundy Clinic...
[*] Scraping URL: https://nems.org/about-us/#locations
[+] Jina Reader: 46283 chars for https://nems.org/about-us/#locations
[!] Playwright failed for https://nems.org/about-us/#locations: BrowserType.launch: Executable doesn't exist at /Users/sam92/Library/Caches/ms-playwright/chromium_headless_shell-1217/chrome-headless-shell-mac-arm64/chrome-headless-shell
╔════════════════════════════════════════════════════════════╗
║ Looks like Playwright was just installed or updated.       ║
║ Please run the following command to download new browsers: ║
║                                                            ║
║     playwright install                                     ║
║                                                            ║
║ <3 Playwright Team                                         ║
╚════════════════════════════════════════════════════════════╝
[*] Extracted 46409 chars via Jina across 1 page(s), 0 JSON-LD schemas, 0 image candidates.
[*] Sending extraction request to OpenRouter (deepseek/deepseek-v4-flash)...
[*] Successfully extracted data for North East Medical Services (NEMS) - 1870 Lundy Clinic
Đang làm giàu Google Places: North East Medical Services (NEMS) - 1870 Lundy Clinic...
[*] Google Places match: North East Medical Services (NEMS) - 1870 Lundy Clinic
[+] Uploaded image to Supabase Storage: https://smkyqdkuablxlexyuhgs.supabase.co/storage/v1/object/public/generated-images/generated-clinics/google-places/north-east-medical-services-nems-1870-lundy-clinic-google-1.webp
[+] Uploaded image to Supabase Storage: https://smkyqdkuablxlexyuhgs.supabase.co/storage/v1/object/public/generated-images/generated-clinics/google-places/north-east-medical-services-nems-1870-lundy-clinic-google-2.webp
[+] Uploaded image to Supabase Storage: https://smkyqdkuablxlexyuhgs.supabase.co/storage/v1/object/public/generated-images/generated-clinics/google-places/north-east-medical-services-nems-1870-lundy-clinic-google-3.webp
[+] Uploaded image to Supabase Storage: https://smkyqdkuablxlexyuhgs.supabase.co/storage/v1/object/public/generated-images/generated-clinics/google-places/north-east-medical-services-nems-1870-lundy-clinic-google-4.webp
[+] Uploaded image to Supabase Storage: https://smkyqdkuablxlexyuhgs.supabase.co/storage/v1/object/public/generated-images/generated-clinics/google-places/north-east-medical-services-nems-1870-lundy-clinic-google-5.webp
[*] Summarizing 5 Google reviews with AI...
[!] AI review summary failed for North East Medical Services (NEMS) - 1870 Lundy Clinic: Expecting value: line 1 column 1 (char 0)
[*] Inserted new clinic into DB: North East Medical Services (NEMS) - 1870 Lundy Clinic
✅ Đã lưu: North East Medical Services (NEMS) - 1870 Lundy Clinic
Đang cào dữ liệu: I693Clinic...
[*] Scraping URL: https://www.i693clinic.com/
[+] Jina Reader: 10253 chars for https://www.i693clinic.com/
[!] Playwright failed for https://www.i693clinic.com/: BrowserType.launch: Executable doesn't exist at /Users/sam92/Library/Caches/ms-playwright/chromium_headless_shell-1217/chrome-headless-shell-mac-arm64/chrome-headless-shell
╔════════════════════════════════════════════════════════════╗
║ Looks like Playwright was just installed or updated.       ║
║ Please run the following command to download new browsers: ║
║                                                            ║
║     playwright install                                     ║
║                                                            ║
║ <3 Playwright Team                                         ║
╚════════════════════════════════════════════════════════════╝
[*] Extracted 10370 chars via Jina across 1 page(s), 0 JSON-LD schemas, 0 image candidates.
[*] Sending extraction request to OpenRouter (deepseek/deepseek-v4-flash)...
[*] Successfully extracted data for I693 Clinic
⚠️ Cảnh báo I693Clinic: website không nhắc đến ngôn ngữ yêu cầu (Vietnamese). Vẫn giữ lại theo kết quả Google Places (Ngôn ngữ gán: Hindi, Spanish, Marathi, English, Korean, Chinese, Gujarati, Punjabi, Vietnamese).
Đang làm giàu Google Places: I693Clinic...
[*] Google Places match: I693Clinic
[+] Uploaded image to Supabase Storage: https://smkyqdkuablxlexyuhgs.supabase.co/storage/v1/object/public/generated-images/generated-clinics/google-places/i693-clinic-google-1.webp
[+] Uploaded image to Supabase Storage: https://smkyqdkuablxlexyuhgs.supabase.co/storage/v1/object/public/generated-images/generated-clinics/google-places/i693-clinic-google-2.webp
[+] Uploaded image to Supabase Storage: https://smkyqdkuablxlexyuhgs.supabase.co/storage/v1/object/public/generated-images/generated-clinics/google-places/i693-clinic-google-3.webp
[+] Uploaded image to Supabase Storage: https://smkyqdkuablxlexyuhgs.supabase.co/storage/v1/object/public/generated-images/generated-clinics/google-places/i693-clinic-google-4.webp
[*] Summarizing 5 Google reviews with AI...
[*] Inserted new clinic into DB: I693 Clinic
✅ Đã lưu: I693 Clinic
Hoàn tất! Đã lưu 4/4 phòng khám.

>>> Dang chay: query='Korean speaking medical clinic in San Jose, CA', limit=3, lang=['Korean'], types=['medical_clinic'], override_specialty=None
Đang tìm Google Places cho từ khóa: 'Korean speaking medical clinic in San Jose, CA' (loại: medical_clinic) (ngôn ngữ yêu cầu: Korean)...
⛔ Bỏ qua (không phải cơ sở y tế): Yun Esthetics -윤 korean 스킨케어 — types: spa
Tìm thấy 4 cơ sở y tế có website hợp lệ (đã lọc 1 nơi không phải y tế).
Bỏ qua đã tồn tại: I693Clinic
Có 3 cơ sở mới. Bắt đầu scrape...
Đang cào dữ liệu: 수 한의원 산타클라라, SOO Korean Medicine & Acu Center...
[*] Scraping URL: https://sookoreanmedi.com/
[+] Jina Reader: 3451 chars for https://sookoreanmedi.com/
[!] Playwright failed for https://sookoreanmedi.com/: BrowserType.launch: Executable doesn't exist at /Users/sam92/Library/Caches/ms-playwright/chromium_headless_shell-1217/chrome-headless-shell-mac-arm64/chrome-headless-shell
╔════════════════════════════════════════════════════════════╗
║ Looks like Playwright was just installed or updated.       ║
║ Please run the following command to download new browsers: ║
║                                                            ║
║     playwright install                                     ║
║                                                            ║
║ <3 Playwright Team                                         ║
╚════════════════════════════════════════════════════════════╝
[*] Extracted 3567 chars via Jina across 1 page(s), 0 JSON-LD schemas, 0 image candidates.
[*] Sending extraction request to OpenRouter (deepseek/deepseek-v4-flash)...
[*] Successfully extracted data for SOO Korean Medicine & Acupuncture Center
⚠️ Cảnh báo 수 한의원 산타클라라, SOO Korean Medicine & Acu Center: website không nhắc đến ngôn ngữ yêu cầu (Korean). Vẫn giữ lại theo kết quả Google Places (Ngôn ngữ gán: English, Korean).
Đang làm giàu Google Places: 수 한의원 산타클라라, SOO Korean Medicine & Acu Center...
[*] Google Places match: 수 한의원 산타클라라, SOO Korean Medicine & Acu Center
[+] Uploaded image to Supabase Storage: https://smkyqdkuablxlexyuhgs.supabase.co/storage/v1/object/public/generated-images/generated-clinics/google-places/soo-korean-medicine-acupuncture-center-google-1.webp
[+] Uploaded image to Supabase Storage: https://smkyqdkuablxlexyuhgs.supabase.co/storage/v1/object/public/generated-images/generated-clinics/google-places/soo-korean-medicine-acupuncture-center-google-2.webp
[+] Uploaded image to Supabase Storage: https://smkyqdkuablxlexyuhgs.supabase.co/storage/v1/object/public/generated-images/generated-clinics/google-places/soo-korean-medicine-acupuncture-center-google-3.webp
[+] Uploaded image to Supabase Storage: https://smkyqdkuablxlexyuhgs.supabase.co/storage/v1/object/public/generated-images/generated-clinics/google-places/soo-korean-medicine-acupuncture-center-google-4.webp
[+] Uploaded image to Supabase Storage: https://smkyqdkuablxlexyuhgs.supabase.co/storage/v1/object/public/generated-images/generated-clinics/google-places/soo-korean-medicine-acupuncture-center-google-5.webp
[*] Summarizing 5 Google reviews with AI...
[*] Inserted new clinic into DB: SOO Korean Medicine & Acupuncture Center
✅ Đã lưu: SOO Korean Medicine & Acupuncture Center
Đang cào dữ liệu: Kyunghee Healing Korean Medicine & Chiropractic 경희 힐링 한의원 & 척추교정...
[*] Scraping URL: http://www.kyungheehealing.com/
[+] Jina Reader: 24960 chars for http://www.kyungheehealing.com/
[!] Playwright failed for http://www.kyungheehealing.com/: BrowserType.launch: Executable doesn't exist at /Users/sam92/Library/Caches/ms-playwright/chromium_headless_shell-1217/chrome-headless-shell-mac-arm64/chrome-headless-shell
╔════════════════════════════════════════════════════════════╗
║ Looks like Playwright was just installed or updated.       ║
║ Please run the following command to download new browsers: ║
║                                                            ║
║     playwright install                                     ║
║                                                            ║
║ <3 Playwright Team                                         ║
╚════════════════════════════════════════════════════════════╝
[*] Extracted 25081 chars via Jina across 1 page(s), 0 JSON-LD schemas, 0 image candidates.
[*] Sending extraction request to OpenRouter (deepseek/deepseek-v4-flash)...
[*] Successfully extracted data for Kyunghee Healing Korean Medicine & Chiropractic 경희 힐링 한의원 & 척추교정
Đang làm giàu Google Places: Kyunghee Healing Korean Medicine & Chiropractic 경희 힐링 한의원 & 척추교정...
[*] Google Places match: Kyunghee Healing Korean Medicine & Chiropractic 경희 힐링 한의원 & 척추교정
[+] Uploaded image to Supabase Storage: https://smkyqdkuablxlexyuhgs.supabase.co/storage/v1/object/public/generated-images/generated-clinics/google-places/kyunghee-healing-korean-medicine-chiropractic-google-1.webp
[+] Uploaded image to Supabase Storage: https://smkyqdkuablxlexyuhgs.supabase.co/storage/v1/object/public/generated-images/generated-clinics/google-places/kyunghee-healing-korean-medicine-chiropractic-google-2.webp
[+] Uploaded image to Supabase Storage: https://smkyqdkuablxlexyuhgs.supabase.co/storage/v1/object/public/generated-images/generated-clinics/google-places/kyunghee-healing-korean-medicine-chiropractic-google-3.webp
[+] Uploaded image to Supabase Storage: https://smkyqdkuablxlexyuhgs.supabase.co/storage/v1/object/public/generated-images/generated-clinics/google-places/kyunghee-healing-korean-medicine-chiropractic-google-4.webp
[+] Uploaded image to Supabase Storage: https://smkyqdkuablxlexyuhgs.supabase.co/storage/v1/object/public/generated-images/generated-clinics/google-places/kyunghee-healing-korean-medicine-chiropractic-google-5.webp
[*] Summarizing 5 Google reviews with AI...
[!] AI review summary failed for Kyunghee Healing Korean Medicine & Chiropractic 경희 힐링 한의원 & 척추교정: Expecting value: line 1 column 1 (char 0)
[*] Inserted new clinic into DB: Kyunghee Healing Korean Medicine & Chiropractic 경희 힐링 한의원 & 척추교정
✅ Đã lưu: Kyunghee Healing Korean Medicine & Chiropractic 경희 힐링 한의원 & 척추교정
Đang cào dữ liệu: Korean Skin Theory...
[*] Scraping URL: http://www.koreanskintheory.com/
[!] Jina Reader failed for http://www.koreanskintheory.com/: The read operation timed out
[!] Playwright failed for http://www.koreanskintheory.com/: BrowserType.launch: Executable doesn't exist at /Users/sam92/Library/Caches/ms-playwright/chromium_headless_shell-1217/chrome-headless-shell-mac-arm64/chrome-headless-shell
╔════════════════════════════════════════════════════════════╗
║ Looks like Playwright was just installed or updated.       ║
║ Please run the following command to download new browsers: ║
║                                                            ║
║     playwright install                                     ║
║                                                            ║
║ <3 Playwright Team                                         ║
╚════════════════════════════════════════════════════════════╝
Bỏ qua Korean Skin Theory: không lấy được nội dung website.
Hoàn tất! Đã lưu 2/3 phòng khám.

>>> Dang chay: query='Chinese speaking medical clinic in San Jose, CA', limit=3, lang=['Chinese'], types=['medical_clinic'], override_specialty=None
Đang tìm Google Places cho từ khóa: 'Chinese speaking medical clinic in San Jose, CA' (loại: medical_clinic) (ngôn ngữ yêu cầu: Chinese)...
⛔ Bỏ qua (không phải cơ sở y tế): Box Acupuncture Traditional Chinese Medicine — types: spa, massage
Tìm thấy 4 cơ sở y tế có website hợp lệ (đã lọc 1 nơi không phải y tế).
Có 4 cơ sở mới. Bắt đầu scrape...
Đang cào dữ liệu: Hong Wei Medical Group...
[*] Scraping URL: https://hongweimedicalgroup.com/
[+] Jina Reader: 12597 chars for https://hongweimedicalgroup.com/
[!] Playwright failed for https://hongweimedicalgroup.com/: BrowserType.launch: Executable doesn't exist at /Users/sam92/Library/Caches/ms-playwright/chromium_headless_shell-1217/chrome-headless-shell-mac-arm64/chrome-headless-shell
╔════════════════════════════════════════════════════════════╗
║ Looks like Playwright was just installed or updated.       ║
║ Please run the following command to download new browsers: ║
║                                                            ║
║     playwright install                                     ║
║                                                            ║
║ <3 Playwright Team                                         ║
╚════════════════════════════════════════════════════════════╝
[*] Extracted 12719 chars via Jina across 1 page(s), 0 JSON-LD schemas, 0 image candidates.
[*] Sending extraction request to OpenRouter (deepseek/deepseek-v4-flash)...
[*] Successfully extracted data for Hong Wei Medical Group
⚠️ Cảnh báo Hong Wei Medical Group: website không nhắc đến ngôn ngữ yêu cầu (Chinese). Vẫn giữ lại theo kết quả Google Places (Ngôn ngữ gán: English, Chinese).
Đang làm giàu Google Places: Hong Wei Medical Group...
[*] Google Places match: Hongwei Medical Group
[+] Uploaded image to Supabase Storage: https://smkyqdkuablxlexyuhgs.supabase.co/storage/v1/object/public/generated-images/generated-clinics/google-places/hong-wei-medical-group-google-1.webp
[+] Uploaded image to Supabase Storage: https://smkyqdkuablxlexyuhgs.supabase.co/storage/v1/object/public/generated-images/generated-clinics/google-places/hong-wei-medical-group-google-2.webp
[+] Uploaded image to Supabase Storage: https://smkyqdkuablxlexyuhgs.supabase.co/storage/v1/object/public/generated-images/generated-clinics/google-places/hong-wei-medical-group-google-3.webp
[+] Uploaded image to Supabase Storage: https://smkyqdkuablxlexyuhgs.supabase.co/storage/v1/object/public/generated-images/generated-clinics/google-places/hong-wei-medical-group-google-4.webp
[+] Uploaded image to Supabase Storage: https://smkyqdkuablxlexyuhgs.supabase.co/storage/v1/object/public/generated-images/generated-clinics/google-places/hong-wei-medical-group-google-5.webp
[*] Summarizing 5 Google reviews with AI...
[*] Inserted new clinic into DB: Hong Wei Medical Group
✅ Đã lưu: Hong Wei Medical Group
Đang cào dữ liệu: Acupuncture China San Jose...
[*] Scraping URL: https://acupuncturechinasanjose.com/
[+] Jina Reader: 20350 chars for https://acupuncturechinasanjose.com/
[!] Playwright failed for https://acupuncturechinasanjose.com/: BrowserType.launch: Executable doesn't exist at /Users/sam92/Library/Caches/ms-playwright/chromium_headless_shell-1217/chrome-headless-shell-mac-arm64/chrome-headless-shell
╔════════════════════════════════════════════════════════════╗
║ Looks like Playwright was just installed or updated.       ║
║ Please run the following command to download new browsers: ║
║                                                            ║
║     playwright install                                     ║
║                                                            ║
║ <3 Playwright Team                                         ║
╚════════════════════════════════════════════════════════════╝
[*] Extracted 20476 chars via Jina across 1 page(s), 0 JSON-LD schemas, 0 image candidates.
[*] Sending extraction request to OpenRouter (deepseek/deepseek-v4-flash)...
[*] Successfully extracted data for Acupuncture China San Jose
Đang làm giàu Google Places: Acupuncture China San Jose...
[*] Google Places match: Acupuncture China San Jose
[+] Uploaded image to Supabase Storage: https://smkyqdkuablxlexyuhgs.supabase.co/storage/v1/object/public/generated-images/generated-clinics/google-places/acupuncture-china-san-jose-google-1.webp
[+] Uploaded image to Supabase Storage: https://smkyqdkuablxlexyuhgs.supabase.co/storage/v1/object/public/generated-images/generated-clinics/google-places/acupuncture-china-san-jose-google-2.webp
[*] Summarizing 5 Google reviews with AI...
[*] Inserted new clinic into DB: Acupuncture China San Jose
✅ Đã lưu: Acupuncture China San Jose
Đang cào dữ liệu: Oriental Healthcare Center...
[*] Scraping URL: http://orientalhealingcenterusa.com/
[+] Jina Reader: 5946 chars for http://orientalhealingcenterusa.com/
[!] Playwright failed for http://orientalhealingcenterusa.com/: BrowserType.launch: Executable doesn't exist at /Users/sam92/Library/Caches/ms-playwright/chromium_headless_shell-1217/chrome-headless-shell-mac-arm64/chrome-headless-shell
╔════════════════════════════════════════════════════════════╗
║ Looks like Playwright was just installed or updated.       ║
║ Please run the following command to download new browsers: ║
║                                                            ║
║     playwright install                                     ║
║                                                            ║
║ <3 Playwright Team                                         ║
╚════════════════════════════════════════════════════════════╝
[*] Extracted 6072 chars via Jina across 1 page(s), 0 JSON-LD schemas, 0 image candidates.
[*] Sending extraction request to OpenRouter (deepseek/deepseek-v4-flash)...
[*] Successfully extracted data for Oriental Healing Center
Đang làm giàu Google Places: Oriental Healthcare Center...
[*] Google Places match: Oriental Healthcare Center
[+] Uploaded image to Supabase Storage: https://smkyqdkuablxlexyuhgs.supabase.co/storage/v1/object/public/generated-images/generated-clinics/google-places/oriental-healing-center-google-1.webp
[+] Uploaded image to Supabase Storage: https://smkyqdkuablxlexyuhgs.supabase.co/storage/v1/object/public/generated-images/generated-clinics/google-places/oriental-healing-center-google-2.webp
[+] Uploaded image to Supabase Storage: https://smkyqdkuablxlexyuhgs.supabase.co/storage/v1/object/public/generated-images/generated-clinics/google-places/oriental-healing-center-google-3.webp
[+] Uploaded image to Supabase Storage: https://smkyqdkuablxlexyuhgs.supabase.co/storage/v1/object/public/generated-images/generated-clinics/google-places/oriental-healing-center-google-4.webp
[+] Uploaded image to Supabase Storage: https://smkyqdkuablxlexyuhgs.supabase.co/storage/v1/object/public/generated-images/generated-clinics/google-places/oriental-healing-center-google-5.webp
[*] Summarizing 5 Google reviews with AI...
[*] Inserted new clinic into DB: Oriental Healing Center
✅ Đã lưu: Oriental Healing Center
Hoàn tất! Đã lưu 3/3 phòng khám.

--- CITY: Dallas, TX (Goal: 10 clinics) ---

>>> Dang chay: query='Vietnamese speaking medical clinic in Dallas, TX', limit=4, lang=['Vietnamese'], types=['medical_clinic'], override_specialty=None
Đang tìm Google Places cho từ khóa: 'Vietnamese speaking medical clinic in Dallas, TX' (loại: medical_clinic) (ngôn ngữ yêu cầu: Vietnamese)...
Tìm thấy 5 cơ sở y tế có website hợp lệ (đã lọc 0 nơi không phải y tế).
Có 5 cơ sở mới. Bắt đầu scrape...
Đang cào dữ liệu: Clinica Hispana Vidaplus...
[*] Scraping URL: http://www.clinicahispanavidaplus.com/
[+] Jina Reader: 3961 chars for http://www.clinicahispanavidaplus.com/
[!] Playwright failed for http://www.clinicahispanavidaplus.com/: BrowserType.launch: Executable doesn't exist at /Users/sam92/Library/Caches/ms-playwright/chromium_headless_shell-1217/chrome-headless-shell-mac-arm64/chrome-headless-shell
╔════════════════════════════════════════════════════════════╗
║ Looks like Playwright was just installed or updated.       ║
║ Please run the following command to download new browsers: ║
║                                                            ║
║     playwright install                                     ║
║                                                            ║
║ <3 Playwright Team                                         ║
╚════════════════════════════════════════════════════════════╝
[*] Extracted 4089 chars via Jina across 1 page(s), 0 JSON-LD schemas, 0 image candidates.
[*] Sending extraction request to OpenRouter (deepseek/deepseek-v4-flash)...
[*] Successfully extracted data for Clínica Hispana VidaPlus
⚠️ Cảnh báo Clinica Hispana Vidaplus: website không nhắc đến ngôn ngữ yêu cầu (Vietnamese). Vẫn giữ lại theo kết quả Google Places (Ngôn ngữ gán: Spanish, Vietnamese).
Đang làm giàu Google Places: Clinica Hispana Vidaplus...
[*] Google Places match: Clinica Hispana Vidaplus
[+] Uploaded image to Supabase Storage: https://smkyqdkuablxlexyuhgs.supabase.co/storage/v1/object/public/generated-images/generated-clinics/google-places/clinica-hispana-vidaplus-google-1.webp
[+] Uploaded image to Supabase Storage: https://smkyqdkuablxlexyuhgs.supabase.co/storage/v1/object/public/generated-images/generated-clinics/google-places/clinica-hispana-vidaplus-google-2.webp
[+] Uploaded image to Supabase Storage: https://smkyqdkuablxlexyuhgs.supabase.co/storage/v1/object/public/generated-images/generated-clinics/google-places/clinica-hispana-vidaplus-google-3.webp
[+] Uploaded image to Supabase Storage: https://smkyqdkuablxlexyuhgs.supabase.co/storage/v1/object/public/generated-images/generated-clinics/google-places/clinica-hispana-vidaplus-google-4.webp
[+] Uploaded image to Supabase Storage: https://smkyqdkuablxlexyuhgs.supabase.co/storage/v1/object/public/generated-images/generated-clinics/google-places/clinica-hispana-vidaplus-google-5.webp
[*] Summarizing 5 Google reviews with AI...
[*] Inserted new clinic into DB: Clínica Hispana VidaPlus
✅ Đã lưu: Clínica Hispana VidaPlus
Đang cào dữ liệu: Clinica Hispana Vida Sana...
[*] Scraping URL: https://www.clinicahispanavidasana.com/
[+] Jina Reader: 36042 chars for https://www.clinicahispanavidasana.com/
[!] Playwright failed for https://www.clinicahispanavidasana.com/: BrowserType.launch: Executable doesn't exist at /Users/sam92/Library/Caches/ms-playwright/chromium_headless_shell-1217/chrome-headless-shell-mac-arm64/chrome-headless-shell
╔════════════════════════════════════════════════════════════╗
║ Looks like Playwright was just installed or updated.       ║
║ Please run the following command to download new browsers: ║
║                                                            ║
║     playwright install                                     ║
║                                                            ║
║ <3 Playwright Team                                         ║
╚════════════════════════════════════════════════════════════╝
[*] Extracted 36171 chars via Jina across 1 page(s), 0 JSON-LD schemas, 0 image candidates.
[*] Sending extraction request to OpenRouter (deepseek/deepseek-v4-flash)...
[*] Successfully extracted data for Clinica Hispana Vida Sana
⚠️ Cảnh báo Clinica Hispana Vida Sana: website không nhắc đến ngôn ngữ yêu cầu (Vietnamese). Vẫn giữ lại theo kết quả Google Places (Ngôn ngữ gán: English, Spanish, Vietnamese).
Đang làm giàu Google Places: Clinica Hispana Vida Sana...
[*] Google Places match: Clinica Hispana Vida Sana
[+] Uploaded image to Supabase Storage: https://smkyqdkuablxlexyuhgs.supabase.co/storage/v1/object/public/generated-images/generated-clinics/google-places/clinica-hispana-vida-sana-google-1.webp
[+] Uploaded image to Supabase Storage: https://smkyqdkuablxlexyuhgs.supabase.co/storage/v1/object/public/generated-images/generated-clinics/google-places/clinica-hispana-vida-sana-google-2.webp
[+] Uploaded image to Supabase Storage: https://smkyqdkuablxlexyuhgs.supabase.co/storage/v1/object/public/generated-images/generated-clinics/google-places/clinica-hispana-vida-sana-google-3.webp
[+] Uploaded image to Supabase Storage: https://smkyqdkuablxlexyuhgs.supabase.co/storage/v1/object/public/generated-images/generated-clinics/google-places/clinica-hispana-vida-sana-google-4.webp
[+] Uploaded image to Supabase Storage: https://smkyqdkuablxlexyuhgs.supabase.co/storage/v1/object/public/generated-images/generated-clinics/google-places/clinica-hispana-vida-sana-google-5.webp
[*] Summarizing 5 Google reviews with AI...
[*] Inserted new clinic into DB: Clinica Hispana Vida Sana
✅ Đã lưu: Clinica Hispana Vida Sana
Đang cào dữ liệu: Aria Medical Primary Care Dr Tam Cung...
[*] Scraping URL: http://www.ariamedicalclinic.com/
[+] Jina Reader: 4346 chars for http://www.ariamedicalclinic.com/
[!] Playwright failed for http://www.ariamedicalclinic.com/: BrowserType.launch: Executable doesn't exist at /Users/sam92/Library/Caches/ms-playwright/chromium_headless_shell-1217/chrome-headless-shell-mac-arm64/chrome-headless-shell
╔════════════════════════════════════════════════════════════╗
║ Looks like Playwright was just installed or updated.       ║
║ Please run the following command to download new browsers: ║
║                                                            ║
║     playwright install                                     ║
║                                                            ║
║ <3 Playwright Team                                         ║
╚════════════════════════════════════════════════════════════╝
[*] Extracted 4469 chars via Jina across 1 page(s), 0 JSON-LD schemas, 0 image candidates.
[*] Sending extraction request to OpenRouter (deepseek/deepseek-v4-flash)...
[*] Successfully extracted data for Aria Medical Primary Care Dr Tam Cung
Đang làm giàu Google Places: Aria Medical Primary Care Dr Tam Cung...
[*] Google Places match: Aria Medical Primary Care Dr Tam Cung
[+] Uploaded image to Supabase Storage: https://smkyqdkuablxlexyuhgs.supabase.co/storage/v1/object/public/generated-images/generated-clinics/google-places/aria-medical-primary-care-dr-tam-cung-google-1.webp
[+] Uploaded image to Supabase Storage: https://smkyqdkuablxlexyuhgs.supabase.co/storage/v1/object/public/generated-images/generated-clinics/google-places/aria-medical-primary-care-dr-tam-cung-google-2.webp
[+] Uploaded image to Supabase Storage: https://smkyqdkuablxlexyuhgs.supabase.co/storage/v1/object/public/generated-images/generated-clinics/google-places/aria-medical-primary-care-dr-tam-cung-google-3.webp
[+] Uploaded image to Supabase Storage: https://smkyqdkuablxlexyuhgs.supabase.co/storage/v1/object/public/generated-images/generated-clinics/google-places/aria-medical-primary-care-dr-tam-cung-google-4.webp
[+] Uploaded image to Supabase Storage: https://smkyqdkuablxlexyuhgs.supabase.co/storage/v1/object/public/generated-images/generated-clinics/google-places/aria-medical-primary-care-dr-tam-cung-google-5.webp
[*] Summarizing 5 Google reviews with AI...
[!] AI review summary failed for Aria Medical Primary Care Dr Tam Cung: Expecting value: line 1 column 1 (char 0)
[*] Inserted new clinic into DB: Aria Medical Primary Care Dr Tam Cung
✅ Đã lưu: Aria Medical Primary Care Dr Tam Cung
Đang cào dữ liệu: Neighborhood Medical Center. Martin G. McElya, DO...
[*] Scraping URL: https://www.neighborhoodmedicalcenter.com/contactus?utm_source=NEXT&utm_medium=Google_appt
[+] Jina Reader: 18099 chars for https://www.neighborhoodmedicalcenter.com/contactus?utm_source=NEXT&utm_medium=Google_appt
[!] Playwright failed for https://www.neighborhoodmedicalcenter.com/contactus?utm_source=NEXT&utm_medium=Google_appt: BrowserType.launch: Executable doesn't exist at /Users/sam92/Library/Caches/ms-playwright/chromium_headless_shell-1217/chrome-headless-shell-mac-arm64/chrome-headless-shell
╔════════════════════════════════════════════════════════════╗
║ Looks like Playwright was just installed or updated.       ║
║ Please run the following command to download new browsers: ║
║                                                            ║
║     playwright install                                     ║
║                                                            ║
║ <3 Playwright Team                                         ║
╚════════════════════════════════════════════════════════════╝
[*] Extracted 18279 chars via Jina across 1 page(s), 0 JSON-LD schemas, 0 image candidates.
[*] Sending extraction request to OpenRouter (deepseek/deepseek-v4-flash)...
[*] Successfully extracted data for Neighborhood Medical Center. Martin G. McElya, DO
⚠️ Cảnh báo Neighborhood Medical Center. Martin G. McElya, DO: website không nhắc đến ngôn ngữ yêu cầu (Vietnamese). Vẫn giữ lại theo kết quả Google Places (Ngôn ngữ gán: English, Vietnamese).
Đang làm giàu Google Places: Neighborhood Medical Center. Martin G. McElya, DO...
[*] Google Places match: Neighborhood Medical Center. Martin G. McElya, DO
[+] Uploaded image to Supabase Storage: https://smkyqdkuablxlexyuhgs.supabase.co/storage/v1/object/public/generated-images/generated-clinics/google-places/neighborhood-medical-center.-martin-g.-mcelya-do-google-1.webp
[+] Uploaded image to Supabase Storage: https://smkyqdkuablxlexyuhgs.supabase.co/storage/v1/object/public/generated-images/generated-clinics/google-places/neighborhood-medical-center.-martin-g.-mcelya-do-google-2.webp
[+] Uploaded image to Supabase Storage: https://smkyqdkuablxlexyuhgs.supabase.co/storage/v1/object/public/generated-images/generated-clinics/google-places/neighborhood-medical-center.-martin-g.-mcelya-do-google-3.webp
[+] Uploaded image to Supabase Storage: https://smkyqdkuablxlexyuhgs.supabase.co/storage/v1/object/public/generated-images/generated-clinics/google-places/neighborhood-medical-center.-martin-g.-mcelya-do-google-4.webp
[+] Uploaded image to Supabase Storage: https://smkyqdkuablxlexyuhgs.supabase.co/storage/v1/object/public/generated-images/generated-clinics/google-places/neighborhood-medical-center.-martin-g.-mcelya-do-google-5.webp
[*] Summarizing 5 Google reviews with AI...
[*] Inserted new clinic into DB: Neighborhood Medical Center. Martin G. McElya, DO
✅ Đã lưu: Neighborhood Medical Center. Martin G. McElya, DO
Hoàn tất! Đã lưu 4/4 phòng khám.

>>> Dang chay: query='Korean speaking medical clinic in Dallas, TX', limit=3, lang=['Korean'], types=['medical_clinic'], override_specialty=None
Đang tìm Google Places cho từ khóa: 'Korean speaking medical clinic in Dallas, TX' (loại: medical_clinic) (ngôn ngữ yêu cầu: Korean)...
Tìm thấy 5 cơ sở y tế có website hợp lệ (đã lọc 0 nơi không phải y tế).
Có 5 cơ sở mới. Bắt đầu scrape...
Đang cào dữ liệu: Korean Home Health Care Inc....
[*] Scraping URL: http://khhcusa.com/
[+] Jina Reader: 7725 chars for http://khhcusa.com/
[!] Playwright failed for http://khhcusa.com/: BrowserType.launch: Executable doesn't exist at /Users/sam92/Library/Caches/ms-playwright/chromium_headless_shell-1217/chrome-headless-shell-mac-arm64/chrome-headless-shell
╔════════════════════════════════════════════════════════════╗
║ Looks like Playwright was just installed or updated.       ║
║ Please run the following command to download new browsers: ║
║                                                            ║
║     playwright install                                     ║
║                                                            ║
║ <3 Playwright Team                                         ║
╚════════════════════════════════════════════════════════════╝
[*] Extracted 7834 chars via Jina across 1 page(s), 0 JSON-LD schemas, 0 image candidates.
[*] Sending extraction request to OpenRouter (deepseek/deepseek-v4-flash)...
[*] Successfully extracted data for Korean Home Health Care Inc.
Đang làm giàu Google Places: Korean Home Health Care Inc....
[*] Google Places match: Korean Home Health Care Inc.
[+] Uploaded image to Supabase Storage: https://smkyqdkuablxlexyuhgs.supabase.co/storage/v1/object/public/generated-images/generated-clinics/google-places/korean-home-health-care-inc-google-1.webp
[+] Uploaded image to Supabase Storage: https://smkyqdkuablxlexyuhgs.supabase.co/storage/v1/object/public/generated-images/generated-clinics/google-places/korean-home-health-care-inc-google-2.webp
[*] Summarizing 4 Google reviews with AI...
[!] AI review summary failed for Korean Home Health Care Inc.: Expecting value: line 1 column 1 (char 0)
[*] Inserted new clinic into DB: Korean Home Health Care Inc.
✅ Đã lưu: Korean Home Health Care Inc.
Đang cào dữ liệu: Taek Soo Shin MD, Care MD Clinic...
[*] Scraping URL: http://caremdclinic.com/
[+] Jina Reader: 4536 chars for http://caremdclinic.com/
[!] Playwright failed for http://caremdclinic.com/: BrowserType.launch: Executable doesn't exist at /Users/sam92/Library/Caches/ms-playwright/chromium_headless_shell-1217/chrome-headless-shell-mac-arm64/chrome-headless-shell
╔════════════════════════════════════════════════════════════╗
║ Looks like Playwright was just installed or updated.       ║
║ Please run the following command to download new browsers: ║
║                                                            ║
║     playwright install                                     ║
║                                                            ║
║ <3 Playwright Team                                         ║
╚════════════════════════════════════════════════════════════╝
[*] Extracted 4650 chars via Jina across 1 page(s), 0 JSON-LD schemas, 0 image candidates.
[*] Sending extraction request to OpenRouter (deepseek/deepseek-v4-flash)...
[*] Successfully extracted data for Taek Soo Shin MD, Care MD Clinic
Đang làm giàu Google Places: Taek Soo Shin MD, Care MD Clinic...
[*] Google Places match: Taek Soo Shin MD, Care MD Clinic
[+] Uploaded image to Supabase Storage: https://smkyqdkuablxlexyuhgs.supabase.co/storage/v1/object/public/generated-images/generated-clinics/google-places/taek-soo-shin-md-care-md-clinic-google-1.webp
[+] Uploaded image to Supabase Storage: https://smkyqdkuablxlexyuhgs.supabase.co/storage/v1/object/public/generated-images/generated-clinics/google-places/taek-soo-shin-md-care-md-clinic-google-2.webp
[+] Uploaded image to Supabase Storage: https://smkyqdkuablxlexyuhgs.supabase.co/storage/v1/object/public/generated-images/generated-clinics/google-places/taek-soo-shin-md-care-md-clinic-google-3.webp
[+] Uploaded image to Supabase Storage: https://smkyqdkuablxlexyuhgs.supabase.co/storage/v1/object/public/generated-images/generated-clinics/google-places/taek-soo-shin-md-care-md-clinic-google-4.webp
[+] Uploaded image to Supabase Storage: https://smkyqdkuablxlexyuhgs.supabase.co/storage/v1/object/public/generated-images/generated-clinics/google-places/taek-soo-shin-md-care-md-clinic-google-5.webp
[*] Summarizing 5 Google reviews with AI...
[*] Inserted new clinic into DB: Taek Soo Shin MD, Care MD Clinic
✅ Đã lưu: Taek Soo Shin MD, Care MD Clinic
Đang cào dữ liệu: Kokoro Health & Wellness Family Clinic - Abrams Rd....
[*] Scraping URL: https://www.kokorowellness.org/
[+] Jina Reader: 26778 chars for https://www.kokorowellness.org/
[!] Playwright failed for https://www.kokorowellness.org/: BrowserType.launch: Executable doesn't exist at /Users/sam92/Library/Caches/ms-playwright/chromium_headless_shell-1217/chrome-headless-shell-mac-arm64/chrome-headless-shell
╔════════════════════════════════════════════════════════════╗
║ Looks like Playwright was just installed or updated.       ║
║ Please run the following command to download new browsers: ║
║                                                            ║
║     playwright install                                     ║
║                                                            ║
║ <3 Playwright Team                                         ║
╚════════════════════════════════════════════════════════════╝
[*] Extracted 26899 chars via Jina across 1 page(s), 0 JSON-LD schemas, 0 image candidates.
[*] Sending extraction request to OpenRouter (deepseek/deepseek-v4-flash)...
[*] Successfully extracted data for Kokoro Health & Wellness Family Clinic - Abrams Rd.
⚠️ Cảnh báo Kokoro Health & Wellness Family Clinic - Abrams Rd.: website không nhắc đến ngôn ngữ yêu cầu (Korean). Vẫn giữ lại theo kết quả Google Places (Ngôn ngữ gán: English, Vietnamese, Korean).
Đang làm giàu Google Places: Kokoro Health & Wellness Family Clinic - Abrams Rd....
[*] Google Places match: Kokoro Health & Wellness Family Clinic - Abrams Rd.
[+] Uploaded image to Supabase Storage: https://smkyqdkuablxlexyuhgs.supabase.co/storage/v1/object/public/generated-images/generated-clinics/google-places/kokoro-health-wellness-family-clinic-abrams-rd-google-1.webp
[+] Uploaded image to Supabase Storage: https://smkyqdkuablxlexyuhgs.supabase.co/storage/v1/object/public/generated-images/generated-clinics/google-places/kokoro-health-wellness-family-clinic-abrams-rd-google-2.webp
[+] Uploaded image to Supabase Storage: https://smkyqdkuablxlexyuhgs.supabase.co/storage/v1/object/public/generated-images/generated-clinics/google-places/kokoro-health-wellness-family-clinic-abrams-rd-google-3.webp
[+] Uploaded image to Supabase Storage: https://smkyqdkuablxlexyuhgs.supabase.co/storage/v1/object/public/generated-images/generated-clinics/google-places/kokoro-health-wellness-family-clinic-abrams-rd-google-4.webp
[+] Uploaded image to Supabase Storage: https://smkyqdkuablxlexyuhgs.supabase.co/storage/v1/object/public/generated-images/generated-clinics/google-places/kokoro-health-wellness-family-clinic-abrams-rd-google-5.webp
[*] Summarizing 5 Google reviews with AI...
[*] Inserted new clinic into DB: Kokoro Health & Wellness Family Clinic - Abrams Rd.
✅ Đã lưu: Kokoro Health & Wellness Family Clinic - Abrams Rd.
Hoàn tất! Đã lưu 3/3 phòng khám.

>>> Dang chay: query='Chinese speaking medical clinic in Dallas, TX', limit=3, lang=['Chinese'], types=['medical_clinic'], override_specialty=None
Đang tìm Google Places cho từ khóa: 'Chinese speaking medical clinic in Dallas, TX' (loại: medical_clinic) (ngôn ngữ yêu cầu: Chinese)...
Tìm thấy 5 cơ sở y tế có website hợp lệ (đã lọc 0 nơi không phải y tế).
Bỏ qua đã tồn tại: Acupuncture & Integrative Medical Center Irving / Dallas
Có 4 cơ sở mới. Bắt đầu scrape...
Đang cào dữ liệu: Chinese Medicine Wellness Center of America...
[*] Scraping URL: http://www.chinesemedicineoasis.com/
[+] Jina Reader: 3107 chars for http://www.chinesemedicineoasis.com/
[!] Playwright failed for http://www.chinesemedicineoasis.com/: BrowserType.launch: Executable doesn't exist at /Users/sam92/Library/Caches/ms-playwright/chromium_headless_shell-1217/chrome-headless-shell-mac-arm64/chrome-headless-shell
╔════════════════════════════════════════════════════════════╗
║ Looks like Playwright was just installed or updated.       ║
║ Please run the following command to download new browsers: ║
║                                                            ║
║     playwright install                                     ║
║                                                            ║
║ <3 Playwright Team                                         ║
╚════════════════════════════════════════════════════════════╝
[*] Extracted 3233 chars via Jina across 1 page(s), 0 JSON-LD schemas, 0 image candidates.
[*] Sending extraction request to OpenRouter (deepseek/deepseek-v4-flash)...
[*] Successfully extracted data for Chinese Medicine Wellness Center of America
⚠️ Cảnh báo Chinese Medicine Wellness Center of America: website không nhắc đến ngôn ngữ yêu cầu (Chinese). Vẫn giữ lại theo kết quả Google Places (Ngôn ngữ gán: English, Chinese).
Đang làm giàu Google Places: Chinese Medicine Wellness Center of America...
[*] Google Places match: Chinese Medicine Wellness Center of America
[+] Uploaded image to Supabase Storage: https://smkyqdkuablxlexyuhgs.supabase.co/storage/v1/object/public/generated-images/generated-clinics/google-places/chinese-medicine-wellness-center-of-america-google-1.webp
[+] Uploaded image to Supabase Storage: https://smkyqdkuablxlexyuhgs.supabase.co/storage/v1/object/public/generated-images/generated-clinics/google-places/chinese-medicine-wellness-center-of-america-google-2.webp
[+] Uploaded image to Supabase Storage: https://smkyqdkuablxlexyuhgs.supabase.co/storage/v1/object/public/generated-images/generated-clinics/google-places/chinese-medicine-wellness-center-of-america-google-3.webp
[+] Uploaded image to Supabase Storage: https://smkyqdkuablxlexyuhgs.supabase.co/storage/v1/object/public/generated-images/generated-clinics/google-places/chinese-medicine-wellness-center-of-america-google-4.webp
[+] Uploaded image to Supabase Storage: https://smkyqdkuablxlexyuhgs.supabase.co/storage/v1/object/public/generated-images/generated-clinics/google-places/chinese-medicine-wellness-center-of-america-google-5.webp
[*] Summarizing 5 Google reviews with AI...
[*] Inserted new clinic into DB: Chinese Medicine Wellness Center of America
✅ Đã lưu: Chinese Medicine Wellness Center of America
Đang cào dữ liệu: Acupuncture & Herb Clinic...
[*] Scraping URL: http://www.us-acupuncture.com/
[+] Jina Reader: 1829 chars for http://www.us-acupuncture.com/
[!] Playwright failed for http://www.us-acupuncture.com/: BrowserType.launch: Executable doesn't exist at /Users/sam92/Library/Caches/ms-playwright/chromium_headless_shell-1217/chrome-headless-shell-mac-arm64/chrome-headless-shell
╔════════════════════════════════════════════════════════════╗
║ Looks like Playwright was just installed or updated.       ║
║ Please run the following command to download new browsers: ║
║                                                            ║
║     playwright install                                     ║
║                                                            ║
║ <3 Playwright Team                                         ║
╚════════════════════════════════════════════════════════════╝
[*] Extracted 1949 chars via Jina across 1 page(s), 0 JSON-LD schemas, 0 image candidates.
[*] Sending extraction request to OpenRouter (deepseek/deepseek-v4-flash)...
[*] Successfully extracted data for Acupuncture & Herb Clinic
⚠️ Cảnh báo Acupuncture & Herb Clinic: website không nhắc đến ngôn ngữ yêu cầu (Chinese). Vẫn giữ lại theo kết quả Google Places (Ngôn ngữ gán: English, Chinese).
Đang làm giàu Google Places: Acupuncture & Herb Clinic...
[*] Google Places match: Acupuncture & Herb Clinic
[+] Uploaded image to Supabase Storage: https://smkyqdkuablxlexyuhgs.supabase.co/storage/v1/object/public/generated-images/generated-clinics/google-places/acupuncture-herb-clinic-google-1.webp
[+] Uploaded image to Supabase Storage: https://smkyqdkuablxlexyuhgs.supabase.co/storage/v1/object/public/generated-images/generated-clinics/google-places/acupuncture-herb-clinic-google-2.webp
[+] Uploaded image to Supabase Storage: https://smkyqdkuablxlexyuhgs.supabase.co/storage/v1/object/public/generated-images/generated-clinics/google-places/acupuncture-herb-clinic-google-3.webp
[+] Uploaded image to Supabase Storage: https://smkyqdkuablxlexyuhgs.supabase.co/storage/v1/object/public/generated-images/generated-clinics/google-places/acupuncture-herb-clinic-google-4.webp
[*] Summarizing 5 Google reviews with AI...
[*] Inserted new clinic into DB: Acupuncture & Herb Clinic
✅ Đã lưu: Acupuncture & Herb Clinic
Đang cào dữ liệu: Texas Acupuncture Center...
[*] Scraping URL: http://texasacupuncturecenter.com/
[+] Jina Reader: 6659 chars for http://texasacupuncturecenter.com/
[!] Playwright failed for http://texasacupuncturecenter.com/: BrowserType.launch: Executable doesn't exist at /Users/sam92/Library/Caches/ms-playwright/chromium_headless_shell-1217/chrome-headless-shell-mac-arm64/chrome-headless-shell
╔════════════════════════════════════════════════════════════╗
║ Looks like Playwright was just installed or updated.       ║
║ Please run the following command to download new browsers: ║
║                                                            ║
║     playwright install                                     ║
║                                                            ║
║ <3 Playwright Team                                         ║
╚════════════════════════════════════════════════════════════╝
[*] Extracted 6783 chars via Jina across 1 page(s), 0 JSON-LD schemas, 0 image candidates.
[*] Sending extraction request to OpenRouter (deepseek/deepseek-v4-flash)...
[*] Successfully extracted data for Texas Acupuncture Center
⚠️ Cảnh báo Texas Acupuncture Center: website không nhắc đến ngôn ngữ yêu cầu (Chinese). Vẫn giữ lại theo kết quả Google Places (Ngôn ngữ gán: English, Chinese).
Đang làm giàu Google Places: Texas Acupuncture Center...
[*] Google Places match: Texas Acupuncture Center
[+] Uploaded image to Supabase Storage: https://smkyqdkuablxlexyuhgs.supabase.co/storage/v1/object/public/generated-images/generated-clinics/google-places/texas-acupuncture-center-google-1.webp
[+] Uploaded image to Supabase Storage: https://smkyqdkuablxlexyuhgs.supabase.co/storage/v1/object/public/generated-images/generated-clinics/google-places/texas-acupuncture-center-google-2.webp
[+] Uploaded image to Supabase Storage: https://smkyqdkuablxlexyuhgs.supabase.co/storage/v1/object/public/generated-images/generated-clinics/google-places/texas-acupuncture-center-google-3.webp
[+] Uploaded image to Supabase Storage: https://smkyqdkuablxlexyuhgs.supabase.co/storage/v1/object/public/generated-images/generated-clinics/google-places/texas-acupuncture-center-google-4.webp
[+] Uploaded image to Supabase Storage: https://smkyqdkuablxlexyuhgs.supabase.co/storage/v1/object/public/generated-images/generated-clinics/google-places/texas-acupuncture-center-google-5.webp
[*] Summarizing 5 Google reviews with AI...
[*] Inserted new clinic into DB: Texas Acupuncture Center
✅ Đã lưu: Texas Acupuncture Center
Hoàn tất! Đã lưu 3/3 phòng khám.

--- CITY: San Francisco, CA (Goal: 10 clinics) ---

>>> Dang chay: query='Vietnamese speaking medical clinic in San Francisco, CA', limit=4, lang=['Vietnamese'], types=['medical_clinic'], override_specialty=None
Đang tìm Google Places cho từ khóa: 'Vietnamese speaking medical clinic in San Francisco, CA' (loại: medical_clinic) (ngôn ngữ yêu cầu: Vietnamese)...
⛔ Bỏ qua (không phải cơ sở y tế): Philippe T. Nguyen, MD — types: spa
Tìm thấy 5 cơ sở y tế có website hợp lệ (đã lọc 1 nơi không phải y tế).
Bỏ qua đã tồn tại: North East Medical Services (NEMS) - 82 Leland Clinic
Bỏ qua đã tồn tại: North East Medical Services (NEMS) - 1520 Stockton Clinic
Bỏ qua đã tồn tại: North East Medical Services (NEMS) - San Bruno Avenue
Có 2 cơ sở mới. Bắt đầu scrape...
Đang cào dữ liệu: Southeast Family Health Center Clinic...
[*] Scraping URL: https://www.sf.gov/location--southeast-family-health-center
[+] Jina Reader: 22385 chars for https://www.sf.gov/location--southeast-family-health-center
[!] Playwright failed for https://www.sf.gov/location--southeast-family-health-center: BrowserType.launch: Executable doesn't exist at /Users/sam92/Library/Caches/ms-playwright/chromium_headless_shell-1217/chrome-headless-shell-mac-arm64/chrome-headless-shell
╔════════════════════════════════════════════════════════════╗
║ Looks like Playwright was just installed or updated.       ║
║ Please run the following command to download new browsers: ║
║                                                            ║
║     playwright install                                     ║
║                                                            ║
║ <3 Playwright Team                                         ║
╚════════════════════════════════════════════════════════════╝
[*] Extracted 22534 chars via Jina across 1 page(s), 0 JSON-LD schemas, 0 image candidates.
[*] Sending extraction request to OpenRouter (deepseek/deepseek-v4-flash)...
[*] Successfully extracted data for Southeast Family Health Center
⚠️ Cảnh báo Southeast Family Health Center Clinic: website không nhắc đến ngôn ngữ yêu cầu (Vietnamese). Vẫn giữ lại theo kết quả Google Places (Ngôn ngữ gán: English, Vietnamese).
Đang làm giàu Google Places: Southeast Family Health Center Clinic...
[*] Google Places match: Southeast Family Health Center Clinic
[+] Uploaded image to Supabase Storage: https://smkyqdkuablxlexyuhgs.supabase.co/storage/v1/object/public/generated-images/generated-clinics/google-places/southeast-family-health-center-google-1.webp
[+] Uploaded image to Supabase Storage: https://smkyqdkuablxlexyuhgs.supabase.co/storage/v1/object/public/generated-images/generated-clinics/google-places/southeast-family-health-center-google-2.webp
[+] Uploaded image to Supabase Storage: https://smkyqdkuablxlexyuhgs.supabase.co/storage/v1/object/public/generated-images/generated-clinics/google-places/southeast-family-health-center-google-3.webp
[+] Uploaded image to Supabase Storage: https://smkyqdkuablxlexyuhgs.supabase.co/storage/v1/object/public/generated-images/generated-clinics/google-places/southeast-family-health-center-google-4.webp
[+] Uploaded image to Supabase Storage: https://smkyqdkuablxlexyuhgs.supabase.co/storage/v1/object/public/generated-images/generated-clinics/google-places/southeast-family-health-center-google-5.webp
[*] Summarizing 5 Google reviews with AI...
[*] Inserted new clinic into DB: Southeast Family Health Center
✅ Đã lưu: Southeast Family Health Center
Đang cào dữ liệu: Clinic by the Bay...
[*] Scraping URL: http://www.clinicbythebay.org/
[+] Jina Reader: 11121 chars for http://www.clinicbythebay.org/
[!] Playwright failed for http://www.clinicbythebay.org/: BrowserType.launch: Executable doesn't exist at /Users/sam92/Library/Caches/ms-playwright/chromium_headless_shell-1217/chrome-headless-shell-mac-arm64/chrome-headless-shell
╔════════════════════════════════════════════════════════════╗
║ Looks like Playwright was just installed or updated.       ║
║ Please run the following command to download new browsers: ║
║                                                            ║
║     playwright install                                     ║
║                                                            ║
║ <3 Playwright Team                                         ║
╚════════════════════════════════════════════════════════════╝
[*] Extracted 11241 chars via Jina across 1 page(s), 0 JSON-LD schemas, 0 image candidates.
[*] Sending extraction request to OpenRouter (deepseek/deepseek-v4-flash)...
[*] Successfully extracted data for Clinic by the Bay
⚠️ Cảnh báo Clinic by the Bay: website không nhắc đến ngôn ngữ yêu cầu (Vietnamese). Vẫn giữ lại theo kết quả Google Places (Ngôn ngữ gán: English, Spanish, Vietnamese).
Đang làm giàu Google Places: Clinic by the Bay...
[*] Google Places match: Clinic by the Bay
[+] Uploaded image to Supabase Storage: https://smkyqdkuablxlexyuhgs.supabase.co/storage/v1/object/public/generated-images/generated-clinics/google-places/clinic-by-the-bay-google-1.webp
[+] Uploaded image to Supabase Storage: https://smkyqdkuablxlexyuhgs.supabase.co/storage/v1/object/public/generated-images/generated-clinics/google-places/clinic-by-the-bay-google-2.webp
[+] Uploaded image to Supabase Storage: https://smkyqdkuablxlexyuhgs.supabase.co/storage/v1/object/public/generated-images/generated-clinics/google-places/clinic-by-the-bay-google-3.webp
[+] Uploaded image to Supabase Storage: https://smkyqdkuablxlexyuhgs.supabase.co/storage/v1/object/public/generated-images/generated-clinics/google-places/clinic-by-the-bay-google-4.webp
[+] Uploaded image to Supabase Storage: https://smkyqdkuablxlexyuhgs.supabase.co/storage/v1/object/public/generated-images/generated-clinics/google-places/clinic-by-the-bay-google-5.webp
[*] Summarizing 5 Google reviews with AI...
[!] AI review summary failed for Clinic by the Bay: Expecting value: line 1 column 1 (char 0)
[*] Inserted new clinic into DB: Clinic by the Bay
✅ Đã lưu: Clinic by the Bay
Hoàn tất! Đã lưu 2/4 phòng khám.

>>> Dang chay: query='Korean speaking medical clinic in San Francisco, CA', limit=3, lang=['Korean'], types=['medical_clinic'], override_specialty=None
Đang tìm Google Places cho từ khóa: 'Korean speaking medical clinic in San Francisco, CA' (loại: medical_clinic) (ngôn ngữ yêu cầu: Korean)...
Tìm thấy 3 cơ sở y tế có website hợp lệ (đã lọc 0 nơi không phải y tế).
Có 3 cơ sở mới. Bắt đầu scrape...
Đang cào dữ liệu: San Francsico & Bay Area Korea Center (샌프란시스코 • 베이 지역 한인회)...
[*] Scraping URL: https://sfkorea.org/
[+] Jina Reader: 11513 chars for https://sfkorea.org/
[!] Playwright failed for https://sfkorea.org/: BrowserType.launch: Executable doesn't exist at /Users/sam92/Library/Caches/ms-playwright/chromium_headless_shell-1217/chrome-headless-shell-mac-arm64/chrome-headless-shell
╔════════════════════════════════════════════════════════════╗
║ Looks like Playwright was just installed or updated.       ║
║ Please run the following command to download new browsers: ║
║                                                            ║
║     playwright install                                     ║
║                                                            ║
║ <3 Playwright Team                                         ║
╚════════════════════════════════════════════════════════════╝
[*] Extracted 11623 chars via Jina across 1 page(s), 0 JSON-LD schemas, 0 image candidates.
[*] Sending extraction request to OpenRouter (deepseek/deepseek-v4-flash)...
[*] Successfully extracted data for San Francisco & Bay Area Korea Center (샌프란시스코 • 베이 지역 한인회)
Đang làm giàu Google Places: San Francsico & Bay Area Korea Center (샌프란시스코 • 베이 지역 한인회)...
[*] Google Places match: San Francsico & Bay Area Korea Center (샌프란시스코 • 베이 지역 한인회)
[+] Uploaded image to Supabase Storage: https://smkyqdkuablxlexyuhgs.supabase.co/storage/v1/object/public/generated-images/generated-clinics/google-places/san-francisco-bay-area-korea-center-google-1.webp
[+] Uploaded image to Supabase Storage: https://smkyqdkuablxlexyuhgs.supabase.co/storage/v1/object/public/generated-images/generated-clinics/google-places/san-francisco-bay-area-korea-center-google-2.webp
[+] Uploaded image to Supabase Storage: https://smkyqdkuablxlexyuhgs.supabase.co/storage/v1/object/public/generated-images/generated-clinics/google-places/san-francisco-bay-area-korea-center-google-3.webp
[+] Uploaded image to Supabase Storage: https://smkyqdkuablxlexyuhgs.supabase.co/storage/v1/object/public/generated-images/generated-clinics/google-places/san-francisco-bay-area-korea-center-google-4.webp
[+] Uploaded image to Supabase Storage: https://smkyqdkuablxlexyuhgs.supabase.co/storage/v1/object/public/generated-images/generated-clinics/google-places/san-francisco-bay-area-korea-center-google-5.webp
[*] Summarizing 1 Google reviews with AI...
[*] Inserted new clinic into DB: San Francisco & Bay Area Korea Center (샌프란시스코 • 베이 지역 한인회)
✅ Đã lưu: San Francisco & Bay Area Korea Center (샌프란시스코 • 베이 지역 한인회)
Đang cào dữ liệu: Traveler Medical Group, Dr. Jim Y. Savage, MD...
[*] Scraping URL: https://www.hoteldoctorsf.com/
[+] Jina Reader: 9286 chars for https://www.hoteldoctorsf.com/
[!] Playwright failed for https://www.hoteldoctorsf.com/: BrowserType.launch: Executable doesn't exist at /Users/sam92/Library/Caches/ms-playwright/chromium_headless_shell-1217/chrome-headless-shell-mac-arm64/chrome-headless-shell
╔════════════════════════════════════════════════════════════╗
║ Looks like Playwright was just installed or updated.       ║
║ Please run the following command to download new browsers: ║
║                                                            ║
║     playwright install                                     ║
║                                                            ║
║ <3 Playwright Team                                         ║
╚════════════════════════════════════════════════════════════╝
[*] Extracted 9406 chars via Jina across 1 page(s), 0 JSON-LD schemas, 0 image candidates.
[*] Sending extraction request to OpenRouter (deepseek/deepseek-v4-flash)...
[*] Successfully extracted data for Traveler Medical Group, Dr. Jim Y. Savage, MD
⚠️ Cảnh báo Traveler Medical Group, Dr. Jim Y. Savage, MD: website không nhắc đến ngôn ngữ yêu cầu (Korean). Vẫn giữ lại theo kết quả Google Places (Ngôn ngữ gán: English, Korean).
Đang làm giàu Google Places: Traveler Medical Group, Dr. Jim Y. Savage, MD...
[*] Google Places match: Traveler Medical Group, Dr. Jim Y. Savage, MD
[+] Uploaded image to Supabase Storage: https://smkyqdkuablxlexyuhgs.supabase.co/storage/v1/object/public/generated-images/generated-clinics/google-places/traveler-medical-group-dr.-jim-y.-savage-md-google-1.webp
[+] Uploaded image to Supabase Storage: https://smkyqdkuablxlexyuhgs.supabase.co/storage/v1/object/public/generated-images/generated-clinics/google-places/traveler-medical-group-dr.-jim-y.-savage-md-google-2.webp
[+] Uploaded image to Supabase Storage: https://smkyqdkuablxlexyuhgs.supabase.co/storage/v1/object/public/generated-images/generated-clinics/google-places/traveler-medical-group-dr.-jim-y.-savage-md-google-3.webp
[+] Uploaded image to Supabase Storage: https://smkyqdkuablxlexyuhgs.supabase.co/storage/v1/object/public/generated-images/generated-clinics/google-places/traveler-medical-group-dr.-jim-y.-savage-md-google-4.webp
[*] Summarizing 5 Google reviews with AI...
[*] Inserted new clinic into DB: Traveler Medical Group, Dr. Jim Y. Savage, MD
✅ Đã lưu: Traveler Medical Group, Dr. Jim Y. Savage, MD
Đang cào dữ liệu: One Medical: Jessica Chan, DO...
[*] Scraping URL: https://www.onemedical.com/providers/jessica-chan/?utm_source=google&utm_medium=organic&utm_campaign=localseo
[+] Jina Reader: 7236 chars for https://www.onemedical.com/providers/jessica-chan/?utm_source=google&utm_medium=organic&utm_campaign=localseo
[!] Playwright failed for https://www.onemedical.com/providers/jessica-chan/?utm_source=google&utm_medium=organic&utm_campaign=localseo: BrowserType.launch: Executable doesn't exist at /Users/sam92/Library/Caches/ms-playwright/chromium_headless_shell-1217/chrome-headless-shell-mac-arm64/chrome-headless-shell
╔════════════════════════════════════════════════════════════╗
║ Looks like Playwright was just installed or updated.       ║
║ Please run the following command to download new browsers: ║
║                                                            ║
║     playwright install                                     ║
║                                                            ║
║ <3 Playwright Team                                         ║
╚════════════════════════════════════════════════════════════╝
[*] Extracted 7435 chars via Jina across 1 page(s), 0 JSON-LD schemas, 0 image candidates.
[*] Sending extraction request to OpenRouter (deepseek/deepseek-v4-flash)...
[*] Successfully extracted data for One Medical: Jessica Chan, DO
⚠️ Cảnh báo One Medical: Jessica Chan, DO: website không nhắc đến ngôn ngữ yêu cầu (Korean). Vẫn giữ lại theo kết quả Google Places (Ngôn ngữ gán: English, Korean).
Đang làm giàu Google Places: One Medical: Jessica Chan, DO...
[*] Google Places match: One Medical: Jessica Chan, DO
[*] Summarizing 1 Google reviews with AI...
[*] Generating clinic image via google/gemini-3.1-flash-image-preview: One Medical: Jessica Chan, DO
[+] Uploaded image to Supabase Storage: https://smkyqdkuablxlexyuhgs.supabase.co/storage/v1/object/public/generated-images/generated-clinics/one-medical-jessica-chan-do.webp
[*] Inserted new clinic into DB: One Medical: Jessica Chan, DO
✅ Đã lưu: One Medical: Jessica Chan, DO
Hoàn tất! Đã lưu 3/3 phòng khám.

>>> Dang chay: query='Chinese speaking medical clinic in San Francisco, CA', limit=3, lang=['Chinese'], types=['medical_clinic'], override_specialty=None
Đang tìm Google Places cho từ khóa: 'Chinese speaking medical clinic in San Francisco, CA' (loại: medical_clinic) (ngôn ngữ yêu cầu: Chinese)...
⛔ Bỏ qua (không phải cơ sở y tế): East West Health Services (Chinatown/FiDi) — types: massage
Tìm thấy 4 cơ sở y tế có website hợp lệ (đã lọc 1 nơi không phải y tế).
Bỏ qua đã tồn tại: Chicken Soup Chinese Medicine
Có 3 cơ sở mới. Bắt đầu scrape...
Đang cào dữ liệu: Chinese Medicine Clinic & Education Center...
[*] Scraping URL: http://www.drdaveliu.com/
[+] Jina Reader: 1884 chars for http://www.drdaveliu.com/
[!] Playwright failed for http://www.drdaveliu.com/: BrowserType.launch: Executable doesn't exist at /Users/sam92/Library/Caches/ms-playwright/chromium_headless_shell-1217/chrome-headless-shell-mac-arm64/chrome-headless-shell
╔════════════════════════════════════════════════════════════╗
║ Looks like Playwright was just installed or updated.       ║
║ Please run the following command to download new browsers: ║
║                                                            ║
║     playwright install                                     ║
║                                                            ║
║ <3 Playwright Team                                         ║
╚════════════════════════════════════════════════════════════╝
[*] Extracted 1999 chars via Jina across 1 page(s), 0 JSON-LD schemas, 0 image candidates.
[*] Sending extraction request to OpenRouter (deepseek/deepseek-v4-flash)...
[*] Successfully extracted data for Chinese Medicine Clinic & Education Center
⚠️ Cảnh báo Chinese Medicine Clinic & Education Center: website không nhắc đến ngôn ngữ yêu cầu (Chinese). Vẫn giữ lại theo kết quả Google Places (Ngôn ngữ gán: English, Chinese).
Đang làm giàu Google Places: Chinese Medicine Clinic & Education Center...
[*] Google Places match: Chinese Medicine Clinic & Education Center
[+] Uploaded image to Supabase Storage: https://smkyqdkuablxlexyuhgs.supabase.co/storage/v1/object/public/generated-images/generated-clinics/google-places/chinese-medicine-clinic-education-center-google-1.webp
[+] Uploaded image to Supabase Storage: https://smkyqdkuablxlexyuhgs.supabase.co/storage/v1/object/public/generated-images/generated-clinics/google-places/chinese-medicine-clinic-education-center-google-2.webp
[*] Summarizing 5 Google reviews with AI...
[*] Inserted new clinic into DB: Chinese Medicine Clinic & Education Center
✅ Đã lưu: Chinese Medicine Clinic & Education Center
Đang cào dữ liệu: Chinese Medicine Works...
[*] Scraping URL: http://www.chinesemedicineworks.com/
[+] Jina Reader: 342 chars for http://www.chinesemedicineworks.com/
[!] Playwright failed for http://www.chinesemedicineworks.com/: BrowserType.launch: Executable doesn't exist at /Users/sam92/Library/Caches/ms-playwright/chromium_headless_shell-1217/chrome-headless-shell-mac-arm64/chrome-headless-shell
╔════════════════════════════════════════════════════════════╗
║ Looks like Playwright was just installed or updated.       ║
║ Please run the following command to download new browsers: ║
║                                                            ║
║     playwright install                                     ║
║                                                            ║
║ <3 Playwright Team                                         ║
╚════════════════════════════════════════════════════════════╝
[*] Extracted 468 chars via Jina across 1 page(s), 0 JSON-LD schemas, 0 image candidates.
[*] Sending extraction request to OpenRouter (deepseek/deepseek-v4-flash)...
[*] Successfully extracted data for Chinese Medicine Works
⚠️ Cảnh báo Chinese Medicine Works: website không nhắc đến ngôn ngữ yêu cầu (Chinese). Vẫn giữ lại theo kết quả Google Places (Ngôn ngữ gán: English, Chinese).
Đang làm giàu Google Places: Chinese Medicine Works...
[*] Google Places match: Chinese Medicine Works
[+] Uploaded image to Supabase Storage: https://smkyqdkuablxlexyuhgs.supabase.co/storage/v1/object/public/generated-images/generated-clinics/google-places/chinese-medicine-works-google-1.webp
[+] Uploaded image to Supabase Storage: https://smkyqdkuablxlexyuhgs.supabase.co/storage/v1/object/public/generated-images/generated-clinics/google-places/chinese-medicine-works-google-2.webp
[+] Uploaded image to Supabase Storage: https://smkyqdkuablxlexyuhgs.supabase.co/storage/v1/object/public/generated-images/generated-clinics/google-places/chinese-medicine-works-google-3.webp
[+] Uploaded image to Supabase Storage: https://smkyqdkuablxlexyuhgs.supabase.co/storage/v1/object/public/generated-images/generated-clinics/google-places/chinese-medicine-works-google-4.webp
[+] Uploaded image to Supabase Storage: https://smkyqdkuablxlexyuhgs.supabase.co/storage/v1/object/public/generated-images/generated-clinics/google-places/chinese-medicine-works-google-5.webp
[*] Summarizing 1 Google reviews with AI...
[*] Inserted new clinic into DB: Chinese Medicine Works
✅ Đã lưu: Chinese Medicine Works
Đang cào dữ liệu: Dr. Kang Acupuncture - Guang Ci TCM Clinic...
[*] Scraping URL: http://www.drkangformulas.com/
[+] Jina Reader: 11012 chars for http://www.drkangformulas.com/
[!] Playwright failed for http://www.drkangformulas.com/: BrowserType.launch: Executable doesn't exist at /Users/sam92/Library/Caches/ms-playwright/chromium_headless_shell-1217/chrome-headless-shell-mac-arm64/chrome-headless-shell
╔════════════════════════════════════════════════════════════╗
║ Looks like Playwright was just installed or updated.       ║
║ Please run the following command to download new browsers: ║
║                                                            ║
║     playwright install                                     ║
║                                                            ║
║ <3 Playwright Team                                         ║
╚════════════════════════════════════════════════════════════╝
[*] Extracted 11132 chars via Jina across 1 page(s), 0 JSON-LD schemas, 0 image candidates.
[*] Sending extraction request to OpenRouter (deepseek/deepseek-v4-flash)...
[*] Successfully extracted data for Asia Natural Products, Inc. (Dr. Kang Formulas)
Đang làm giàu Google Places: Dr. Kang Acupuncture - Guang Ci TCM Clinic...
[*] Google Places match: Asia Natural Products Inc
[*] Generating clinic image via google/gemini-3.1-flash-image-preview: Asia Natural Products, Inc. (Dr. Kang Formulas)
[+] Uploaded image to Supabase Storage: https://smkyqdkuablxlexyuhgs.supabase.co/storage/v1/object/public/generated-images/generated-clinics/asia-natural-products-inc-dr-kang-formulas.webp
[*] Inserted new clinic into DB: Asia Natural Products, Inc. (Dr. Kang Formulas)
✅ Đã lưu: Asia Natural Products, Inc. (Dr. Kang Formulas)
Hoàn tất! Đã lưu 3/3 phòng khám.

--- CITY: Seattle, WA (Goal: 10 clinics) ---

>>> Dang chay: query='Vietnamese speaking medical clinic in Seattle, WA', limit=4, lang=['Vietnamese'], types=['medical_clinic'], override_specialty=None
Đang tìm Google Places cho từ khóa: 'Vietnamese speaking medical clinic in Seattle, WA' (loại: medical_clinic) (ngôn ngữ yêu cầu: Vietnamese)...
Tìm thấy 5 cơ sở y tế có website hợp lệ (đã lọc 0 nơi không phải y tế).
Bỏ qua đã tồn tại: International District Medical and Dental Clinic (ICHS) - International Community Health Services
Có 4 cơ sở mới. Bắt đầu scrape...
Đang cào dữ liệu: Hillman City Medical...
[*] Scraping URL: https://www.hillmancitymedical.com/
[+] Jina Reader: 3493 chars for https://www.hillmancitymedical.com/
[!] Playwright failed for https://www.hillmancitymedical.com/: BrowserType.launch: Executable doesn't exist at /Users/sam92/Library/Caches/ms-playwright/chromium_headless_shell-1217/chrome-headless-shell-mac-arm64/chrome-headless-shell
╔════════════════════════════════════════════════════════════╗
║ Looks like Playwright was just installed or updated.       ║
║ Please run the following command to download new browsers: ║
║                                                            ║
║     playwright install                                     ║
║                                                            ║
║ <3 Playwright Team                                         ║
╚════════════════════════════════════════════════════════════╝
[*] Extracted 3618 chars via Jina across 1 page(s), 0 JSON-LD schemas, 0 image candidates.
[*] Sending extraction request to OpenRouter (deepseek/deepseek-v4-flash)...
[*] Successfully extracted data for Hillman City Medical
Đang làm giàu Google Places: Hillman City Medical...
[*] Google Places match: Hillman City Medical
[+] Uploaded image to Supabase Storage: https://smkyqdkuablxlexyuhgs.supabase.co/storage/v1/object/public/generated-images/generated-clinics/google-places/hillman-city-medical-google-1.webp
[+] Uploaded image to Supabase Storage: https://smkyqdkuablxlexyuhgs.supabase.co/storage/v1/object/public/generated-images/generated-clinics/google-places/hillman-city-medical-google-2.webp
[+] Uploaded image to Supabase Storage: https://smkyqdkuablxlexyuhgs.supabase.co/storage/v1/object/public/generated-images/generated-clinics/google-places/hillman-city-medical-google-3.webp
[+] Uploaded image to Supabase Storage: https://smkyqdkuablxlexyuhgs.supabase.co/storage/v1/object/public/generated-images/generated-clinics/google-places/hillman-city-medical-google-4.webp
[*] Summarizing 5 Google reviews with AI...
[!] AI review summary failed for Hillman City Medical: Expecting value: line 1 column 1 (char 0)
[*] Inserted new clinic into DB: Hillman City Medical
✅ Đã lưu: Hillman City Medical
Đang cào dữ liệu: Southcenter Medical Clinic...
[*] Scraping URL: https://southcentermedical.com/
[+] Jina Reader: 3740 chars for https://southcentermedical.com/
[!] Playwright failed for https://southcentermedical.com/: BrowserType.launch: Executable doesn't exist at /Users/sam92/Library/Caches/ms-playwright/chromium_headless_shell-1217/chrome-headless-shell-mac-arm64/chrome-headless-shell
╔════════════════════════════════════════════════════════════╗
║ Looks like Playwright was just installed or updated.       ║
║ Please run the following command to download new browsers: ║
║                                                            ║
║     playwright install                                     ║
║                                                            ║
║ <3 Playwright Team                                         ║
╚════════════════════════════════════════════════════════════╝
[*] Extracted 3861 chars via Jina across 1 page(s), 0 JSON-LD schemas, 0 image candidates.
[*] Sending extraction request to OpenRouter (deepseek/deepseek-v4-flash)...
[*] Successfully extracted data for Southcenter Medical Clinic
⚠️ Cảnh báo Southcenter Medical Clinic: website không nhắc đến ngôn ngữ yêu cầu (Vietnamese). Vẫn giữ lại theo kết quả Google Places (Ngôn ngữ gán: English, Vietnamese).
Đang làm giàu Google Places: Southcenter Medical Clinic...
[*] Google Places match: Southcenter Medical Clinic
[+] Uploaded image to Supabase Storage: https://smkyqdkuablxlexyuhgs.supabase.co/storage/v1/object/public/generated-images/generated-clinics/google-places/southcenter-medical-clinic-google-1.webp
[+] Uploaded image to Supabase Storage: https://smkyqdkuablxlexyuhgs.supabase.co/storage/v1/object/public/generated-images/generated-clinics/google-places/southcenter-medical-clinic-google-2.webp
[+] Uploaded image to Supabase Storage: https://smkyqdkuablxlexyuhgs.supabase.co/storage/v1/object/public/generated-images/generated-clinics/google-places/southcenter-medical-clinic-google-3.webp
[+] Uploaded image to Supabase Storage: https://smkyqdkuablxlexyuhgs.supabase.co/storage/v1/object/public/generated-images/generated-clinics/google-places/southcenter-medical-clinic-google-4.webp
[+] Uploaded image to Supabase Storage: https://smkyqdkuablxlexyuhgs.supabase.co/storage/v1/object/public/generated-images/generated-clinics/google-places/southcenter-medical-clinic-google-5.webp
[*] Summarizing 5 Google reviews with AI...
[!] AI review summary failed for Southcenter Medical Clinic: Expecting value: line 1 column 1 (char 0)
[*] Inserted new clinic into DB: Southcenter Medical Clinic
✅ Đã lưu: Southcenter Medical Clinic
Đang cào dữ liệu: Sung Shim Medical Clinic...
[*] Scraping URL: http://sungshimclinic.com/
[+] Jina Reader: 383 chars for http://sungshimclinic.com/
[!] Playwright failed for http://sungshimclinic.com/: BrowserType.launch: Executable doesn't exist at /Users/sam92/Library/Caches/ms-playwright/chromium_headless_shell-1217/chrome-headless-shell-mac-arm64/chrome-headless-shell
╔════════════════════════════════════════════════════════════╗
║ Looks like Playwright was just installed or updated.       ║
║ Please run the following command to download new browsers: ║
║                                                            ║
║     playwright install                                     ║
║                                                            ║
║ <3 Playwright Team                                         ║
╚════════════════════════════════════════════════════════════╝
[*] Extracted 499 chars via Jina across 1 page(s), 0 JSON-LD schemas, 0 image candidates.
[*] Sending extraction request to OpenRouter (deepseek/deepseek-v4-flash)...
[*] Successfully extracted data for Sung Shim Medical Clinic
⚠️ Cảnh báo Sung Shim Medical Clinic: website không nhắc đến ngôn ngữ yêu cầu (Vietnamese). Vẫn giữ lại theo kết quả Google Places (Ngôn ngữ gán: English, Vietnamese).
Đang làm giàu Google Places: Sung Shim Medical Clinic...
[*] Google Places match: Sung Shim Medical Clinic
[*] Generating clinic image via google/gemini-3.1-flash-image-preview: Sung Shim Medical Clinic
[+] Uploaded image to Supabase Storage: https://smkyqdkuablxlexyuhgs.supabase.co/storage/v1/object/public/generated-images/generated-clinics/sung-shim-medical-clinic.webp
[*] Inserted new clinic into DB: Sung Shim Medical Clinic
✅ Đã lưu: Sung Shim Medical Clinic
Đang cào dữ liệu: Duong "Young" Tran, PA-C...
[*] Scraping URL: https://www.polyclinic.com/provider-lookup/provider-detail-page.html?npi=1821140054&utm_campaign=website-link&utm_medium=organic&utm_source=local-listing
[+] Jina Reader: 22574 chars for https://www.polyclinic.com/provider-lookup/provider-detail-page.html?npi=1821140054&utm_campaign=website-link&utm_medium=organic&utm_source=local-listing
[!] Playwright failed for https://www.polyclinic.com/provider-lookup/provider-detail-page.html?npi=1821140054&utm_campaign=website-link&utm_medium=organic&utm_source=local-listing: BrowserType.launch: Executable doesn't exist at /Users/sam92/Library/Caches/ms-playwright/chromium_headless_shell-1217/chrome-headless-shell-mac-arm64/chrome-headless-shell
╔════════════════════════════════════════════════════════════╗
║ Looks like Playwright was just installed or updated.       ║
║ Please run the following command to download new browsers: ║
║                                                            ║
║     playwright install                                     ║
║                                                            ║
║ <3 Playwright Team                                         ║
╚════════════════════════════════════════════════════════════╝
[*] Extracted 22817 chars via Jina across 1 page(s), 0 JSON-LD schemas, 0 image candidates.
[*] Sending extraction request to OpenRouter (deepseek/deepseek-v4-flash)...
[*] Successfully extracted data for Duong (Young) Tran, PA-C
Đang làm giàu Google Places: Duong "Young" Tran, PA-C...
[*] Google Places match: Duong "Young" Tran, PA-C
[*] Summarizing 3 Google reviews with AI...
[*] Generating clinic image via google/gemini-3.1-flash-image-preview: Duong (Young) Tran, PA-C
[+] Uploaded image to Supabase Storage: https://smkyqdkuablxlexyuhgs.supabase.co/storage/v1/object/public/generated-images/generated-clinics/duong-young-tran-pa-c.webp
[*] Inserted new clinic into DB: Duong (Young) Tran, PA-C
✅ Đã lưu: Duong (Young) Tran, PA-C
Hoàn tất! Đã lưu 4/4 phòng khám.

>>> Dang chay: query='Korean speaking medical clinic in Seattle, WA', limit=3, lang=['Korean'], types=['medical_clinic'], override_specialty=None
Đang tìm Google Places cho từ khóa: 'Korean speaking medical clinic in Seattle, WA' (loại: medical_clinic) (ngôn ngữ yêu cầu: Korean)...
⛔ Bỏ qua (không phải cơ sở y tế): K Beauty Lab Seattle — types: beauty_salon
Tìm thấy 4 cơ sở y tế có website hợp lệ (đã lọc 1 nơi không phải y tế).
Bỏ qua đã tồn tại: Yoon Park
Bỏ qua đã tồn tại: Sung Shim Medical Clinic
Có 2 cơ sở mới. Bắt đầu scrape...
Đang cào dữ liệu: Edmonds Medical Clinic...
[*] Scraping URL: https://www.edmondsmedicalclinic.com/
[+] Jina Reader: 10205 chars for https://www.edmondsmedicalclinic.com/
[!] Playwright failed for https://www.edmondsmedicalclinic.com/: BrowserType.launch: Executable doesn't exist at /Users/sam92/Library/Caches/ms-playwright/chromium_headless_shell-1217/chrome-headless-shell-mac-arm64/chrome-headless-shell
╔════════════════════════════════════════════════════════════╗
║ Looks like Playwright was just installed or updated.       ║
║ Please run the following command to download new browsers: ║
║                                                            ║
║     playwright install                                     ║
║                                                            ║
║ <3 Playwright Team                                         ║
╚════════════════════════════════════════════════════════════╝
[*] Extracted 10332 chars via Jina across 1 page(s), 0 JSON-LD schemas, 0 image candidates.
[*] Sending extraction request to OpenRouter (deepseek/deepseek-v4-flash)...
[*] Successfully extracted data for Edmonds Medical Clinic
Đang làm giàu Google Places: Edmonds Medical Clinic...
[*] Google Places match: Edmonds Medical Clinic
[+] Uploaded image to Supabase Storage: https://smkyqdkuablxlexyuhgs.supabase.co/storage/v1/object/public/generated-images/generated-clinics/google-places/edmonds-medical-clinic-google-1.webp
[+] Uploaded image to Supabase Storage: https://smkyqdkuablxlexyuhgs.supabase.co/storage/v1/object/public/generated-images/generated-clinics/google-places/edmonds-medical-clinic-google-2.webp
[+] Uploaded image to Supabase Storage: https://smkyqdkuablxlexyuhgs.supabase.co/storage/v1/object/public/generated-images/generated-clinics/google-places/edmonds-medical-clinic-google-3.webp
[+] Uploaded image to Supabase Storage: https://smkyqdkuablxlexyuhgs.supabase.co/storage/v1/object/public/generated-images/generated-clinics/google-places/edmonds-medical-clinic-google-4.webp
[+] Uploaded image to Supabase Storage: https://smkyqdkuablxlexyuhgs.supabase.co/storage/v1/object/public/generated-images/generated-clinics/google-places/edmonds-medical-clinic-google-5.webp
[*] Summarizing 5 Google reviews with AI...
[*] Inserted new clinic into DB: Edmonds Medical Clinic
✅ Đã lưu: Edmonds Medical Clinic
Đang cào dữ liệu: Joo Family Clinic...
[*] Scraping URL: http://www.joofamilyclinic.com/
[+] Jina Reader: 12863 chars for http://www.joofamilyclinic.com/
[!] Playwright failed for http://www.joofamilyclinic.com/: BrowserType.launch: Executable doesn't exist at /Users/sam92/Library/Caches/ms-playwright/chromium_headless_shell-1217/chrome-headless-shell-mac-arm64/chrome-headless-shell
╔════════════════════════════════════════════════════════════╗
║ Looks like Playwright was just installed or updated.       ║
║ Please run the following command to download new browsers: ║
║                                                            ║
║     playwright install                                     ║
║                                                            ║
║ <3 Playwright Team                                         ║
╚════════════════════════════════════════════════════════════╝
[*] Extracted 12984 chars via Jina across 1 page(s), 0 JSON-LD schemas, 0 image candidates.
[*] Sending extraction request to OpenRouter (deepseek/deepseek-v4-flash)...
[*] Successfully extracted data for Joo Family Clinic
Đang làm giàu Google Places: Joo Family Clinic...
[*] Google Places match: Joo Family Clinic
[+] Uploaded image to Supabase Storage: https://smkyqdkuablxlexyuhgs.supabase.co/storage/v1/object/public/generated-images/generated-clinics/google-places/joo-family-clinic-google-1.webp
[+] Uploaded image to Supabase Storage: https://smkyqdkuablxlexyuhgs.supabase.co/storage/v1/object/public/generated-images/generated-clinics/google-places/joo-family-clinic-google-2.webp
[+] Uploaded image to Supabase Storage: https://smkyqdkuablxlexyuhgs.supabase.co/storage/v1/object/public/generated-images/generated-clinics/google-places/joo-family-clinic-google-3.webp
[+] Uploaded image to Supabase Storage: https://smkyqdkuablxlexyuhgs.supabase.co/storage/v1/object/public/generated-images/generated-clinics/google-places/joo-family-clinic-google-4.webp
[+] Uploaded image to Supabase Storage: https://smkyqdkuablxlexyuhgs.supabase.co/storage/v1/object/public/generated-images/generated-clinics/google-places/joo-family-clinic-google-5.webp
[*] Summarizing 5 Google reviews with AI...
[*] Inserted new clinic into DB: Joo Family Clinic
✅ Đã lưu: Joo Family Clinic
Hoàn tất! Đã lưu 2/3 phòng khám.

>>> Dang chay: query='Chinese speaking medical clinic in Seattle, WA', limit=3, lang=['Chinese'], types=['medical_clinic'], override_specialty=None
Đang tìm Google Places cho từ khóa: 'Chinese speaking medical clinic in Seattle, WA' (loại: medical_clinic) (ngôn ngữ yêu cầu: Chinese)...
⛔ Bỏ qua (không phải cơ sở y tế): Washington State Acupuncture And Chinese Medicine Center — types: massage
Tìm thấy 3 cơ sở y tế có website hợp lệ (đã lọc 1 nơi không phải y tế).
Có 3 cơ sở mới. Bắt đầu scrape...
Đang cào dữ liệu: Seattle Chinese Medical Center/Dr. Xindong Ma,O.M.D., LA.c...
[*] Scraping URL: https://www.seattlechinesemedicalcenter.com/
[+] Jina Reader: 2164 chars for https://www.seattlechinesemedicalcenter.com/
[!] Playwright failed for https://www.seattlechinesemedicalcenter.com/: BrowserType.launch: Executable doesn't exist at /Users/sam92/Library/Caches/ms-playwright/chromium_headless_shell-1217/chrome-headless-shell-mac-arm64/chrome-headless-shell
╔════════════════════════════════════════════════════════════╗
║ Looks like Playwright was just installed or updated.       ║
║ Please run the following command to download new browsers: ║
║                                                            ║
║     playwright install                                     ║
║                                                            ║
║ <3 Playwright Team                                         ║
╚════════════════════════════════════════════════════════════╝
[*] Extracted 2298 chars via Jina across 1 page(s), 0 JSON-LD schemas, 0 image candidates.
[*] Sending extraction request to OpenRouter (deepseek/deepseek-v4-flash)...
[*] Successfully extracted data for Seattle Chinese Medical Center
Đang làm giàu Google Places: Seattle Chinese Medical Center/Dr. Xindong Ma,O.M.D., LA.c...
[*] Google Places match: Seattle Chinese Medical Center/Dr. Xindong Ma,O.M.D., LA.c
[+] Uploaded image to Supabase Storage: https://smkyqdkuablxlexyuhgs.supabase.co/storage/v1/object/public/generated-images/generated-clinics/google-places/seattle-chinese-medical-center-google-1.webp
[*] Summarizing 5 Google reviews with AI...
[*] Inserted new clinic into DB: Seattle Chinese Medical Center
✅ Đã lưu: Seattle Chinese Medical Center
Đang cào dữ liệu: Dr. Xue Zhi Wang OMD,LCA...
[*] Scraping URL: http://drwangclinic.com/
[+] Jina Reader: 9758 chars for http://drwangclinic.com/
[!] Playwright failed for http://drwangclinic.com/: BrowserType.launch: Executable doesn't exist at /Users/sam92/Library/Caches/ms-playwright/chromium_headless_shell-1217/chrome-headless-shell-mac-arm64/chrome-headless-shell
╔════════════════════════════════════════════════════════════╗
║ Looks like Playwright was just installed or updated.       ║
║ Please run the following command to download new browsers: ║
║                                                            ║
║     playwright install                                     ║
║                                                            ║
║ <3 Playwright Team                                         ║
╚════════════════════════════════════════════════════════════╝
[*] Extracted 9872 chars via Jina across 1 page(s), 0 JSON-LD schemas, 0 image candidates.
[*] Sending extraction request to OpenRouter (deepseek/deepseek-v4-flash)...
[*] Successfully extracted data for Dr. Wang Clinic
⚠️ Cảnh báo Dr. Xue Zhi Wang OMD,LCA: website không nhắc đến ngôn ngữ yêu cầu (Chinese). Vẫn giữ lại theo kết quả Google Places (Ngôn ngữ gán: English, Chinese).
Đang làm giàu Google Places: Dr. Xue Zhi Wang OMD,LCA...
[*] Google Places match: Dr. Xue Zhi Wang OMD,LCA
[+] Uploaded image to Supabase Storage: https://smkyqdkuablxlexyuhgs.supabase.co/storage/v1/object/public/generated-images/generated-clinics/google-places/dr.-wang-clinic-google-1.webp
[+] Uploaded image to Supabase Storage: https://smkyqdkuablxlexyuhgs.supabase.co/storage/v1/object/public/generated-images/generated-clinics/google-places/dr.-wang-clinic-google-2.webp
[+] Uploaded image to Supabase Storage: https://smkyqdkuablxlexyuhgs.supabase.co/storage/v1/object/public/generated-images/generated-clinics/google-places/dr.-wang-clinic-google-3.webp
[+] Uploaded image to Supabase Storage: https://smkyqdkuablxlexyuhgs.supabase.co/storage/v1/object/public/generated-images/generated-clinics/google-places/dr.-wang-clinic-google-4.webp
[+] Uploaded image to Supabase Storage: https://smkyqdkuablxlexyuhgs.supabase.co/storage/v1/object/public/generated-images/generated-clinics/google-places/dr.-wang-clinic-google-5.webp
[*] Summarizing 5 Google reviews with AI...
[*] Inserted new clinic into DB: Dr. Wang Clinic
✅ Đã lưu: Dr. Wang Clinic
Đang cào dữ liệu: Chinese Acupuncture & Oriental Herbs Clinic...
[*] Scraping URL: http://www.lakecityacupuncture.com/
[+] Jina Reader: 2388 chars for http://www.lakecityacupuncture.com/
[!] Playwright failed for http://www.lakecityacupuncture.com/: BrowserType.launch: Executable doesn't exist at /Users/sam92/Library/Caches/ms-playwright/chromium_headless_shell-1217/chrome-headless-shell-mac-arm64/chrome-headless-shell
╔════════════════════════════════════════════════════════════╗
║ Looks like Playwright was just installed or updated.       ║
║ Please run the following command to download new browsers: ║
║                                                            ║
║     playwright install                                     ║
║                                                            ║
║ <3 Playwright Team                                         ║
╚════════════════════════════════════════════════════════════╝
[*] Extracted 2513 chars via Jina across 1 page(s), 0 JSON-LD schemas, 0 image candidates.
[*] Sending extraction request to OpenRouter (deepseek/deepseek-v4-flash)...
[*] Successfully extracted data for Chinese Acupuncture & Oriental Herbs Clinic
⚠️ Cảnh báo Chinese Acupuncture & Oriental Herbs Clinic: website không nhắc đến ngôn ngữ yêu cầu (Chinese). Vẫn giữ lại theo kết quả Google Places (Ngôn ngữ gán: English, Chinese).
Đang làm giàu Google Places: Chinese Acupuncture & Oriental Herbs Clinic...
[*] Google Places match: Chinese Acupuncture & Oriental Herbs Clinic
[+] Uploaded image to Supabase Storage: https://smkyqdkuablxlexyuhgs.supabase.co/storage/v1/object/public/generated-images/generated-clinics/google-places/chinese-acupuncture-oriental-herbs-clinic-google-1.webp
[+] Uploaded image to Supabase Storage: https://smkyqdkuablxlexyuhgs.supabase.co/storage/v1/object/public/generated-images/generated-clinics/google-places/chinese-acupuncture-oriental-herbs-clinic-google-2.webp
[+] Uploaded image to Supabase Storage: https://smkyqdkuablxlexyuhgs.supabase.co/storage/v1/object/public/generated-images/generated-clinics/google-places/chinese-acupuncture-oriental-herbs-clinic-google-3.webp
[+] Uploaded image to Supabase Storage: https://smkyqdkuablxlexyuhgs.supabase.co/storage/v1/object/public/generated-images/generated-clinics/google-places/chinese-acupuncture-oriental-herbs-clinic-google-4.webp
[+] Uploaded image to Supabase Storage: https://smkyqdkuablxlexyuhgs.supabase.co/storage/v1/object/public/generated-images/generated-clinics/google-places/chinese-acupuncture-oriental-herbs-clinic-google-5.webp
[*] Summarizing 5 Google reviews with AI...
[!] AI review summary failed for Chinese Acupuncture & Oriental Herbs Clinic: Expecting value: line 1 column 1 (char 0)
[*] Inserted new clinic into DB: Chinese Acupuncture & Oriental Herbs Clinic
✅ Đã lưu: Chinese Acupuncture & Oriental Herbs Clinic
Hoàn tất! Đã lưu 3/3 phòng khám.

--- CITY: Washington, D.C. (Goal: 10 clinics) ---

>>> Dang chay: query='Vietnamese speaking medical clinic in Washington, D.C.', limit=4, lang=['Vietnamese'], types=['medical_clinic'], override_specialty=None
Đang tìm Google Places cho từ khóa: 'Vietnamese speaking medical clinic in Washington, D.C.' (loại: medical_clinic) (ngôn ngữ yêu cầu: Vietnamese)...
Tìm thấy 5 cơ sở y tế có website hợp lệ (đã lọc 0 nơi không phải y tế).
Có 5 cơ sở mới. Bắt đầu scrape...
Đang cào dữ liệu: Dr Viet Nguyen...
[*] Scraping URL: http://fairfaxclinic.org/
[+] Jina Reader: 18999 chars for http://fairfaxclinic.org/
[!] Playwright failed for http://fairfaxclinic.org/: BrowserType.launch: Executable doesn't exist at /Users/sam92/Library/Caches/ms-playwright/chromium_headless_shell-1217/chrome-headless-shell-mac-arm64/chrome-headless-shell
╔════════════════════════════════════════════════════════════╗
║ Looks like Playwright was just installed or updated.       ║
║ Please run the following command to download new browsers: ║
║                                                            ║
║     playwright install                                     ║
║                                                            ║
║ <3 Playwright Team                                         ║
╚════════════════════════════════════════════════════════════╝
[*] Extracted 19114 chars via Jina across 1 page(s), 0 JSON-LD schemas, 0 image candidates.
[*] Sending extraction request to OpenRouter (deepseek/deepseek-v4-flash)...
[*] Successfully extracted data for Fairfax Clinic
⚠️ Cảnh báo Dr Viet Nguyen: website không nhắc đến ngôn ngữ yêu cầu (Vietnamese). Vẫn giữ lại theo kết quả Google Places (Ngôn ngữ gán: English, Vietnamese).
Đang làm giàu Google Places: Dr Viet Nguyen...
[*] Google Places match: Fairfax Clinic
[+] Uploaded image to Supabase Storage: https://smkyqdkuablxlexyuhgs.supabase.co/storage/v1/object/public/generated-images/generated-clinics/google-places/fairfax-clinic-google-1.webp
[+] Uploaded image to Supabase Storage: https://smkyqdkuablxlexyuhgs.supabase.co/storage/v1/object/public/generated-images/generated-clinics/google-places/fairfax-clinic-google-2.webp
[+] Uploaded image to Supabase Storage: https://smkyqdkuablxlexyuhgs.supabase.co/storage/v1/object/public/generated-images/generated-clinics/google-places/fairfax-clinic-google-3.webp
[+] Uploaded image to Supabase Storage: https://smkyqdkuablxlexyuhgs.supabase.co/storage/v1/object/public/generated-images/generated-clinics/google-places/fairfax-clinic-google-4.webp
[+] Uploaded image to Supabase Storage: https://smkyqdkuablxlexyuhgs.supabase.co/storage/v1/object/public/generated-images/generated-clinics/google-places/fairfax-clinic-google-5.webp
[*] Summarizing 5 Google reviews with AI...
[*] Inserted new clinic into DB: Fairfax Clinic
✅ Đã lưu: Fairfax Clinic
Đang cào dữ liệu: Washington DC Veterans Affairs Medical Center-Yellow Clinic...
[*] Scraping URL: https://www.washingtondc.va.gov/Library/Oncology.asp
[!] Jina Reader failed for https://www.washingtondc.va.gov/Library/Oncology.asp: HTTP Error 422: Unprocessable Entity
[!] Playwright failed for https://www.washingtondc.va.gov/Library/Oncology.asp: BrowserType.launch: Executable doesn't exist at /Users/sam92/Library/Caches/ms-playwright/chromium_headless_shell-1217/chrome-headless-shell-mac-arm64/chrome-headless-shell
╔════════════════════════════════════════════════════════════╗
║ Looks like Playwright was just installed or updated.       ║
║ Please run the following command to download new browsers: ║
║                                                            ║
║     playwright install                                     ║
║                                                            ║
║ <3 Playwright Team                                         ║
╚════════════════════════════════════════════════════════════╝
Bỏ qua Washington DC Veterans Affairs Medical Center-Yellow Clinic: không lấy được nội dung website.
Đang cào dữ liệu: La Clinica del Pueblo...
[*] Scraping URL: http://www.lcdp.org/
[+] Jina Reader: 7306 chars for http://www.lcdp.org/
[!] Playwright failed for http://www.lcdp.org/: BrowserType.launch: Executable doesn't exist at /Users/sam92/Library/Caches/ms-playwright/chromium_headless_shell-1217/chrome-headless-shell-mac-arm64/chrome-headless-shell
╔════════════════════════════════════════════════════════════╗
║ Looks like Playwright was just installed or updated.       ║
║ Please run the following command to download new browsers: ║
║                                                            ║
║     playwright install                                     ║
║                                                            ║
║ <3 Playwright Team                                         ║
╚════════════════════════════════════════════════════════════╝
[*] Extracted 7416 chars via Jina across 1 page(s), 0 JSON-LD schemas, 0 image candidates.
[*] Sending extraction request to OpenRouter (deepseek/deepseek-v4-flash)...
[*] Successfully extracted data for La Clinica del Pueblo
⚠️ Cảnh báo La Clinica del Pueblo: website không nhắc đến ngôn ngữ yêu cầu (Vietnamese). Vẫn giữ lại theo kết quả Google Places (Ngôn ngữ gán: English, Spanish, Vietnamese).
Đang làm giàu Google Places: La Clinica del Pueblo...
[*] Google Places match: La Clinica del Pueblo
[+] Uploaded image to Supabase Storage: https://smkyqdkuablxlexyuhgs.supabase.co/storage/v1/object/public/generated-images/generated-clinics/google-places/la-clinica-del-pueblo-google-1.webp
[+] Uploaded image to Supabase Storage: https://smkyqdkuablxlexyuhgs.supabase.co/storage/v1/object/public/generated-images/generated-clinics/google-places/la-clinica-del-pueblo-google-2.webp
[+] Uploaded image to Supabase Storage: https://smkyqdkuablxlexyuhgs.supabase.co/storage/v1/object/public/generated-images/generated-clinics/google-places/la-clinica-del-pueblo-google-3.webp
[+] Uploaded image to Supabase Storage: https://smkyqdkuablxlexyuhgs.supabase.co/storage/v1/object/public/generated-images/generated-clinics/google-places/la-clinica-del-pueblo-google-4.webp
[+] Uploaded image to Supabase Storage: https://smkyqdkuablxlexyuhgs.supabase.co/storage/v1/object/public/generated-images/generated-clinics/google-places/la-clinica-del-pueblo-google-5.webp
[*] Summarizing 5 Google reviews with AI...
[*] Inserted new clinic into DB: La Clinica del Pueblo
✅ Đã lưu: La Clinica del Pueblo
Đang cào dữ liệu: Annie Chan, FNP-BC...
[*] Scraping URL: https://www.duowellnessrejuvenation.com/
[!] Jina Reader failed for https://www.duowellnessrejuvenation.com/: The read operation timed out
[!] Playwright failed for https://www.duowellnessrejuvenation.com/: BrowserType.launch: Executable doesn't exist at /Users/sam92/Library/Caches/ms-playwright/chromium_headless_shell-1217/chrome-headless-shell-mac-arm64/chrome-headless-shell
╔════════════════════════════════════════════════════════════╗
║ Looks like Playwright was just installed or updated.       ║
║ Please run the following command to download new browsers: ║
║                                                            ║
║     playwright install                                     ║
║                                                            ║
║ <3 Playwright Team                                         ║
╚════════════════════════════════════════════════════════════╝
Bỏ qua Annie Chan, FNP-BC: không lấy được nội dung website.
Đang cào dữ liệu: DerVan Healthcare Services...
[*] Scraping URL: http://www.dervanhealthcareservices.com/medical-clinic-about-us/hipaa-privacy-policy
[!] Jina content too short (96 chars) for http://www.dervanhealthcareservices.com/medical-clinic-about-us/hipaa-privacy-policy — will use Playwright text.
[!] Playwright failed for http://www.dervanhealthcareservices.com/medical-clinic-about-us/hipaa-privacy-policy: BrowserType.launch: Executable doesn't exist at /Users/sam92/Library/Caches/ms-playwright/chromium_headless_shell-1217/chrome-headless-shell-mac-arm64/chrome-headless-shell
╔════════════════════════════════════════════════════════════╗
║ Looks like Playwright was just installed or updated.       ║
║ Please run the following command to download new browsers: ║
║                                                            ║
║     playwright install                                     ║
║                                                            ║
║ <3 Playwright Team                                         ║
╚════════════════════════════════════════════════════════════╝
Bỏ qua DerVan Healthcare Services: không lấy được nội dung website.
Hoàn tất! Đã lưu 2/4 phòng khám.

>>> Dang chay: query='Korean speaking medical clinic in Washington, D.C.', limit=3, lang=['Korean'], types=['medical_clinic'], override_specialty=None
Đang tìm Google Places cho từ khóa: 'Korean speaking medical clinic in Washington, D.C.' (loại: medical_clinic) (ngôn ngữ yêu cầu: Korean)...
Tìm thấy 5 cơ sở y tế có website hợp lệ (đã lọc 0 nơi không phải y tế).
Có 5 cơ sở mới. Bắt đầu scrape...
Đang cào dữ liệu: One Medical Primary Care Clinic - Metro Center...
[*] Scraping URL: https://onemedical.com/locations/dc/1001g?y_source=1_MTA1Mzk0OTM4NS03MTUtbG9jYXRpb24ud2Vic2l0ZQ%3D%3D
[+] Jina Reader: 14126 chars for https://onemedical.com/locations/dc/1001g?y_source=1_MTA1Mzk0OTM4NS03MTUtbG9jYXRpb24ud2Vic2l0ZQ%3D%3D
[!] Playwright failed for https://onemedical.com/locations/dc/1001g?y_source=1_MTA1Mzk0OTM4NS03MTUtbG9jYXRpb24ud2Vic2l0ZQ%3D%3D: BrowserType.launch: Executable doesn't exist at /Users/sam92/Library/Caches/ms-playwright/chromium_headless_shell-1217/chrome-headless-shell-mac-arm64/chrome-headless-shell
╔════════════════════════════════════════════════════════════╗
║ Looks like Playwright was just installed or updated.       ║
║ Please run the following command to download new browsers: ║
║                                                            ║
║     playwright install                                     ║
║                                                            ║
║ <3 Playwright Team                                         ║
╚════════════════════════════════════════════════════════════╝
[*] Extracted 14317 chars via Jina across 1 page(s), 0 JSON-LD schemas, 0 image candidates.
[*] Sending extraction request to OpenRouter (deepseek/deepseek-v4-flash)...
[*] Successfully extracted data for One Medical Primary Care Clinic - Metro Center
⚠️ Cảnh báo One Medical Primary Care Clinic - Metro Center: website không nhắc đến ngôn ngữ yêu cầu (Korean). Vẫn giữ lại theo kết quả Google Places (Ngôn ngữ gán: English, Korean).
Đang làm giàu Google Places: One Medical Primary Care Clinic - Metro Center...
[*] Google Places match: One Medical Primary Care Clinic - Metro Center
[+] Uploaded image to Supabase Storage: https://smkyqdkuablxlexyuhgs.supabase.co/storage/v1/object/public/generated-images/generated-clinics/google-places/one-medical-primary-care-clinic-metro-center-google-1.webp
[+] Uploaded image to Supabase Storage: https://smkyqdkuablxlexyuhgs.supabase.co/storage/v1/object/public/generated-images/generated-clinics/google-places/one-medical-primary-care-clinic-metro-center-google-2.webp
[+] Uploaded image to Supabase Storage: https://smkyqdkuablxlexyuhgs.supabase.co/storage/v1/object/public/generated-images/generated-clinics/google-places/one-medical-primary-care-clinic-metro-center-google-3.webp
[+] Uploaded image to Supabase Storage: https://smkyqdkuablxlexyuhgs.supabase.co/storage/v1/object/public/generated-images/generated-clinics/google-places/one-medical-primary-care-clinic-metro-center-google-4.webp
[+] Uploaded image to Supabase Storage: https://smkyqdkuablxlexyuhgs.supabase.co/storage/v1/object/public/generated-images/generated-clinics/google-places/one-medical-primary-care-clinic-metro-center-google-5.webp
[*] Summarizing 5 Google reviews with AI...
[*] Inserted new clinic into DB: One Medical Primary Care Clinic - Metro Center
✅ Đã lưu: One Medical Primary Care Clinic - Metro Center
Đang cào dữ liệu: GW Primary Care - McPherson Square...
[*] Scraping URL: https://gwdocs.com/locations/gw-primary-care-mcpherson-square
[+] Jina Reader: 6110 chars for https://gwdocs.com/locations/gw-primary-care-mcpherson-square
[!] Playwright failed for https://gwdocs.com/locations/gw-primary-care-mcpherson-square: BrowserType.launch: Executable doesn't exist at /Users/sam92/Library/Caches/ms-playwright/chromium_headless_shell-1217/chrome-headless-shell-mac-arm64/chrome-headless-shell
╔════════════════════════════════════════════════════════════╗
║ Looks like Playwright was just installed or updated.       ║
║ Please run the following command to download new browsers: ║
║                                                            ║
║     playwright install                                     ║
║                                                            ║
║ <3 Playwright Team                                         ║
╚════════════════════════════════════════════════════════════╝
[*] Extracted 6261 chars via Jina across 1 page(s), 0 JSON-LD schemas, 0 image candidates.
[*] Sending extraction request to OpenRouter (deepseek/deepseek-v4-flash)...
[*] Successfully extracted data for GW Primary Care - McPherson Square
⚠️ Cảnh báo GW Primary Care - McPherson Square: website không nhắc đến ngôn ngữ yêu cầu (Korean). Vẫn giữ lại theo kết quả Google Places (Ngôn ngữ gán: English, Korean).
Đang làm giàu Google Places: GW Primary Care - McPherson Square...
[*] Google Places match: GW Primary Care - McPherson Square
[+] Uploaded image to Supabase Storage: https://smkyqdkuablxlexyuhgs.supabase.co/storage/v1/object/public/generated-images/generated-clinics/google-places/gw-primary-care-mcpherson-square-google-1.webp
[+] Uploaded image to Supabase Storage: https://smkyqdkuablxlexyuhgs.supabase.co/storage/v1/object/public/generated-images/generated-clinics/google-places/gw-primary-care-mcpherson-square-google-2.webp
[+] Uploaded image to Supabase Storage: https://smkyqdkuablxlexyuhgs.supabase.co/storage/v1/object/public/generated-images/generated-clinics/google-places/gw-primary-care-mcpherson-square-google-3.webp
[+] Uploaded image to Supabase Storage: https://smkyqdkuablxlexyuhgs.supabase.co/storage/v1/object/public/generated-images/generated-clinics/google-places/gw-primary-care-mcpherson-square-google-4.webp
[+] Uploaded image to Supabase Storage: https://smkyqdkuablxlexyuhgs.supabase.co/storage/v1/object/public/generated-images/generated-clinics/google-places/gw-primary-care-mcpherson-square-google-5.webp
[*] Summarizing 5 Google reviews with AI...
[*] Inserted new clinic into DB: GW Primary Care - McPherson Square
✅ Đã lưu: GW Primary Care - McPherson Square
Đang cào dữ liệu: One Medical Primary Care Clinic - Union Station...
[*] Scraping URL: https://onemedical.com/locations/dc/unionstation?y_source=1_MTA1Mzk0OTQzMC03MTUtbG9jYXRpb24ud2Vic2l0ZQ%3D%3D
[+] Jina Reader: 14221 chars for https://onemedical.com/locations/dc/unionstation?y_source=1_MTA1Mzk0OTQzMC03MTUtbG9jYXRpb24ud2Vic2l0ZQ%3D%3D
[!] Playwright failed for https://onemedical.com/locations/dc/unionstation?y_source=1_MTA1Mzk0OTQzMC03MTUtbG9jYXRpb24ud2Vic2l0ZQ%3D%3D: BrowserType.launch: Executable doesn't exist at /Users/sam92/Library/Caches/ms-playwright/chromium_headless_shell-1217/chrome-headless-shell-mac-arm64/chrome-headless-shell
╔════════════════════════════════════════════════════════════╗
║ Looks like Playwright was just installed or updated.       ║
║ Please run the following command to download new browsers: ║
║                                                            ║
║     playwright install                                     ║
║                                                            ║
║ <3 Playwright Team                                         ║
╚════════════════════════════════════════════════════════════╝
[*] Extracted 14419 chars via Jina across 1 page(s), 0 JSON-LD schemas, 0 image candidates.
[*] Sending extraction request to OpenRouter (deepseek/deepseek-v4-flash)...
[*] Successfully extracted data for One Medical Primary Care Clinic - Union Station
⚠️ Cảnh báo One Medical Primary Care Clinic - Union Station: website không nhắc đến ngôn ngữ yêu cầu (Korean). Vẫn giữ lại theo kết quả Google Places (Ngôn ngữ gán: English, Korean).
Đang làm giàu Google Places: One Medical Primary Care Clinic - Union Station...
[*] Google Places match: One Medical Primary Care Clinic - Union Station
[+] Uploaded image to Supabase Storage: https://smkyqdkuablxlexyuhgs.supabase.co/storage/v1/object/public/generated-images/generated-clinics/google-places/one-medical-primary-care-clinic-union-station-google-1.webp
[+] Uploaded image to Supabase Storage: https://smkyqdkuablxlexyuhgs.supabase.co/storage/v1/object/public/generated-images/generated-clinics/google-places/one-medical-primary-care-clinic-union-station-google-2.webp
[+] Uploaded image to Supabase Storage: https://smkyqdkuablxlexyuhgs.supabase.co/storage/v1/object/public/generated-images/generated-clinics/google-places/one-medical-primary-care-clinic-union-station-google-3.webp
[+] Uploaded image to Supabase Storage: https://smkyqdkuablxlexyuhgs.supabase.co/storage/v1/object/public/generated-images/generated-clinics/google-places/one-medical-primary-care-clinic-union-station-google-4.webp
[+] Uploaded image to Supabase Storage: https://smkyqdkuablxlexyuhgs.supabase.co/storage/v1/object/public/generated-images/generated-clinics/google-places/one-medical-primary-care-clinic-union-station-google-5.webp
[*] Summarizing 5 Google reviews with AI...
[!] AI review summary failed for One Medical Primary Care Clinic - Union Station: Expecting value: line 1 column 1 (char 0)
[*] Inserted new clinic into DB: One Medical Primary Care Clinic - Union Station
✅ Đã lưu: One Medical Primary Care Clinic - Union Station
Hoàn tất! Đã lưu 3/3 phòng khám.

>>> Dang chay: query='Chinese speaking medical clinic in Washington, D.C.', limit=3, lang=['Chinese'], types=['medical_clinic'], override_specialty=None
Đang tìm Google Places cho từ khóa: 'Chinese speaking medical clinic in Washington, D.C.' (loại: medical_clinic) (ngôn ngữ yêu cầu: Chinese)...
⛔ Bỏ qua (không phải cơ sở y tế): Washinton Wellness Center for Chinese Medicine — types: massage
Tìm thấy 4 cơ sở y tế có website hợp lệ (đã lọc 1 nơi không phải y tế).
Có 4 cơ sở mới. Bắt đầu scrape...
Đang cào dữ liệu: Washington Acupuncture & Traditional Chinese Herbal Medicine...
[*] Scraping URL: http://acupuncture-dc.net/
[+] Jina Reader: 6863 chars for http://acupuncture-dc.net/
[!] Playwright failed for http://acupuncture-dc.net/: BrowserType.launch: Executable doesn't exist at /Users/sam92/Library/Caches/ms-playwright/chromium_headless_shell-1217/chrome-headless-shell-mac-arm64/chrome-headless-shell
╔════════════════════════════════════════════════════════════╗
║ Looks like Playwright was just installed or updated.       ║
║ Please run the following command to download new browsers: ║
║                                                            ║
║     playwright install                                     ║
║                                                            ║
║ <3 Playwright Team                                         ║
╚════════════════════════════════════════════════════════════╝
[*] Extracted 6979 chars via Jina across 1 page(s), 0 JSON-LD schemas, 0 image candidates.
[*] Sending extraction request to OpenRouter (deepseek/deepseek-v4-flash)...
[*] Successfully extracted data for Washington Acupuncture & Traditional Chinese Herbal Medicine
⚠️ Cảnh báo Washington Acupuncture & Traditional Chinese Herbal Medicine: website không nhắc đến ngôn ngữ yêu cầu (Chinese). Vẫn giữ lại theo kết quả Google Places (Ngôn ngữ gán: English, Chinese).
Đang làm giàu Google Places: Washington Acupuncture & Traditional Chinese Herbal Medicine...
[*] Google Places match: Washington Acupuncture & Traditional Chinese Herbal Medicine
[+] Uploaded image to Supabase Storage: https://smkyqdkuablxlexyuhgs.supabase.co/storage/v1/object/public/generated-images/generated-clinics/google-places/washington-acupuncture-traditional-chinese-herbal-medicine-google-1.webp
[+] Uploaded image to Supabase Storage: https://smkyqdkuablxlexyuhgs.supabase.co/storage/v1/object/public/generated-images/generated-clinics/google-places/washington-acupuncture-traditional-chinese-herbal-medicine-google-2.webp
[+] Uploaded image to Supabase Storage: https://smkyqdkuablxlexyuhgs.supabase.co/storage/v1/object/public/generated-images/generated-clinics/google-places/washington-acupuncture-traditional-chinese-herbal-medicine-google-3.webp
[+] Uploaded image to Supabase Storage: https://smkyqdkuablxlexyuhgs.supabase.co/storage/v1/object/public/generated-images/generated-clinics/google-places/washington-acupuncture-traditional-chinese-herbal-medicine-google-4.webp
[+] Uploaded image to Supabase Storage: https://smkyqdkuablxlexyuhgs.supabase.co/storage/v1/object/public/generated-images/generated-clinics/google-places/washington-acupuncture-traditional-chinese-herbal-medicine-google-5.webp
[*] Summarizing 5 Google reviews with AI...
[*] Inserted new clinic into DB: Washington Acupuncture & Traditional Chinese Herbal Medicine
✅ Đã lưu: Washington Acupuncture & Traditional Chinese Herbal Medicine
Đang cào dữ liệu: Chinese Acupuncture & Herb Center...
[*] Scraping URL: http://www.chineseacupunctureherbcenter.net/
[+] Jina Reader: 14232 chars for http://www.chineseacupunctureherbcenter.net/
[!] Playwright failed for http://www.chineseacupunctureherbcenter.net/: BrowserType.launch: Executable doesn't exist at /Users/sam92/Library/Caches/ms-playwright/chromium_headless_shell-1217/chrome-headless-shell-mac-arm64/chrome-headless-shell
╔════════════════════════════════════════════════════════════╗
║ Looks like Playwright was just installed or updated.       ║
║ Please run the following command to download new browsers: ║
║                                                            ║
║     playwright install                                     ║
║                                                            ║
║ <3 Playwright Team                                         ║
╚════════════════════════════════════════════════════════════╝
[*] Extracted 14366 chars via Jina across 1 page(s), 0 JSON-LD schemas, 0 image candidates.
[*] Sending extraction request to OpenRouter (deepseek/deepseek-v4-flash)...
[*] Successfully extracted data for Chinese Acupuncture & Herb Center
⚠️ Cảnh báo Chinese Acupuncture & Herb Center: website không nhắc đến ngôn ngữ yêu cầu (Chinese). Vẫn giữ lại theo kết quả Google Places (Ngôn ngữ gán: English, Chinese).
Đang làm giàu Google Places: Chinese Acupuncture & Herb Center...
[*] Google Places match: Chinese Acupuncture and Herb Center
[*] Generating clinic image via google/gemini-3.1-flash-image-preview: Chinese Acupuncture & Herb Center
[+] Uploaded image to Supabase Storage: https://smkyqdkuablxlexyuhgs.supabase.co/storage/v1/object/public/generated-images/generated-clinics/chinese-acupuncture-herb-center.webp
[*] Inserted new clinic into DB: Chinese Acupuncture & Herb Center
✅ Đã lưu: Chinese Acupuncture & Herb Center
Đang cào dữ liệu: Washington Acupuncture Center...
[*] Scraping URL: https://dc-acupuncture-chinesemedicine.com/
[+] Jina Reader: 20490 chars for https://dc-acupuncture-chinesemedicine.com/
[!] Playwright failed for https://dc-acupuncture-chinesemedicine.com/: BrowserType.launch: Executable doesn't exist at /Users/sam92/Library/Caches/ms-playwright/chromium_headless_shell-1217/chrome-headless-shell-mac-arm64/chrome-headless-shell
╔════════════════════════════════════════════════════════════╗
║ Looks like Playwright was just installed or updated.       ║
║ Please run the following command to download new browsers: ║
║                                                            ║
║     playwright install                                     ║
║                                                            ║
║ <3 Playwright Team                                         ║
╚════════════════════════════════════════════════════════════╝
[*] Extracted 20623 chars via Jina across 1 page(s), 0 JSON-LD schemas, 0 image candidates.
[*] Sending extraction request to OpenRouter (deepseek/deepseek-v4-flash)...
[*] Successfully extracted data for Washington Acupuncture Center
⚠️ Cảnh báo Washington Acupuncture Center: website không nhắc đến ngôn ngữ yêu cầu (Chinese). Vẫn giữ lại theo kết quả Google Places (Ngôn ngữ gán: English, Chinese).
Đang làm giàu Google Places: Washington Acupuncture Center...
[*] Google Places match: Washington Acupuncture Center
[+] Uploaded image to Supabase Storage: https://smkyqdkuablxlexyuhgs.supabase.co/storage/v1/object/public/generated-images/generated-clinics/google-places/washington-acupuncture-center-google-1.webp
[+] Uploaded image to Supabase Storage: https://smkyqdkuablxlexyuhgs.supabase.co/storage/v1/object/public/generated-images/generated-clinics/google-places/washington-acupuncture-center-google-2.webp
[*] Inserted new clinic into DB: Washington Acupuncture Center
✅ Đã lưu: Washington Acupuncture Center
Hoàn tất! Đã lưu 3/3 phòng khám.

--- CITY: San Diego, CA (Goal: 10 clinics) ---

>>> Dang chay: query='Vietnamese speaking medical clinic in San Diego, CA', limit=4, lang=['Vietnamese'], types=['medical_clinic'], override_specialty=None
Đang tìm Google Places cho từ khóa: 'Vietnamese speaking medical clinic in San Diego, CA' (loại: medical_clinic) (ngôn ngữ yêu cầu: Vietnamese)...
Tìm thấy 3 cơ sở y tế có website hợp lệ (đã lọc 0 nơi không phải y tế).
Có 3 cơ sở mới. Bắt đầu scrape...
Đang cào dữ liệu: Dao Medical Clinic...
[*] Scraping URL: https://www.sharp.com/doctors/viet-dao
[+] Jina Reader: 17609 chars for https://www.sharp.com/doctors/viet-dao
[!] Playwright failed for https://www.sharp.com/doctors/viet-dao: BrowserType.launch: Executable doesn't exist at /Users/sam92/Library/Caches/ms-playwright/chromium_headless_shell-1217/chrome-headless-shell-mac-arm64/chrome-headless-shell
╔════════════════════════════════════════════════════════════╗
║ Looks like Playwright was just installed or updated.       ║
║ Please run the following command to download new browsers: ║
║                                                            ║
║     playwright install                                     ║
║                                                            ║
║ <3 Playwright Team                                         ║
╚════════════════════════════════════════════════════════════╝
[*] Extracted 17737 chars via Jina across 1 page(s), 0 JSON-LD schemas, 0 image candidates.
[*] Sending extraction request to OpenRouter (deepseek/deepseek-v4-flash)...
[*] Successfully extracted data for Dao Medical Clinic
Đang làm giàu Google Places: Dao Medical Clinic...
[*] Google Places match: Viet T. Dao, MD - 2363 Ulric St
[+] Uploaded image to Supabase Storage: https://smkyqdkuablxlexyuhgs.supabase.co/storage/v1/object/public/generated-images/generated-clinics/google-places/dao-medical-clinic-google-1.webp
[+] Uploaded image to Supabase Storage: https://smkyqdkuablxlexyuhgs.supabase.co/storage/v1/object/public/generated-images/generated-clinics/google-places/dao-medical-clinic-google-2.webp
[+] Uploaded image to Supabase Storage: https://smkyqdkuablxlexyuhgs.supabase.co/storage/v1/object/public/generated-images/generated-clinics/google-places/dao-medical-clinic-google-3.webp
[+] Uploaded image to Supabase Storage: https://smkyqdkuablxlexyuhgs.supabase.co/storage/v1/object/public/generated-images/generated-clinics/google-places/dao-medical-clinic-google-4.webp
[*] Summarizing 5 Google reviews with AI...
[!] AI review summary failed for Dao Medical Clinic: Expecting value: line 1 column 1 (char 0)
[*] Inserted new clinic into DB: Dao Medical Clinic
✅ Đã lưu: Dao Medical Clinic
Đang cào dữ liệu: Danh C Truong Medical Office...
[*] Scraping URL: https://weence.com/medical/doctors/san-diego/danh-c-truong-medical-office/
[+] Jina Reader: 9167 chars for https://weence.com/medical/doctors/san-diego/danh-c-truong-medical-office/
[!] Playwright failed for https://weence.com/medical/doctors/san-diego/danh-c-truong-medical-office/: BrowserType.launch: Executable doesn't exist at /Users/sam92/Library/Caches/ms-playwright/chromium_headless_shell-1217/chrome-headless-shell-mac-arm64/chrome-headless-shell
╔════════════════════════════════════════════════════════════╗
║ Looks like Playwright was just installed or updated.       ║
║ Please run the following command to download new browsers: ║
║                                                            ║
║     playwright install                                     ║
║                                                            ║
║ <3 Playwright Team                                         ║
╚════════════════════════════════════════════════════════════╝
[*] Extracted 9331 chars via Jina across 1 page(s), 0 JSON-LD schemas, 0 image candidates.
[*] Sending extraction request to OpenRouter (deepseek/deepseek-v4-flash)...
[*] Successfully extracted data for Danh C Truong Medical Office
⚠️ Cảnh báo Danh C Truong Medical Office: website không nhắc đến ngôn ngữ yêu cầu (Vietnamese). Vẫn giữ lại theo kết quả Google Places (Ngôn ngữ gán: English, Vietnamese).
Đang làm giàu Google Places: Danh C Truong Medical Office...
[*] Google Places match: Danh C Truong Medical Office
[+] Uploaded image to Supabase Storage: https://smkyqdkuablxlexyuhgs.supabase.co/storage/v1/object/public/generated-images/generated-clinics/google-places/danh-c-truong-medical-office-google-1.webp
[+] Uploaded image to Supabase Storage: https://smkyqdkuablxlexyuhgs.supabase.co/storage/v1/object/public/generated-images/generated-clinics/google-places/danh-c-truong-medical-office-google-2.webp
[+] Uploaded image to Supabase Storage: https://smkyqdkuablxlexyuhgs.supabase.co/storage/v1/object/public/generated-images/generated-clinics/google-places/danh-c-truong-medical-office-google-3.webp
[+] Uploaded image to Supabase Storage: https://smkyqdkuablxlexyuhgs.supabase.co/storage/v1/object/public/generated-images/generated-clinics/google-places/danh-c-truong-medical-office-google-4.webp
[+] Uploaded image to Supabase Storage: https://smkyqdkuablxlexyuhgs.supabase.co/storage/v1/object/public/generated-images/generated-clinics/google-places/danh-c-truong-medical-office-google-5.webp
[*] Summarizing 5 Google reviews with AI...
[*] Inserted new clinic into DB: Danh C Truong Medical Office
✅ Đã lưu: Danh C Truong Medical Office
Đang cào dữ liệu: Mongtinh M. Tran-Liu, Physician...
[*] Scraping URL: http://www.sandiego.va.gov/
[+] Jina Reader: 20903 chars for http://www.sandiego.va.gov/
[!] Playwright failed for http://www.sandiego.va.gov/: BrowserType.launch: Executable doesn't exist at /Users/sam92/Library/Caches/ms-playwright/chromium_headless_shell-1217/chrome-headless-shell-mac-arm64/chrome-headless-shell
╔════════════════════════════════════════════════════════════╗
║ Looks like Playwright was just installed or updated.       ║
║ Please run the following command to download new browsers: ║
║                                                            ║
║     playwright install                                     ║
║                                                            ║
║ <3 Playwright Team                                         ║
╚════════════════════════════════════════════════════════════╝
[*] Extracted 21020 chars via Jina across 1 page(s), 0 JSON-LD schemas, 0 image candidates.
[*] Sending extraction request to OpenRouter (deepseek/deepseek-v4-flash)...
[*] Successfully extracted data for Mongtinh M. Tran-Liu, Physician
⚠️ Cảnh báo Mongtinh M. Tran-Liu, Physician: website không nhắc đến ngôn ngữ yêu cầu (Vietnamese). Vẫn giữ lại theo kết quả Google Places (Ngôn ngữ gán: English, Vietnamese).
Đang làm giàu Google Places: Mongtinh M. Tran-Liu, Physician...
[*] Google Places match: VA Medical Center-San Diego
[+] Uploaded image to Supabase Storage: https://smkyqdkuablxlexyuhgs.supabase.co/storage/v1/object/public/generated-images/generated-clinics/google-places/mongtinh-m.-tran-liu-physician-google-1.webp
[+] Uploaded image to Supabase Storage: https://smkyqdkuablxlexyuhgs.supabase.co/storage/v1/object/public/generated-images/generated-clinics/google-places/mongtinh-m.-tran-liu-physician-google-2.webp
[+] Uploaded image to Supabase Storage: https://smkyqdkuablxlexyuhgs.supabase.co/storage/v1/object/public/generated-images/generated-clinics/google-places/mongtinh-m.-tran-liu-physician-google-3.webp
[+] Uploaded image to Supabase Storage: https://smkyqdkuablxlexyuhgs.supabase.co/storage/v1/object/public/generated-images/generated-clinics/google-places/mongtinh-m.-tran-liu-physician-google-4.webp
[+] Uploaded image to Supabase Storage: https://smkyqdkuablxlexyuhgs.supabase.co/storage/v1/object/public/generated-images/generated-clinics/google-places/mongtinh-m.-tran-liu-physician-google-5.webp
[*] Summarizing 5 Google reviews with AI...
[*] Inserted new clinic into DB: Mongtinh M. Tran-Liu, Physician
✅ Đã lưu: Mongtinh M. Tran-Liu, Physician
Hoàn tất! Đã lưu 3/4 phòng khám.

>>> Dang chay: query='Korean speaking medical clinic in San Diego, CA', limit=3, lang=['Korean'], types=['medical_clinic'], override_specialty=None
Đang tìm Google Places cho từ khóa: 'Korean speaking medical clinic in San Diego, CA' (loại: medical_clinic) (ngôn ngữ yêu cầu: Korean)...
⛔ Bỏ qua (không phải cơ sở y tế): The Skin Korea — types: spa
Tìm thấy 4 cơ sở y tế có website hợp lệ (đã lọc 1 nơi không phải y tế).
Có 4 cơ sở mới. Bắt đầu scrape...
Đang cào dữ liệu: Woori Medical Group 우리성모병원...
[*] Scraping URL: http://sdwoori.com/
[+] Jina Reader: 3833 chars for http://sdwoori.com/
[!] Playwright failed for http://sdwoori.com/: BrowserType.launch: Executable doesn't exist at /Users/sam92/Library/Caches/ms-playwright/chromium_headless_shell-1217/chrome-headless-shell-mac-arm64/chrome-headless-shell
╔════════════════════════════════════════════════════════════╗
║ Looks like Playwright was just installed or updated.       ║
║ Please run the following command to download new browsers: ║
║                                                            ║
║     playwright install                                     ║
║                                                            ║
║ <3 Playwright Team                                         ║
╚════════════════════════════════════════════════════════════╝
[*] Extracted 3942 chars via Jina across 1 page(s), 0 JSON-LD schemas, 0 image candidates.
[*] Sending extraction request to OpenRouter (deepseek/deepseek-v4-flash)...
[*] Successfully extracted data for Woori Medical Group 우리성모병원
Đang làm giàu Google Places: Woori Medical Group 우리성모병원...
[*] Google Places match: Woori Medical Group 우리성모병원
[+] Uploaded image to Supabase Storage: https://smkyqdkuablxlexyuhgs.supabase.co/storage/v1/object/public/generated-images/generated-clinics/google-places/woori-medical-group-google-1.webp
[+] Uploaded image to Supabase Storage: https://smkyqdkuablxlexyuhgs.supabase.co/storage/v1/object/public/generated-images/generated-clinics/google-places/woori-medical-group-google-2.webp
[+] Uploaded image to Supabase Storage: https://smkyqdkuablxlexyuhgs.supabase.co/storage/v1/object/public/generated-images/generated-clinics/google-places/woori-medical-group-google-3.webp
[+] Uploaded image to Supabase Storage: https://smkyqdkuablxlexyuhgs.supabase.co/storage/v1/object/public/generated-images/generated-clinics/google-places/woori-medical-group-google-4.webp
[+] Uploaded image to Supabase Storage: https://smkyqdkuablxlexyuhgs.supabase.co/storage/v1/object/public/generated-images/generated-clinics/google-places/woori-medical-group-google-5.webp
[*] Summarizing 5 Google reviews with AI...
[*] Inserted new clinic into DB: Woori Medical Group 우리성모병원
✅ Đã lưu: Woori Medical Group 우리성모병원
Đang cào dữ liệu: Caring Hearts Medical Foundation...
[*] Scraping URL: http://caringheartsmedicalfoundation.org/
[+] Jina Reader: 10868 chars for http://caringheartsmedicalfoundation.org/
[!] Playwright failed for http://caringheartsmedicalfoundation.org/: BrowserType.launch: Executable doesn't exist at /Users/sam92/Library/Caches/ms-playwright/chromium_headless_shell-1217/chrome-headless-shell-mac-arm64/chrome-headless-shell
╔════════════════════════════════════════════════════════════╗
║ Looks like Playwright was just installed or updated.       ║
║ Please run the following command to download new browsers: ║
║                                                            ║
║     playwright install                                     ║
║                                                            ║
║ <3 Playwright Team                                         ║
╚════════════════════════════════════════════════════════════╝
[*] Extracted 10999 chars via Jina across 1 page(s), 0 JSON-LD schemas, 0 image candidates.
[*] Sending extraction request to OpenRouter (deepseek/deepseek-v4-flash)...
[*] Successfully extracted data for Caring Hearts Medical Foundation
⚠️ Cảnh báo Caring Hearts Medical Foundation: website không nhắc đến ngôn ngữ yêu cầu (Korean). Vẫn giữ lại theo kết quả Google Places (Ngôn ngữ gán: English, Korean).
Đang làm giàu Google Places: Caring Hearts Medical Foundation...
[*] Google Places match: Caring Hearts Medical Foundation
[*] Summarizing 5 Google reviews with AI...
[!] AI review summary failed for Caring Hearts Medical Foundation: Expecting value: line 1 column 1 (char 0)
[*] Generating clinic image via google/gemini-3.1-flash-image-preview: Caring Hearts Medical Foundation
[+] Uploaded image to Supabase Storage: https://smkyqdkuablxlexyuhgs.supabase.co/storage/v1/object/public/generated-images/generated-clinics/caring-hearts-medical-foundation.webp
[*] Inserted new clinic into DB: Caring Hearts Medical Foundation
✅ Đã lưu: Caring Hearts Medical Foundation
Đang cào dữ liệu: Nihon Clinic...
[*] Scraping URL: http://www.nihonclinicsandiego.com/
[+] Jina Reader: 3644 chars for http://www.nihonclinicsandiego.com/
[!] Playwright failed for http://www.nihonclinicsandiego.com/: BrowserType.launch: Executable doesn't exist at /Users/sam92/Library/Caches/ms-playwright/chromium_headless_shell-1217/chrome-headless-shell-mac-arm64/chrome-headless-shell
╔════════════════════════════════════════════════════════════╗
║ Looks like Playwright was just installed or updated.       ║
║ Please run the following command to download new browsers: ║
║                                                            ║
║     playwright install                                     ║
║                                                            ║
║ <3 Playwright Team                                         ║
╚════════════════════════════════════════════════════════════╝
[*] Extracted 3769 chars via Jina across 1 page(s), 0 JSON-LD schemas, 0 image candidates.
[*] Sending extraction request to OpenRouter (deepseek/deepseek-v4-flash)...
[*] Successfully extracted data for Nihon Clinic
⚠️ Cảnh báo Nihon Clinic: website không nhắc đến ngôn ngữ yêu cầu (Korean). Vẫn giữ lại theo kết quả Google Places (Ngôn ngữ gán: English, Japanese, Korean).
Đang làm giàu Google Places: Nihon Clinic...
[*] Google Places match: Nihon Clinic
[+] Uploaded image to Supabase Storage: https://smkyqdkuablxlexyuhgs.supabase.co/storage/v1/object/public/generated-images/generated-clinics/google-places/nihon-clinic-google-1.webp
[+] Uploaded image to Supabase Storage: https://smkyqdkuablxlexyuhgs.supabase.co/storage/v1/object/public/generated-images/generated-clinics/google-places/nihon-clinic-google-2.webp
[+] Uploaded image to Supabase Storage: https://smkyqdkuablxlexyuhgs.supabase.co/storage/v1/object/public/generated-images/generated-clinics/google-places/nihon-clinic-google-3.webp
[+] Uploaded image to Supabase Storage: https://smkyqdkuablxlexyuhgs.supabase.co/storage/v1/object/public/generated-images/generated-clinics/google-places/nihon-clinic-google-4.webp
[+] Uploaded image to Supabase Storage: https://smkyqdkuablxlexyuhgs.supabase.co/storage/v1/object/public/generated-images/generated-clinics/google-places/nihon-clinic-google-5.webp
[*] Summarizing 3 Google reviews with AI...
[!] AI review summary failed for Nihon Clinic: Expecting value: line 1 column 1 (char 0)
[*] Inserted new clinic into DB: Nihon Clinic
✅ Đã lưu: Nihon Clinic
Hoàn tất! Đã lưu 3/3 phòng khám.

>>> Dang chay: query='Chinese speaking medical clinic in San Diego, CA', limit=3, lang=['Chinese'], types=['medical_clinic'], override_specialty=None
Đang tìm Google Places cho từ khóa: 'Chinese speaking medical clinic in San Diego, CA' (loại: medical_clinic) (ngôn ngữ yêu cầu: Chinese)...
⛔ Bỏ qua (không phải cơ sở y tế): Xiao Ling Chan Acupuncture — types: massage
⛔ Bỏ qua (không phải cơ sở y tế): Jeong Chinese Medicine — types: spa
Tìm thấy 2 cơ sở y tế có website hợp lệ (đã lọc 2 nơi không phải y tế).
Có 2 cơ sở mới. Bắt đầu scrape...
Đang cào dữ liệu: Dr. Helen Hu. OMD, L.Ac, Medical Degree...
[*] Scraping URL: https://www.youtube.com/channel/UCyOQ9M7ZdyWEKq3Ug2aelaw
[!] Jina content too short (209 chars) for https://www.youtube.com/channel/UCyOQ9M7ZdyWEKq3Ug2aelaw — will use Playwright text.
[!] Playwright failed for https://www.youtube.com/channel/UCyOQ9M7ZdyWEKq3Ug2aelaw: BrowserType.launch: Executable doesn't exist at /Users/sam92/Library/Caches/ms-playwright/chromium_headless_shell-1217/chrome-headless-shell-mac-arm64/chrome-headless-shell
╔════════════════════════════════════════════════════════════╗
║ Looks like Playwright was just installed or updated.       ║
║ Please run the following command to download new browsers: ║
║                                                            ║
║     playwright install                                     ║
║                                                            ║
║ <3 Playwright Team                                         ║
╚════════════════════════════════════════════════════════════╝
Bỏ qua Dr. Helen Hu. OMD, L.Ac, Medical Degree: không lấy được nội dung website.
Đang cào dữ liệu: Lily's TCM Center...
[*] Scraping URL: http://lilystcm.info/
[!] Jina Reader failed for http://lilystcm.info/: HTTP Error 400: Bad Request
[!] Playwright failed for http://lilystcm.info/: BrowserType.launch: Executable doesn't exist at /Users/sam92/Library/Caches/ms-playwright/chromium_headless_shell-1217/chrome-headless-shell-mac-arm64/chrome-headless-shell
╔════════════════════════════════════════════════════════════╗
║ Looks like Playwright was just installed or updated.       ║
║ Please run the following command to download new browsers: ║
║                                                            ║
║     playwright install                                     ║
║                                                            ║
║ <3 Playwright Team                                         ║
╚════════════════════════════════════════════════════════════╝
Bỏ qua Lily's TCM Center: không lấy được nội dung website.
Hoàn tất! Đã lưu 0/3 phòng khám.

--- CITY: Atlanta, GA (Goal: 10 clinics) ---

>>> Dang chay: query='Vietnamese speaking medical clinic in Atlanta, GA', limit=4, lang=['Vietnamese'], types=['medical_clinic'], override_specialty=None
Đang tìm Google Places cho từ khóa: 'Vietnamese speaking medical clinic in Atlanta, GA' (loại: medical_clinic) (ngôn ngữ yêu cầu: Vietnamese)...
Tìm thấy 5 cơ sở y tế có website hợp lệ (đã lọc 0 nơi không phải y tế).
Có 5 cơ sở mới. Bắt đầu scrape...
Đang cào dữ liệu: CARE PLUS FAMILY MEDICINE | Riverdale Vietnamese speaking doctor...
[*] Scraping URL: https://careplusmedicine.com/
[+] Jina Reader: 19265 chars for https://careplusmedicine.com/
[!] Playwright failed for https://careplusmedicine.com/: BrowserType.launch: Executable doesn't exist at /Users/sam92/Library/Caches/ms-playwright/chromium_headless_shell-1217/chrome-headless-shell-mac-arm64/chrome-headless-shell
╔════════════════════════════════════════════════════════════╗
║ Looks like Playwright was just installed or updated.       ║
║ Please run the following command to download new browsers: ║
║                                                            ║
║     playwright install                                     ║
║                                                            ║
║ <3 Playwright Team                                         ║
╚════════════════════════════════════════════════════════════╝
[*] Extracted 19384 chars via Jina across 1 page(s), 0 JSON-LD schemas, 0 image candidates.
[*] Sending extraction request to OpenRouter (deepseek/deepseek-v4-flash)...
[*] Successfully extracted data for CARE PLUS FAMILY MEDICINE | Riverdale
Đang làm giàu Google Places: CARE PLUS FAMILY MEDICINE | Riverdale Vietnamese speaking doctor...
[*] Google Places match: CARE PLUS FAMILY MEDICINE | Riverdale Vietnamese speaking doctor
[*] Summarizing 5 Google reviews with AI...
[!] AI review summary failed for CARE PLUS FAMILY MEDICINE | Riverdale: Expecting value: line 1 column 1 (char 0)
[*] Generating clinic image via google/gemini-3.1-flash-image-preview: CARE PLUS FAMILY MEDICINE | Riverdale
[+] Uploaded image to Supabase Storage: https://smkyqdkuablxlexyuhgs.supabase.co/storage/v1/object/public/generated-images/generated-clinics/care-plus-family-medicine-riverdale.webp
[*] Inserted new clinic into DB: CARE PLUS FAMILY MEDICINE | Riverdale
✅ Đã lưu: CARE PLUS FAMILY MEDICINE | Riverdale
Đang cào dữ liệu: Excelsior Healthcare Primary Care - Norcross...
[*] Scraping URL: https://excelsiorhealthcare.com/
[+] Jina Reader: 26425 chars for https://excelsiorhealthcare.com/
[!] Playwright failed for https://excelsiorhealthcare.com/: BrowserType.launch: Executable doesn't exist at /Users/sam92/Library/Caches/ms-playwright/chromium_headless_shell-1217/chrome-headless-shell-mac-arm64/chrome-headless-shell
╔════════════════════════════════════════════════════════════╗
║ Looks like Playwright was just installed or updated.       ║
║ Please run the following command to download new browsers: ║
║                                                            ║
║     playwright install                                     ║
║                                                            ║
║ <3 Playwright Team                                         ║
╚════════════════════════════════════════════════════════════╝
[*] Extracted 26547 chars via Jina across 1 page(s), 0 JSON-LD schemas, 0 image candidates.
[*] Sending extraction request to OpenRouter (deepseek/deepseek-v4-flash)...
[*] Successfully extracted data for Excelsior Healthcare Primary Care - Norcross
⚠️ Cảnh báo Excelsior Healthcare Primary Care - Norcross: website không nhắc đến ngôn ngữ yêu cầu (Vietnamese). Vẫn giữ lại theo kết quả Google Places (Ngôn ngữ gán: English, Vietnamese).
Đang làm giàu Google Places: Excelsior Healthcare Primary Care - Norcross...
[*] Google Places match: Excelsior Healthcare Primary Care - Norcross
[+] Uploaded image to Supabase Storage: https://smkyqdkuablxlexyuhgs.supabase.co/storage/v1/object/public/generated-images/generated-clinics/google-places/excelsior-healthcare-primary-care-norcross-google-1.webp
[+] Uploaded image to Supabase Storage: https://smkyqdkuablxlexyuhgs.supabase.co/storage/v1/object/public/generated-images/generated-clinics/google-places/excelsior-healthcare-primary-care-norcross-google-2.webp
[+] Uploaded image to Supabase Storage: https://smkyqdkuablxlexyuhgs.supabase.co/storage/v1/object/public/generated-images/generated-clinics/google-places/excelsior-healthcare-primary-care-norcross-google-3.webp
[+] Uploaded image to Supabase Storage: https://smkyqdkuablxlexyuhgs.supabase.co/storage/v1/object/public/generated-images/generated-clinics/google-places/excelsior-healthcare-primary-care-norcross-google-4.webp
[+] Uploaded image to Supabase Storage: https://smkyqdkuablxlexyuhgs.supabase.co/storage/v1/object/public/generated-images/generated-clinics/google-places/excelsior-healthcare-primary-care-norcross-google-5.webp
[*] Summarizing 5 Google reviews with AI...
[*] Inserted new clinic into DB: Excelsior Healthcare Primary Care - Norcross
✅ Đã lưu: Excelsior Healthcare Primary Care - Norcross
Đang cào dữ liệu: Chamblee Family Medical Clinic...
[*] Scraping URL: https://sites.google.com/view/chambleefamilymedicalclinic
[+] Jina Reader: 7055 chars for https://sites.google.com/view/chambleefamilymedicalclinic
[!] Playwright failed for https://sites.google.com/view/chambleefamilymedicalclinic: BrowserType.launch: Executable doesn't exist at /Users/sam92/Library/Caches/ms-playwright/chromium_headless_shell-1217/chrome-headless-shell-mac-arm64/chrome-headless-shell
╔════════════════════════════════════════════════════════════╗
║ Looks like Playwright was just installed or updated.       ║
║ Please run the following command to download new browsers: ║
║                                                            ║
║     playwright install                                     ║
║                                                            ║
║ <3 Playwright Team                                         ║
╚════════════════════════════════════════════════════════════╝
[*] Extracted 7202 chars via Jina across 1 page(s), 0 JSON-LD schemas, 0 image candidates.
[*] Sending extraction request to OpenRouter (deepseek/deepseek-v4-flash)...
[*] Successfully extracted data for Chamblee Family Medical Clinic
Đang làm giàu Google Places: Chamblee Family Medical Clinic...
[*] Google Places match: Chamblee Family Medical Clinic
[+] Uploaded image to Supabase Storage: https://smkyqdkuablxlexyuhgs.supabase.co/storage/v1/object/public/generated-images/generated-clinics/google-places/chamblee-family-medical-clinic-google-1.webp
[+] Uploaded image to Supabase Storage: https://smkyqdkuablxlexyuhgs.supabase.co/storage/v1/object/public/generated-images/generated-clinics/google-places/chamblee-family-medical-clinic-google-2.webp
[!] Supabase Storage upload failed for bucket 'generated-images' path 'generated-clinics/google-places/chamblee-family-medical-clinic-google-3.webp': Expecting value: line 1 column 1 (char 0)
[+] Uploaded image to Supabase Storage: https://smkyqdkuablxlexyuhgs.supabase.co/storage/v1/object/public/generated-images/generated-clinics/google-places/chamblee-family-medical-clinic-google-4.webp
[+] Uploaded image to Supabase Storage: https://smkyqdkuablxlexyuhgs.supabase.co/storage/v1/object/public/generated-images/generated-clinics/google-places/chamblee-family-medical-clinic-google-5.webp
[*] Summarizing 5 Google reviews with AI...
[!] AI review summary failed for Chamblee Family Medical Clinic: Expecting value: line 1 column 1 (char 0)
[*] Inserted new clinic into DB: Chamblee Family Medical Clinic
✅ Đã lưu: Chamblee Family Medical Clinic
Đang cào dữ liệu: UNITY HEALTH CLINIC LLC/PHÒNG MẠCH BÁC SỸ NGA VŨ...
[*] Scraping URL: http://www.unityhealthclinic.com/
[+] Jina Reader: 9929 chars for http://www.unityhealthclinic.com/
[!] Playwright failed for http://www.unityhealthclinic.com/: BrowserType.launch: Executable doesn't exist at /Users/sam92/Library/Caches/ms-playwright/chromium_headless_shell-1217/chrome-headless-shell-mac-arm64/chrome-headless-shell
╔════════════════════════════════════════════════════════════╗
║ Looks like Playwright was just installed or updated.       ║
║ Please run the following command to download new browsers: ║
║                                                            ║
║     playwright install                                     ║
║                                                            ║
║ <3 Playwright Team                                         ║
╚════════════════════════════════════════════════════════════╝
[*] Extracted 10052 chars via Jina across 1 page(s), 0 JSON-LD schemas, 0 image candidates.
[*] Sending extraction request to OpenRouter (deepseek/deepseek-v4-flash)...
[*] Successfully extracted data for UNITY HEALTH CLINIC LLC/PHÒNG MẠCH BÁC SỸ NGA VŨ
Đang làm giàu Google Places: UNITY HEALTH CLINIC LLC/PHÒNG MẠCH BÁC SỸ NGA VŨ...
[*] Google Places match: UNITY HEALTH CLINIC LLC/PHÒNG MẠCH BÁC SỸ NGA VŨ
[+] Uploaded image to Supabase Storage: https://smkyqdkuablxlexyuhgs.supabase.co/storage/v1/object/public/generated-images/generated-clinics/google-places/unity-health-clinic-llcphong-mach-bac-sy-nga-vu-google-1.webp
[+] Uploaded image to Supabase Storage: https://smkyqdkuablxlexyuhgs.supabase.co/storage/v1/object/public/generated-images/generated-clinics/google-places/unity-health-clinic-llcphong-mach-bac-sy-nga-vu-google-2.webp
[+] Uploaded image to Supabase Storage: https://smkyqdkuablxlexyuhgs.supabase.co/storage/v1/object/public/generated-images/generated-clinics/google-places/unity-health-clinic-llcphong-mach-bac-sy-nga-vu-google-3.webp
[*] Summarizing 5 Google reviews with AI...
[!] AI review summary failed for UNITY HEALTH CLINIC LLC/PHÒNG MẠCH BÁC SỸ NGA VŨ: Expecting value: line 1 column 1 (char 0)
[*] Inserted new clinic into DB: UNITY HEALTH CLINIC LLC/PHÒNG MẠCH BÁC SỸ NGA VŨ
✅ Đã lưu: UNITY HEALTH CLINIC LLC/PHÒNG MẠCH BÁC SỸ NGA VŨ
Hoàn tất! Đã lưu 4/4 phòng khám.

>>> Dang chay: query='Korean speaking medical clinic in Atlanta, GA', limit=3, lang=['Korean'], types=['medical_clinic'], override_specialty=None
Đang tìm Google Places cho từ khóa: 'Korean speaking medical clinic in Atlanta, GA' (loại: medical_clinic) (ngôn ngữ yêu cầu: Korean)...
Tìm thấy 3 cơ sở y tế có website hợp lệ (đã lọc 0 nơi không phải y tế).
Có 3 cơ sở mới. Bắt đầu scrape...
Đang cào dữ liệu: JK Internal Medicine & Geriatrics (김진안,이재영 내과)...
[*] Scraping URL: https://jkmedi.com/
[+] Jina Reader: 8575 chars for https://jkmedi.com/
[!] Playwright failed for https://jkmedi.com/: BrowserType.launch: Executable doesn't exist at /Users/sam92/Library/Caches/ms-playwright/chromium_headless_shell-1217/chrome-headless-shell-mac-arm64/chrome-headless-shell
╔════════════════════════════════════════════════════════════╗
║ Looks like Playwright was just installed or updated.       ║
║ Please run the following command to download new browsers: ║
║                                                            ║
║     playwright install                                     ║
║                                                            ║
║ <3 Playwright Team                                         ║
╚════════════════════════════════════════════════════════════╝
[*] Extracted 8684 chars via Jina across 1 page(s), 0 JSON-LD schemas, 0 image candidates.
[*] Sending extraction request to OpenRouter (deepseek/deepseek-v4-flash)...
[*] Successfully extracted data for JK Internal Medicine & Geriatrics, PC
Đang làm giàu Google Places: JK Internal Medicine & Geriatrics (김진안,이재영 내과)...
[*] Google Places match: JK Internal Medicine & Geriatrics (김진안,이재영 내과)
[+] Uploaded image to Supabase Storage: https://smkyqdkuablxlexyuhgs.supabase.co/storage/v1/object/public/generated-images/generated-clinics/google-places/jk-internal-medicine-geriatrics-pc-google-1.webp
[+] Uploaded image to Supabase Storage: https://smkyqdkuablxlexyuhgs.supabase.co/storage/v1/object/public/generated-images/generated-clinics/google-places/jk-internal-medicine-geriatrics-pc-google-2.webp
[+] Uploaded image to Supabase Storage: https://smkyqdkuablxlexyuhgs.supabase.co/storage/v1/object/public/generated-images/generated-clinics/google-places/jk-internal-medicine-geriatrics-pc-google-3.webp
[+] Uploaded image to Supabase Storage: https://smkyqdkuablxlexyuhgs.supabase.co/storage/v1/object/public/generated-images/generated-clinics/google-places/jk-internal-medicine-geriatrics-pc-google-4.webp
[+] Uploaded image to Supabase Storage: https://smkyqdkuablxlexyuhgs.supabase.co/storage/v1/object/public/generated-images/generated-clinics/google-places/jk-internal-medicine-geriatrics-pc-google-5.webp
[*] Summarizing 5 Google reviews with AI...
[*] Inserted new clinic into DB: JK Internal Medicine & Geriatrics, PC
✅ Đã lưu: JK Internal Medicine & Geriatrics, PC
Đang cào dữ liệu: Kuraoka Clinic...
[*] Scraping URL: http://kuraokaclinic.com/
[+] Jina Reader: 8557 chars for http://kuraokaclinic.com/
[!] Playwright failed for http://kuraokaclinic.com/: BrowserType.launch: Executable doesn't exist at /Users/sam92/Library/Caches/ms-playwright/chromium_headless_shell-1217/chrome-headless-shell-mac-arm64/chrome-headless-shell
╔════════════════════════════════════════════════════════════╗
║ Looks like Playwright was just installed or updated.       ║
║ Please run the following command to download new browsers: ║
║                                                            ║
║     playwright install                                     ║
║                                                            ║
║ <3 Playwright Team                                         ║
╚════════════════════════════════════════════════════════════╝
[*] Extracted 8672 chars via Jina across 1 page(s), 0 JSON-LD schemas, 0 image candidates.
[*] Sending extraction request to OpenRouter (deepseek/deepseek-v4-flash)...
[*] Successfully extracted data for Kuraoka Clinic
⚠️ Cảnh báo Kuraoka Clinic: website không nhắc đến ngôn ngữ yêu cầu (Korean). Vẫn giữ lại theo kết quả Google Places (Ngôn ngữ gán: English, Japanese, Korean).
Đang làm giàu Google Places: Kuraoka Clinic...
[*] Google Places match: Kuraoka Clinic
[+] Uploaded image to Supabase Storage: https://smkyqdkuablxlexyuhgs.supabase.co/storage/v1/object/public/generated-images/generated-clinics/google-places/kuraoka-clinic-google-1.webp
[*] Summarizing 5 Google reviews with AI...
[*] Inserted new clinic into DB: Kuraoka Clinic
✅ Đã lưu: Kuraoka Clinic
Đang cào dữ liệu: MyCare Clinic...
[*] Scraping URL: https://www.mycareclinicatlanta.com/
[+] Jina Reader: 13517 chars for https://www.mycareclinicatlanta.com/
[!] Playwright failed for https://www.mycareclinicatlanta.com/: BrowserType.launch: Executable doesn't exist at /Users/sam92/Library/Caches/ms-playwright/chromium_headless_shell-1217/chrome-headless-shell-mac-arm64/chrome-headless-shell
╔════════════════════════════════════════════════════════════╗
║ Looks like Playwright was just installed or updated.       ║
║ Please run the following command to download new browsers: ║
║                                                            ║
║     playwright install                                     ║
║                                                            ║
║ <3 Playwright Team                                         ║
╚════════════════════════════════════════════════════════════╝
[*] Extracted 13643 chars via Jina across 1 page(s), 0 JSON-LD schemas, 0 image candidates.
[*] Sending extraction request to OpenRouter (deepseek/deepseek-v4-flash)...
[*] Successfully extracted data for MyCare Clinic
⚠️ Cảnh báo MyCare Clinic: website không nhắc đến ngôn ngữ yêu cầu (Korean). Vẫn giữ lại theo kết quả Google Places (Ngôn ngữ gán: English, Korean).
Đang làm giàu Google Places: MyCare Clinic...
[*] Google Places match: MyCare Clinic
[+] Uploaded image to Supabase Storage: https://smkyqdkuablxlexyuhgs.supabase.co/storage/v1/object/public/generated-images/generated-clinics/google-places/mycare-clinic-google-1.webp
[+] Uploaded image to Supabase Storage: https://smkyqdkuablxlexyuhgs.supabase.co/storage/v1/object/public/generated-images/generated-clinics/google-places/mycare-clinic-google-2.webp
[+] Uploaded image to Supabase Storage: https://smkyqdkuablxlexyuhgs.supabase.co/storage/v1/object/public/generated-images/generated-clinics/google-places/mycare-clinic-google-3.webp
[+] Uploaded image to Supabase Storage: https://smkyqdkuablxlexyuhgs.supabase.co/storage/v1/object/public/generated-images/generated-clinics/google-places/mycare-clinic-google-4.webp
[+] Uploaded image to Supabase Storage: https://smkyqdkuablxlexyuhgs.supabase.co/storage/v1/object/public/generated-images/generated-clinics/google-places/mycare-clinic-google-5.webp
[*] Summarizing 5 Google reviews with AI...
[!] AI review summary failed for MyCare Clinic: Expecting value: line 1 column 1 (char 0)
[*] Inserted new clinic into DB: MyCare Clinic
✅ Đã lưu: MyCare Clinic
Hoàn tất! Đã lưu 3/3 phòng khám.

>>> Dang chay: query='Chinese speaking medical clinic in Atlanta, GA', limit=3, lang=['Chinese'], types=['medical_clinic'], override_specialty=None
Đang tìm Google Places cho từ khóa: 'Chinese speaking medical clinic in Atlanta, GA' (loại: medical_clinic) (ngôn ngữ yêu cầu: Chinese)...
⛔ Bỏ qua (không phải cơ sở y tế): Wang Acupuncture & Chinese Medicine Clinic — types: massage
Tìm thấy 3 cơ sở y tế có website hợp lệ (đã lọc 1 nơi không phải y tế).
Có 3 cơ sở mới. Bắt đầu scrape...
Đang cào dữ liệu: EAST-WEST HEALTH CARE CONSULTANTS, DR. WU ATLANTA GEORGIA...
[*] Scraping URL: http://www.ewhcacupuncture.com/
[+] Jina Reader: 9541 chars for http://www.ewhcacupuncture.com/
[!] Playwright failed for http://www.ewhcacupuncture.com/: BrowserType.launch: Executable doesn't exist at /Users/sam92/Library/Caches/ms-playwright/chromium_headless_shell-1217/chrome-headless-shell-mac-arm64/chrome-headless-shell
╔════════════════════════════════════════════════════════════╗
║ Looks like Playwright was just installed or updated.       ║
║ Please run the following command to download new browsers: ║
║                                                            ║
║     playwright install                                     ║
║                                                            ║
║ <3 Playwright Team                                         ║
╚════════════════════════════════════════════════════════════╝
[*] Extracted 9662 chars via Jina across 1 page(s), 0 JSON-LD schemas, 0 image candidates.
[*] Sending extraction request to OpenRouter (deepseek/deepseek-v4-flash)...
[*] Successfully extracted data for EAST-WEST HEALTH CARE CONSULTANTS, DR. WU ATLANTA GEORGIA
Đang làm giàu Google Places: EAST-WEST HEALTH CARE CONSULTANTS, DR. WU ATLANTA GEORGIA...
[*] Google Places match: EAST-WEST HEALTH CARE CONSULTANTS, DR. WU ATLANTA GEORGIA
[+] Uploaded image to Supabase Storage: https://smkyqdkuablxlexyuhgs.supabase.co/storage/v1/object/public/generated-images/generated-clinics/google-places/east-west-health-care-consultants-dr.-wu-atlanta-georgia-google-1.webp
[+] Uploaded image to Supabase Storage: https://smkyqdkuablxlexyuhgs.supabase.co/storage/v1/object/public/generated-images/generated-clinics/google-places/east-west-health-care-consultants-dr.-wu-atlanta-georgia-google-2.webp
[*] Summarizing 5 Google reviews with AI...
[*] Inserted new clinic into DB: EAST-WEST HEALTH CARE CONSULTANTS, DR. WU ATLANTA GEORGIA
✅ Đã lưu: EAST-WEST HEALTH CARE CONSULTANTS, DR. WU ATLANTA GEORGIA
Đang cào dữ liệu: Acupuncture & Oriental Health Care...
[*] Scraping URL: http://www.acupuncturegeorgia.com/
[+] Jina Reader: 3275 chars for http://www.acupuncturegeorgia.com/
[!] Playwright failed for http://www.acupuncturegeorgia.com/: BrowserType.launch: Executable doesn't exist at /Users/sam92/Library/Caches/ms-playwright/chromium_headless_shell-1217/chrome-headless-shell-mac-arm64/chrome-headless-shell
╔════════════════════════════════════════════════════════════╗
║ Looks like Playwright was just installed or updated.       ║
║ Please run the following command to download new browsers: ║
║                                                            ║
║     playwright install                                     ║
║                                                            ║
║ <3 Playwright Team                                         ║
╚════════════════════════════════════════════════════════════╝
[*] Extracted 3399 chars via Jina across 1 page(s), 0 JSON-LD schemas, 0 image candidates.
[*] Sending extraction request to OpenRouter (deepseek/deepseek-v4-flash)...
[*] Successfully extracted data for Acupuncture & Oriental Health Care Center
⚠️ Cảnh báo Acupuncture & Oriental Health Care: website không nhắc đến ngôn ngữ yêu cầu (Chinese). Vẫn giữ lại theo kết quả Google Places (Ngôn ngữ gán: English, Chinese).
Đang làm giàu Google Places: Acupuncture & Oriental Health Care...
[*] Google Places match: Acupuncture & Oriental Health Care
[*] Summarizing 5 Google reviews with AI...
[*] Generating clinic image via google/gemini-3.1-flash-image-preview: Acupuncture & Oriental Health Care Center
[+] Uploaded image to Supabase Storage: https://smkyqdkuablxlexyuhgs.supabase.co/storage/v1/object/public/generated-images/generated-clinics/acupuncture-oriental-health-care-center.webp
[*] Inserted new clinic into DB: Acupuncture & Oriental Health Care Center
✅ Đã lưu: Acupuncture & Oriental Health Care Center
Đang cào dữ liệu: Acupuncture Wellness Center of Atlanta...
[*] Scraping URL: http://www.acupunctureman.com/
[+] Jina Reader: 3228 chars for http://www.acupunctureman.com/
[!] Playwright failed for http://www.acupunctureman.com/: BrowserType.launch: Executable doesn't exist at /Users/sam92/Library/Caches/ms-playwright/chromium_headless_shell-1217/chrome-headless-shell-mac-arm64/chrome-headless-shell
╔════════════════════════════════════════════════════════════╗
║ Looks like Playwright was just installed or updated.       ║
║ Please run the following command to download new browsers: ║
║                                                            ║
║     playwright install                                     ║
║                                                            ║
║ <3 Playwright Team                                         ║
╚════════════════════════════════════════════════════════════╝
[*] Extracted 3348 chars via Jina across 1 page(s), 0 JSON-LD schemas, 0 image candidates.
[*] Sending extraction request to OpenRouter (deepseek/deepseek-v4-flash)...
[*] Successfully extracted data for Acupuncture Wellness Center of Atlanta
⚠️ Cảnh báo Acupuncture Wellness Center of Atlanta: website không nhắc đến ngôn ngữ yêu cầu (Chinese). Vẫn giữ lại theo kết quả Google Places (Ngôn ngữ gán: English, Chinese).
Đang làm giàu Google Places: Acupuncture Wellness Center of Atlanta...
[*] Google Places match: Acupuncture Wellness Center of Atlanta
[+] Uploaded image to Supabase Storage: https://smkyqdkuablxlexyuhgs.supabase.co/storage/v1/object/public/generated-images/generated-clinics/google-places/acupuncture-wellness-center-of-atlanta-google-1.webp
[+] Uploaded image to Supabase Storage: https://smkyqdkuablxlexyuhgs.supabase.co/storage/v1/object/public/generated-images/generated-clinics/google-places/acupuncture-wellness-center-of-atlanta-google-2.webp
[+] Uploaded image to Supabase Storage: https://smkyqdkuablxlexyuhgs.supabase.co/storage/v1/object/public/generated-images/generated-clinics/google-places/acupuncture-wellness-center-of-atlanta-google-3.webp
[+] Uploaded image to Supabase Storage: https://smkyqdkuablxlexyuhgs.supabase.co/storage/v1/object/public/generated-images/generated-clinics/google-places/acupuncture-wellness-center-of-atlanta-google-4.webp
[+] Uploaded image to Supabase Storage: https://smkyqdkuablxlexyuhgs.supabase.co/storage/v1/object/public/generated-images/generated-clinics/google-places/acupuncture-wellness-center-of-atlanta-google-5.webp
[*] Summarizing 5 Google reviews with AI...
[!] AI review summary failed for Acupuncture Wellness Center of Atlanta: Expecting value: line 1 column 1 (char 0)
[*] Inserted new clinic into DB: Acupuncture Wellness Center of Atlanta
✅ Đã lưu: Acupuncture Wellness Center of Atlanta
Hoàn tất! Đã lưu 3/3 phòng khám.

--- CITY: Sacramento, CA (Goal: 10 clinics) ---

>>> Dang chay: query='Vietnamese speaking medical clinic in Sacramento, CA', limit=4, lang=['Vietnamese'], types=['medical_clinic'], override_specialty=None
Đang tìm Google Places cho từ khóa: 'Vietnamese speaking medical clinic in Sacramento, CA' (loại: medical_clinic) (ngôn ngữ yêu cầu: Vietnamese)...
Tìm thấy 4 cơ sở y tế có website hợp lệ (đã lọc 0 nơi không phải y tế).
Bỏ qua đã tồn tại: Paul Hom Asian Clinic
Có 3 cơ sở mới. Bắt đầu scrape...
Đang cào dữ liệu: VN CARES...
[*] Scraping URL: http://vncares.org/
[+] Jina Reader: 5906 chars for http://vncares.org/
[!] Playwright failed for http://vncares.org/: BrowserType.launch: Executable doesn't exist at /Users/sam92/Library/Caches/ms-playwright/chromium_headless_shell-1217/chrome-headless-shell-mac-arm64/chrome-headless-shell
╔════════════════════════════════════════════════════════════╗
║ Looks like Playwright was just installed or updated.       ║
║ Please run the following command to download new browsers: ║
║                                                            ║
║     playwright install                                     ║
║                                                            ║
║ <3 Playwright Team                                         ║
╚════════════════════════════════════════════════════════════╝
[*] Extracted 6015 chars via Jina across 1 page(s), 0 JSON-LD schemas, 0 image candidates.
[*] Sending extraction request to OpenRouter (deepseek/deepseek-v4-flash)...
[*] Successfully extracted data for VN CARES
⚠️ Cảnh báo VN CARES: website không nhắc đến ngôn ngữ yêu cầu (Vietnamese). Vẫn giữ lại theo kết quả Google Places (Ngôn ngữ gán: English, Vietnamese).
Đang làm giàu Google Places: VN CARES...
[*] Google Places match: VN CARES
[*] Generating clinic image via google/gemini-3.1-flash-image-preview: VN CARES
[+] Uploaded image to Supabase Storage: https://smkyqdkuablxlexyuhgs.supabase.co/storage/v1/object/public/generated-images/generated-clinics/vn-cares.webp
[*] Inserted new clinic into DB: VN CARES
✅ Đã lưu: VN CARES
Đang cào dữ liệu: Bayanihan Clinic...
[*] Scraping URL: http://bayanihanclinic.com/
[+] Jina Reader: 16830 chars for http://bayanihanclinic.com/
[!] Playwright failed for http://bayanihanclinic.com/: BrowserType.launch: Executable doesn't exist at /Users/sam92/Library/Caches/ms-playwright/chromium_headless_shell-1217/chrome-headless-shell-mac-arm64/chrome-headless-shell
╔════════════════════════════════════════════════════════════╗
║ Looks like Playwright was just installed or updated.       ║
║ Please run the following command to download new browsers: ║
║                                                            ║
║     playwright install                                     ║
║                                                            ║
║ <3 Playwright Team                                         ║
╚════════════════════════════════════════════════════════════╝
[*] Extracted 16947 chars via Jina across 1 page(s), 0 JSON-LD schemas, 0 image candidates.
[*] Sending extraction request to OpenRouter (deepseek/deepseek-v4-flash)...
[*] Successfully extracted data for Bayanihan Clinic
⚠️ Cảnh báo Bayanihan Clinic: website không nhắc đến ngôn ngữ yêu cầu (Vietnamese). Vẫn giữ lại theo kết quả Google Places (Ngôn ngữ gán: English, Spanish, Tagalog, Vietnamese).
Đang làm giàu Google Places: Bayanihan Clinic...
[*] Google Places match: Bayanihan Clinic
[+] Uploaded image to Supabase Storage: https://smkyqdkuablxlexyuhgs.supabase.co/storage/v1/object/public/generated-images/generated-clinics/google-places/bayanihan-clinic-google-1.webp
[+] Uploaded image to Supabase Storage: https://smkyqdkuablxlexyuhgs.supabase.co/storage/v1/object/public/generated-images/generated-clinics/google-places/bayanihan-clinic-google-2.webp
[+] Uploaded image to Supabase Storage: https://smkyqdkuablxlexyuhgs.supabase.co/storage/v1/object/public/generated-images/generated-clinics/google-places/bayanihan-clinic-google-3.webp
[+] Uploaded image to Supabase Storage: https://smkyqdkuablxlexyuhgs.supabase.co/storage/v1/object/public/generated-images/generated-clinics/google-places/bayanihan-clinic-google-4.webp
[+] Uploaded image to Supabase Storage: https://smkyqdkuablxlexyuhgs.supabase.co/storage/v1/object/public/generated-images/generated-clinics/google-places/bayanihan-clinic-google-5.webp
[*] Summarizing 1 Google reviews with AI...
[*] Inserted new clinic into DB: Bayanihan Clinic
✅ Đã lưu: Bayanihan Clinic
Đang cào dữ liệu: Shifa Community Clinic...
[*] Scraping URL: https://shifaclinic.org/
[+] Jina Reader: 10064 chars for https://shifaclinic.org/
[!] Playwright failed for https://shifaclinic.org/: BrowserType.launch: Executable doesn't exist at /Users/sam92/Library/Caches/ms-playwright/chromium_headless_shell-1217/chrome-headless-shell-mac-arm64/chrome-headless-shell
╔════════════════════════════════════════════════════════════╗
║ Looks like Playwright was just installed or updated.       ║
║ Please run the following command to download new browsers: ║
║                                                            ║
║     playwright install                                     ║
║                                                            ║
║ <3 Playwright Team                                         ║
╚════════════════════════════════════════════════════════════╝
[*] Extracted 10178 chars via Jina across 1 page(s), 0 JSON-LD schemas, 0 image candidates.
[*] Sending extraction request to OpenRouter (deepseek/deepseek-v4-flash)...
[*] Successfully extracted data for Shifa Community Clinic
⚠️ Cảnh báo Shifa Community Clinic: website không nhắc đến ngôn ngữ yêu cầu (Vietnamese). Vẫn giữ lại theo kết quả Google Places (Ngôn ngữ gán: English, Vietnamese).
Đang làm giàu Google Places: Shifa Community Clinic...
[*] Google Places match: Shifa Community Clinic
[+] Uploaded image to Supabase Storage: https://smkyqdkuablxlexyuhgs.supabase.co/storage/v1/object/public/generated-images/generated-clinics/google-places/shifa-community-clinic-google-1.webp
[+] Uploaded image to Supabase Storage: https://smkyqdkuablxlexyuhgs.supabase.co/storage/v1/object/public/generated-images/generated-clinics/google-places/shifa-community-clinic-google-2.webp
[*] Summarizing 5 Google reviews with AI...
[*] Inserted new clinic into DB: Shifa Community Clinic
✅ Đã lưu: Shifa Community Clinic
Hoàn tất! Đã lưu 3/4 phòng khám.

>>> Dang chay: query='Korean speaking medical clinic in Sacramento, CA', limit=3, lang=['Korean'], types=['medical_clinic'], override_specialty=None
Đang tìm Google Places cho từ khóa: 'Korean speaking medical clinic in Sacramento, CA' (loại: medical_clinic) (ngôn ngữ yêu cầu: Korean)...
Tìm thấy 3 cơ sở y tế có website hợp lệ (đã lọc 0 nơi không phải y tế).
Bỏ qua đã tồn tại: Paul Hom Asian Clinic
Bỏ qua đã tồn tại: Bayanihan Clinic
Có 1 cơ sở mới. Bắt đầu scrape...
Đang cào dữ liệu: Sequoia MD...
[*] Scraping URL: https://sequoiamd.com/
[+] Jina Reader: 25844 chars for https://sequoiamd.com/
[!] Playwright failed for https://sequoiamd.com/: BrowserType.launch: Executable doesn't exist at /Users/sam92/Library/Caches/ms-playwright/chromium_headless_shell-1217/chrome-headless-shell-mac-arm64/chrome-headless-shell
╔════════════════════════════════════════════════════════════╗
║ Looks like Playwright was just installed or updated.       ║
║ Please run the following command to download new browsers: ║
║                                                            ║
║     playwright install                                     ║
║                                                            ║
║ <3 Playwright Team                                         ║
╚════════════════════════════════════════════════════════════╝
[*] Extracted 25956 chars via Jina across 1 page(s), 0 JSON-LD schemas, 0 image candidates.
[*] Sending extraction request to OpenRouter (deepseek/deepseek-v4-flash)...
[*] Successfully extracted data for Sequoia MD
⚠️ Cảnh báo Sequoia MD: website không nhắc đến ngôn ngữ yêu cầu (Korean). Vẫn giữ lại theo kết quả Google Places (Ngôn ngữ gán: English, Korean).
Đang làm giàu Google Places: Sequoia MD...
[*] Google Places match: Sequoia MD
[+] Uploaded image to Supabase Storage: https://smkyqdkuablxlexyuhgs.supabase.co/storage/v1/object/public/generated-images/generated-clinics/google-places/sequoia-md-google-1.webp
[+] Uploaded image to Supabase Storage: https://smkyqdkuablxlexyuhgs.supabase.co/storage/v1/object/public/generated-images/generated-clinics/google-places/sequoia-md-google-2.webp
[+] Uploaded image to Supabase Storage: https://smkyqdkuablxlexyuhgs.supabase.co/storage/v1/object/public/generated-images/generated-clinics/google-places/sequoia-md-google-3.webp
[+] Uploaded image to Supabase Storage: https://smkyqdkuablxlexyuhgs.supabase.co/storage/v1/object/public/generated-images/generated-clinics/google-places/sequoia-md-google-4.webp
[+] Uploaded image to Supabase Storage: https://smkyqdkuablxlexyuhgs.supabase.co/storage/v1/object/public/generated-images/generated-clinics/google-places/sequoia-md-google-5.webp
[*] Summarizing 5 Google reviews with AI...
[*] Inserted new clinic into DB: Sequoia MD
✅ Đã lưu: Sequoia MD
Hoàn tất! Đã lưu 1/3 phòng khám.

>>> Dang chay: query='Chinese speaking medical clinic in Sacramento, CA', limit=3, lang=['Chinese'], types=['medical_clinic'], override_specialty=None
Đang tìm Google Places cho từ khóa: 'Chinese speaking medical clinic in Sacramento, CA' (loại: medical_clinic) (ngôn ngữ yêu cầu: Chinese)...
⛔ Bỏ qua (không phải cơ sở y tế): Chinese West Medical Center — types: massage
Tìm thấy 3 cơ sở y tế có website hợp lệ (đã lọc 1 nơi không phải y tế).
Bỏ qua đã tồn tại: Paul Hom Asian Clinic
Có 2 cơ sở mới. Bắt đầu scrape...
Đang cào dữ liệu: Karen Chan Acupuncture & Herbal Medicine...
[*] Scraping URL: http://www.karenchanacupuncture.com/
[+] Jina Reader: 11955 chars for http://www.karenchanacupuncture.com/
[!] Playwright failed for http://www.karenchanacupuncture.com/: BrowserType.launch: Executable doesn't exist at /Users/sam92/Library/Caches/ms-playwright/chromium_headless_shell-1217/chrome-headless-shell-mac-arm64/chrome-headless-shell
╔════════════════════════════════════════════════════════════╗
║ Looks like Playwright was just installed or updated.       ║
║ Please run the following command to download new browsers: ║
║                                                            ║
║     playwright install                                     ║
║                                                            ║
║ <3 Playwright Team                                         ║
╚════════════════════════════════════════════════════════════╝
[*] Extracted 12081 chars via Jina across 1 page(s), 0 JSON-LD schemas, 0 image candidates.
[*] Sending extraction request to OpenRouter (deepseek/deepseek-v4-flash)...
[*] Successfully extracted data for Karen Chan Acupuncture & Herbal Medicine
⚠️ Cảnh báo Karen Chan Acupuncture & Herbal Medicine: website không nhắc đến ngôn ngữ yêu cầu (Chinese). Vẫn giữ lại theo kết quả Google Places (Ngôn ngữ gán: English, Chinese).
Đang làm giàu Google Places: Karen Chan Acupuncture & Herbal Medicine...
[*] Google Places match: Karen Chan Acupuncture & Herbal Medicine
[+] Uploaded image to Supabase Storage: https://smkyqdkuablxlexyuhgs.supabase.co/storage/v1/object/public/generated-images/generated-clinics/google-places/karen-chan-acupuncture-herbal-medicine-google-1.webp
[+] Uploaded image to Supabase Storage: https://smkyqdkuablxlexyuhgs.supabase.co/storage/v1/object/public/generated-images/generated-clinics/google-places/karen-chan-acupuncture-herbal-medicine-google-2.webp
[+] Uploaded image to Supabase Storage: https://smkyqdkuablxlexyuhgs.supabase.co/storage/v1/object/public/generated-images/generated-clinics/google-places/karen-chan-acupuncture-herbal-medicine-google-3.webp
[+] Uploaded image to Supabase Storage: https://smkyqdkuablxlexyuhgs.supabase.co/storage/v1/object/public/generated-images/generated-clinics/google-places/karen-chan-acupuncture-herbal-medicine-google-4.webp
[+] Uploaded image to Supabase Storage: https://smkyqdkuablxlexyuhgs.supabase.co/storage/v1/object/public/generated-images/generated-clinics/google-places/karen-chan-acupuncture-herbal-medicine-google-5.webp
[*] Summarizing 5 Google reviews with AI...
[*] Inserted new clinic into DB: Karen Chan Acupuncture & Herbal Medicine
✅ Đã lưu: Karen Chan Acupuncture & Herbal Medicine
Đang cào dữ liệu: Tian Chao Herbs & Acupuncture...
[*] Scraping URL: https://www.tianchaoherbs.com/
[+] Jina Reader: 7852 chars for https://www.tianchaoherbs.com/
[!] Playwright failed for https://www.tianchaoherbs.com/: BrowserType.launch: Executable doesn't exist at /Users/sam92/Library/Caches/ms-playwright/chromium_headless_shell-1217/chrome-headless-shell-mac-arm64/chrome-headless-shell
╔════════════════════════════════════════════════════════════╗
║ Looks like Playwright was just installed or updated.       ║
║ Please run the following command to download new browsers: ║
║                                                            ║
║     playwright install                                     ║
║                                                            ║
║ <3 Playwright Team                                         ║
╚════════════════════════════════════════════════════════════╝
[*] Extracted 7972 chars via Jina across 1 page(s), 0 JSON-LD schemas, 0 image candidates.
[*] Sending extraction request to OpenRouter (deepseek/deepseek-v4-flash)...
[*] Successfully extracted data for Tian Chao Herbs & Acupuncture
⚠️ Cảnh báo Tian Chao Herbs & Acupuncture: website không nhắc đến ngôn ngữ yêu cầu (Chinese). Vẫn giữ lại theo kết quả Google Places (Ngôn ngữ gán: English, Chinese).
Đang làm giàu Google Places: Tian Chao Herbs & Acupuncture...
[*] Google Places match: Tian Chao Herbs & Acupuncture Fair Oaks
[+] Uploaded image to Supabase Storage: https://smkyqdkuablxlexyuhgs.supabase.co/storage/v1/object/public/generated-images/generated-clinics/google-places/tian-chao-herbs-acupuncture-google-1.webp
[+] Uploaded image to Supabase Storage: https://smkyqdkuablxlexyuhgs.supabase.co/storage/v1/object/public/generated-images/generated-clinics/google-places/tian-chao-herbs-acupuncture-google-2.webp
[+] Uploaded image to Supabase Storage: https://smkyqdkuablxlexyuhgs.supabase.co/storage/v1/object/public/generated-images/generated-clinics/google-places/tian-chao-herbs-acupuncture-google-3.webp
[+] Uploaded image to Supabase Storage: https://smkyqdkuablxlexyuhgs.supabase.co/storage/v1/object/public/generated-images/generated-clinics/google-places/tian-chao-herbs-acupuncture-google-4.webp
[+] Uploaded image to Supabase Storage: https://smkyqdkuablxlexyuhgs.supabase.co/storage/v1/object/public/generated-images/generated-clinics/google-places/tian-chao-herbs-acupuncture-google-5.webp
[*] Summarizing 5 Google reviews with AI...
[*] Inserted new clinic into DB: Tian Chao Herbs & Acupuncture
✅ Đã lưu: Tian Chao Herbs & Acupuncture
Hoàn tất! Đã lưu 2/3 phòng khám.


=== STARTING PHASE 2: 90 CLINICS FOR 9 SPECIALTIES ===

--- Specialty: Primary Care (10 clinics) ---

>>> Dang chay: query='Vietnamese primary care clinic in Orange County, CA', limit=4, lang=['Vietnamese'], types=['medical_clinic'], override_specialty=Primary Care
Đang tìm Google Places cho từ khóa: 'Vietnamese primary care clinic in Orange County, CA' (loại: medical_clinic) (ngôn ngữ yêu cầu: Vietnamese)...
Tìm thấy 2 cơ sở y tế có website hợp lệ (đã lọc 0 nơi không phải y tế).
Có 2 cơ sở mới. Bắt đầu scrape...
Đang cào dữ liệu: CT clinic and Dr. Tam Medspa concierge offices...
[*] Scraping URL: https://drtam-medspa.com/
[+] Jina Reader: 8517 chars for https://drtam-medspa.com/
[!] Playwright failed for https://drtam-medspa.com/: BrowserType.launch: Executable doesn't exist at /Users/sam92/Library/Caches/ms-playwright/chromium_headless_shell-1217/chrome-headless-shell-mac-arm64/chrome-headless-shell
╔════════════════════════════════════════════════════════════╗
║ Looks like Playwright was just installed or updated.       ║
║ Please run the following command to download new browsers: ║
║                                                            ║
║     playwright install                                     ║
║                                                            ║
║ <3 Playwright Team                                         ║
╚════════════════════════════════════════════════════════════╝
[*] Extracted 8632 chars via Jina across 1 page(s), 0 JSON-LD schemas, 0 image candidates.
[*] Sending extraction request to OpenRouter (deepseek/deepseek-v4-flash)...
[*] Successfully extracted data for Dr Tam Medical Spa
⚠️ Cảnh báo CT clinic and Dr. Tam Medspa concierge offices: website không nhắc đến ngôn ngữ yêu cầu (Vietnamese). Vẫn giữ lại theo kết quả Google Places (Ngôn ngữ gán: English, Vietnamese).
Đang làm giàu Google Places: CT clinic and Dr. Tam Medspa concierge offices...
[*] Google Places match: DR.TAM MED SPA CLINIC
[+] Uploaded image to Supabase Storage: https://smkyqdkuablxlexyuhgs.supabase.co/storage/v1/object/public/generated-images/generated-clinics/google-places/dr-tam-medical-spa-google-1.webp
[+] Uploaded image to Supabase Storage: https://smkyqdkuablxlexyuhgs.supabase.co/storage/v1/object/public/generated-images/generated-clinics/google-places/dr-tam-medical-spa-google-2.webp
[+] Uploaded image to Supabase Storage: https://smkyqdkuablxlexyuhgs.supabase.co/storage/v1/object/public/generated-images/generated-clinics/google-places/dr-tam-medical-spa-google-3.webp
[+] Uploaded image to Supabase Storage: https://smkyqdkuablxlexyuhgs.supabase.co/storage/v1/object/public/generated-images/generated-clinics/google-places/dr-tam-medical-spa-google-4.webp
[+] Uploaded image to Supabase Storage: https://smkyqdkuablxlexyuhgs.supabase.co/storage/v1/object/public/generated-images/generated-clinics/google-places/dr-tam-medical-spa-google-5.webp
[*] Summarizing 2 Google reviews with AI...
[!] AI review summary failed for Dr Tam Medical Spa: Expecting value: line 1 column 1 (char 0)
[*] Inserted new clinic into DB: Dr Tam Medical Spa
✅ Đã lưu: Dr Tam Medical Spa
Đang cào dữ liệu: Seogeun Hong...
[*] Scraping URL: https://www.psjhmedgroups.org/Find-a-Doctor/H/Seogeun-Naomi-Hong-MD.aspx
[+] Jina Reader: 47888 chars for https://www.psjhmedgroups.org/Find-a-Doctor/H/Seogeun-Naomi-Hong-MD.aspx
[!] Playwright failed for https://www.psjhmedgroups.org/Find-a-Doctor/H/Seogeun-Naomi-Hong-MD.aspx: BrowserType.launch: Executable doesn't exist at /Users/sam92/Library/Caches/ms-playwright/chromium_headless_shell-1217/chrome-headless-shell-mac-arm64/chrome-headless-shell
╔════════════════════════════════════════════════════════════╗
║ Looks like Playwright was just installed or updated.       ║
║ Please run the following command to download new browsers: ║
║                                                            ║
║     playwright install                                     ║
║                                                            ║
║ <3 Playwright Team                                         ║
╚════════════════════════════════════════════════════════════╝
[*] Extracted 48050 chars via Jina across 1 page(s), 0 JSON-LD schemas, 0 image candidates.
[*] Sending extraction request to OpenRouter (deepseek/deepseek-v4-flash)...
[*] Successfully extracted data for Seogeun Hong, MD
⚠️ Cảnh báo Seogeun Hong: website không nhắc đến ngôn ngữ yêu cầu (Vietnamese). Vẫn giữ lại theo kết quả Google Places (Ngôn ngữ gán: English, Korean, Vietnamese).
Đang làm giàu Google Places: Seogeun Hong...
[*] Google Places match: Seogeun Hong
[*] Summarizing 5 Google reviews with AI...
[*] Generating clinic image via google/gemini-3.1-flash-image-preview: Seogeun Hong, MD
[+] Uploaded image to Supabase Storage: https://smkyqdkuablxlexyuhgs.supabase.co/storage/v1/object/public/generated-images/generated-clinics/seogeun-hong-md.webp
[*] Inserted new clinic into DB: Seogeun Hong, MD
✅ Đã lưu: Seogeun Hong, MD
Hoàn tất! Đã lưu 2/4 phòng khám.

>>> Dang chay: query='Korean primary care clinic in Los Angeles, CA', limit=3, lang=['Korean'], types=['medical_clinic'], override_specialty=Primary Care
Đang tìm Google Places cho từ khóa: 'Korean primary care clinic in Los Angeles, CA' (loại: medical_clinic) (ngôn ngữ yêu cầu: Korean)...
Tìm thấy 4 cơ sở y tế có website hợp lệ (đã lọc 0 nơi không phải y tế).
Bỏ qua đã tồn tại: Solid Primary Care/주우진 내과
Bỏ qua đã tồn tại: 김성현 내과 | SUNG HYUN KIM, MD. Internal Medicine
Bỏ qua đã tồn tại: Kheir Clinic
Có 1 cơ sở mới. Bắt đầu scrape...
Đang cào dữ liệu: Kwang He Won Health Center...
[*] Scraping URL: https://kwanghewon.org/
[+] Jina Reader: 17078 chars for https://kwanghewon.org/
[!] Playwright failed for https://kwanghewon.org/: BrowserType.launch: Executable doesn't exist at /Users/sam92/Library/Caches/ms-playwright/chromium_headless_shell-1217/chrome-headless-shell-mac-arm64/chrome-headless-shell
╔════════════════════════════════════════════════════════════╗
║ Looks like Playwright was just installed or updated.       ║
║ Please run the following command to download new browsers: ║
║                                                            ║
║     playwright install                                     ║
║                                                            ║
║ <3 Playwright Team                                         ║
╚════════════════════════════════════════════════════════════╝
[*] Extracted 17191 chars via Jina across 1 page(s), 0 JSON-LD schemas, 0 image candidates.
[*] Sending extraction request to OpenRouter (deepseek/deepseek-v4-flash)...
[*] Successfully extracted data for Kwang He Won Health Center
Đang làm giàu Google Places: Kwang He Won Health Center...
[*] Google Places match: Kwang He Won Health Center
[+] Uploaded image to Supabase Storage: https://smkyqdkuablxlexyuhgs.supabase.co/storage/v1/object/public/generated-images/generated-clinics/google-places/kwang-he-won-health-center-google-1.webp
[+] Uploaded image to Supabase Storage: https://smkyqdkuablxlexyuhgs.supabase.co/storage/v1/object/public/generated-images/generated-clinics/google-places/kwang-he-won-health-center-google-2.webp
[+] Uploaded image to Supabase Storage: https://smkyqdkuablxlexyuhgs.supabase.co/storage/v1/object/public/generated-images/generated-clinics/google-places/kwang-he-won-health-center-google-3.webp
[+] Uploaded image to Supabase Storage: https://smkyqdkuablxlexyuhgs.supabase.co/storage/v1/object/public/generated-images/generated-clinics/google-places/kwang-he-won-health-center-google-4.webp
[+] Uploaded image to Supabase Storage: https://smkyqdkuablxlexyuhgs.supabase.co/storage/v1/object/public/generated-images/generated-clinics/google-places/kwang-he-won-health-center-google-5.webp
[*] Summarizing 5 Google reviews with AI...
[*] Inserted new clinic into DB: Kwang He Won Health Center
✅ Đã lưu: Kwang He Won Health Center
Hoàn tất! Đã lưu 1/3 phòng khám.

>>> Dang chay: query='Chinese primary care clinic in San Francisco, CA', limit=3, lang=['Chinese'], types=['medical_clinic'], override_specialty=Primary Care
Đang tìm Google Places cho từ khóa: 'Chinese primary care clinic in San Francisco, CA' (loại: medical_clinic) (ngôn ngữ yêu cầu: Chinese)...
⛔ Bỏ qua (không phải cơ sở y tế): East West Health Services (Chinatown/FiDi) — types: massage
Tìm thấy 4 cơ sở y tế có website hợp lệ (đã lọc 1 nơi không phải y tế).
Bỏ qua đã tồn tại: Chinese Medicine Clinic & Education Center
Bỏ qua đã tồn tại: Chicken Soup Chinese Medicine
Có 2 cơ sở mới. Bắt đầu scrape...
Đang cào dữ liệu: UCSF Primary Care at China Basin...
[*] Scraping URL: https://www.ucsfhealth.org/clinics/primary-care-at-china-basin
[+] Jina Reader: 29871 chars for https://www.ucsfhealth.org/clinics/primary-care-at-china-basin
[!] Playwright failed for https://www.ucsfhealth.org/clinics/primary-care-at-china-basin: BrowserType.launch: Executable doesn't exist at /Users/sam92/Library/Caches/ms-playwright/chromium_headless_shell-1217/chrome-headless-shell-mac-arm64/chrome-headless-shell
╔════════════════════════════════════════════════════════════╗
║ Looks like Playwright was just installed or updated.       ║
║ Please run the following command to download new browsers: ║
║                                                            ║
║     playwright install                                     ║
║                                                            ║
║ <3 Playwright Team                                         ║
╚════════════════════════════════════════════════════════════╝
[*] Extracted 30023 chars via Jina across 1 page(s), 0 JSON-LD schemas, 0 image candidates.
[*] Sending extraction request to OpenRouter (deepseek/deepseek-v4-flash)...
[*] Successfully extracted data for UCSF Primary Care at China Basin
⚠️ Cảnh báo UCSF Primary Care at China Basin: website không nhắc đến ngôn ngữ yêu cầu (Chinese). Vẫn giữ lại theo kết quả Google Places (Ngôn ngữ gán: English, Chinese).
Đang làm giàu Google Places: UCSF Primary Care at China Basin...
[*] Google Places match: UCSF Primary Care at China Basin
[+] Uploaded image to Supabase Storage: https://smkyqdkuablxlexyuhgs.supabase.co/storage/v1/object/public/generated-images/generated-clinics/google-places/ucsf-primary-care-at-china-basin-google-1.webp
[+] Uploaded image to Supabase Storage: https://smkyqdkuablxlexyuhgs.supabase.co/storage/v1/object/public/generated-images/generated-clinics/google-places/ucsf-primary-care-at-china-basin-google-2.webp
[+] Uploaded image to Supabase Storage: https://smkyqdkuablxlexyuhgs.supabase.co/storage/v1/object/public/generated-images/generated-clinics/google-places/ucsf-primary-care-at-china-basin-google-3.webp
[+] Uploaded image to Supabase Storage: https://smkyqdkuablxlexyuhgs.supabase.co/storage/v1/object/public/generated-images/generated-clinics/google-places/ucsf-primary-care-at-china-basin-google-4.webp
[+] Uploaded image to Supabase Storage: https://smkyqdkuablxlexyuhgs.supabase.co/storage/v1/object/public/generated-images/generated-clinics/google-places/ucsf-primary-care-at-china-basin-google-5.webp
[*] Summarizing 5 Google reviews with AI...
[*] Inserted new clinic into DB: UCSF Primary Care at China Basin
✅ Đã lưu: UCSF Primary Care at China Basin
Đang cào dữ liệu: Chinatown Public Health Center...
[*] Scraping URL: https://www.sf.gov/location--chinatown-public-health-center
[+] Jina Reader: 22330 chars for https://www.sf.gov/location--chinatown-public-health-center
[!] Playwright failed for https://www.sf.gov/location--chinatown-public-health-center: BrowserType.launch: Executable doesn't exist at /Users/sam92/Library/Caches/ms-playwright/chromium_headless_shell-1217/chrome-headless-shell-mac-arm64/chrome-headless-shell
╔════════════════════════════════════════════════════════════╗
║ Looks like Playwright was just installed or updated.       ║
║ Please run the following command to download new browsers: ║
║                                                            ║
║     playwright install                                     ║
║                                                            ║
║ <3 Playwright Team                                         ║
╚════════════════════════════════════════════════════════════╝
[*] Extracted 22479 chars via Jina across 1 page(s), 0 JSON-LD schemas, 0 image candidates.
[*] Sending extraction request to OpenRouter (deepseek/deepseek-v4-flash)...
[*] Successfully extracted data for Chinatown Public Health Center
⚠️ Cảnh báo Chinatown Public Health Center: website không nhắc đến ngôn ngữ yêu cầu (Chinese). Vẫn giữ lại theo kết quả Google Places (Ngôn ngữ gán: Cantonese, Mandarin, English, Tagalog, Vietnamese, Toishanese, Chinese).
Đang làm giàu Google Places: Chinatown Public Health Center...
[*] Google Places match: Chinatown Public Health Center
[+] Uploaded image to Supabase Storage: https://smkyqdkuablxlexyuhgs.supabase.co/storage/v1/object/public/generated-images/generated-clinics/google-places/chinatown-public-health-center-google-1.webp
[+] Uploaded image to Supabase Storage: https://smkyqdkuablxlexyuhgs.supabase.co/storage/v1/object/public/generated-images/generated-clinics/google-places/chinatown-public-health-center-google-2.webp
[+] Uploaded image to Supabase Storage: https://smkyqdkuablxlexyuhgs.supabase.co/storage/v1/object/public/generated-images/generated-clinics/google-places/chinatown-public-health-center-google-3.webp
[+] Uploaded image to Supabase Storage: https://smkyqdkuablxlexyuhgs.supabase.co/storage/v1/object/public/generated-images/generated-clinics/google-places/chinatown-public-health-center-google-4.webp
[+] Uploaded image to Supabase Storage: https://smkyqdkuablxlexyuhgs.supabase.co/storage/v1/object/public/generated-images/generated-clinics/google-places/chinatown-public-health-center-google-5.webp
[*] Summarizing 5 Google reviews with AI...
[!] AI review summary failed for Chinatown Public Health Center: Expecting value: line 1 column 1 (char 0)
[*] Inserted new clinic into DB: Chinatown Public Health Center
✅ Đã lưu: Chinatown Public Health Center
Hoàn tất! Đã lưu 2/3 phòng khám.

--- Specialty: Dental (10 clinics) ---

>>> Dang chay: query='Vietnamese dentist in San Jose, CA', limit=4, lang=['Vietnamese'], types=['dental_clinic'], override_specialty=Dental
Đang tìm Google Places cho từ khóa: 'Vietnamese dentist in San Jose, CA' (loại: dental_clinic) (ngôn ngữ yêu cầu: Vietnamese)...
Tìm thấy 4 cơ sở y tế có website hợp lệ (đã lọc 0 nơi không phải y tế).
Bỏ qua đã tồn tại: K&T Dental
Có 3 cơ sở mới. Bắt đầu scrape...
Đang cào dữ liệu: Rose Park Dental...
[*] Scraping URL: http://www.roseparkdental.net/
[+] Jina Reader: 7917 chars for http://www.roseparkdental.net/
[!] Playwright failed for http://www.roseparkdental.net/: BrowserType.launch: Executable doesn't exist at /Users/sam92/Library/Caches/ms-playwright/chromium_headless_shell-1217/chrome-headless-shell-mac-arm64/chrome-headless-shell
╔════════════════════════════════════════════════════════════╗
║ Looks like Playwright was just installed or updated.       ║
║ Please run the following command to download new browsers: ║
║                                                            ║
║     playwright install                                     ║
║                                                            ║
║ <3 Playwright Team                                         ║
╚════════════════════════════════════════════════════════════╝
[*] Extracted 8037 chars via Jina across 1 page(s), 0 JSON-LD schemas, 0 image candidates.
[*] Sending extraction request to OpenRouter (deepseek/deepseek-v4-flash)...
[*] Successfully extracted data for Rose Park Dental
Đang làm giàu Google Places: Rose Park Dental...
[*] Google Places match: Rose Park Dental
[+] Uploaded image to Supabase Storage: https://smkyqdkuablxlexyuhgs.supabase.co/storage/v1/object/public/generated-images/generated-clinics/google-places/rose-park-dental-google-1.webp
[*] Summarizing 5 Google reviews with AI...
[*] Inserted new clinic into DB: Rose Park Dental
✅ Đã lưu: Rose Park Dental
Đang cào dữ liệu: Great Care Dental 大愛牙醫...
[*] Scraping URL: http://greatcaredental.org/
[+] Jina Reader: 16617 chars for http://greatcaredental.org/
[!] Playwright failed for http://greatcaredental.org/: BrowserType.launch: Executable doesn't exist at /Users/sam92/Library/Caches/ms-playwright/chromium_headless_shell-1217/chrome-headless-shell-mac-arm64/chrome-headless-shell
╔════════════════════════════════════════════════════════════╗
║ Looks like Playwright was just installed or updated.       ║
║ Please run the following command to download new browsers: ║
║                                                            ║
║     playwright install                                     ║
║                                                            ║
║ <3 Playwright Team                                         ║
╚════════════════════════════════════════════════════════════╝
[*] Extracted 16734 chars via Jina across 1 page(s), 0 JSON-LD schemas, 0 image candidates.
[*] Sending extraction request to OpenRouter (deepseek/deepseek-v4-flash)...
[*] Successfully extracted data for Great Care Dental 大愛牙醫
⚠️ Cảnh báo Great Care Dental 大愛牙醫: website không nhắc đến ngôn ngữ yêu cầu (Vietnamese). Vẫn giữ lại theo kết quả Google Places (Ngôn ngữ gán: English, Mandarin, Vietnamese).
Đang làm giàu Google Places: Great Care Dental 大愛牙醫...
[*] Google Places match: Great Care Dental 大愛牙醫
[+] Uploaded image to Supabase Storage: https://smkyqdkuablxlexyuhgs.supabase.co/storage/v1/object/public/generated-images/generated-clinics/google-places/great-care-dental-google-1.webp
[+] Uploaded image to Supabase Storage: https://smkyqdkuablxlexyuhgs.supabase.co/storage/v1/object/public/generated-images/generated-clinics/google-places/great-care-dental-google-2.webp
[+] Uploaded image to Supabase Storage: https://smkyqdkuablxlexyuhgs.supabase.co/storage/v1/object/public/generated-images/generated-clinics/google-places/great-care-dental-google-3.webp
[+] Uploaded image to Supabase Storage: https://smkyqdkuablxlexyuhgs.supabase.co/storage/v1/object/public/generated-images/generated-clinics/google-places/great-care-dental-google-4.webp
[+] Uploaded image to Supabase Storage: https://smkyqdkuablxlexyuhgs.supabase.co/storage/v1/object/public/generated-images/generated-clinics/google-places/great-care-dental-google-5.webp
[*] Summarizing 5 Google reviews with AI...
[*] Inserted new clinic into DB: Great Care Dental 大愛牙醫
✅ Đã lưu: Great Care Dental 大愛牙醫
Đang cào dữ liệu: Pannu Dental Group...
[*] Scraping URL: https://www.pannudental.com/dentist-in-san-jose-ca/
[+] Jina Reader: 52130 chars for https://www.pannudental.com/dentist-in-san-jose-ca/
[!] Playwright failed for https://www.pannudental.com/dentist-in-san-jose-ca/: BrowserType.launch: Executable doesn't exist at /Users/sam92/Library/Caches/ms-playwright/chromium_headless_shell-1217/chrome-headless-shell-mac-arm64/chrome-headless-shell
╔════════════════════════════════════════════════════════════╗
║ Looks like Playwright was just installed or updated.       ║
║ Please run the following command to download new browsers: ║
║                                                            ║
║     playwright install                                     ║
║                                                            ║
║ <3 Playwright Team                                         ║
╚════════════════════════════════════════════════════════════╝
[*] Extracted 52271 chars via Jina across 1 page(s), 0 JSON-LD schemas, 0 image candidates.
[*] Sending extraction request to OpenRouter (deepseek/deepseek-v4-flash)...
[*] Successfully extracted data for Pannu Dental Group
⚠️ Cảnh báo Pannu Dental Group: website không nhắc đến ngôn ngữ yêu cầu (Vietnamese). Vẫn giữ lại theo kết quả Google Places (Ngôn ngữ gán: English, Vietnamese).
Đang làm giàu Google Places: Pannu Dental Group...
[*] Google Places match: Pannu Dental Group
[+] Uploaded image to Supabase Storage: https://smkyqdkuablxlexyuhgs.supabase.co/storage/v1/object/public/generated-images/generated-clinics/google-places/pannu-dental-group-google-1.webp
[+] Uploaded image to Supabase Storage: https://smkyqdkuablxlexyuhgs.supabase.co/storage/v1/object/public/generated-images/generated-clinics/google-places/pannu-dental-group-google-2.webp
[+] Uploaded image to Supabase Storage: https://smkyqdkuablxlexyuhgs.supabase.co/storage/v1/object/public/generated-images/generated-clinics/google-places/pannu-dental-group-google-3.webp
[+] Uploaded image to Supabase Storage: https://smkyqdkuablxlexyuhgs.supabase.co/storage/v1/object/public/generated-images/generated-clinics/google-places/pannu-dental-group-google-4.webp
[+] Uploaded image to Supabase Storage: https://smkyqdkuablxlexyuhgs.supabase.co/storage/v1/object/public/generated-images/generated-clinics/google-places/pannu-dental-group-google-5.webp
[*] Summarizing 5 Google reviews with AI...
[*] Inserted new clinic into DB: Pannu Dental Group
✅ Đã lưu: Pannu Dental Group
Hoàn tất! Đã lưu 3/4 phòng khám.

>>> Dang chay: query='Korean dentist in Los Angeles, CA', limit=3, lang=['Korean'], types=['dental_clinic'], override_specialty=Dental
Đang tìm Google Places cho từ khóa: 'Korean dentist in Los Angeles, CA' (loại: dental_clinic) (ngôn ngữ yêu cầu: Korean)...
Tìm thấy 4 cơ sở y tế có website hợp lệ (đã lọc 0 nơi không phải y tế).
Bỏ qua đã tồn tại: Kheir Clinic Suite 120
Có 3 cơ sở mới. Bắt đầu scrape...
Đang cào dữ liệu: K-TOWN DENTIST 닥터설 young hahn...
[*] Scraping URL: https://ktowndentist.com/
[+] Jina Reader: 13617 chars for https://ktowndentist.com/
[!] Playwright failed for https://ktowndentist.com/: BrowserType.launch: Executable doesn't exist at /Users/sam92/Library/Caches/ms-playwright/chromium_headless_shell-1217/chrome-headless-shell-mac-arm64/chrome-headless-shell
╔════════════════════════════════════════════════════════════╗
║ Looks like Playwright was just installed or updated.       ║
║ Please run the following command to download new browsers: ║
║                                                            ║
║     playwright install                                     ║
║                                                            ║
║ <3 Playwright Team                                         ║
╚════════════════════════════════════════════════════════════╝
[*] Extracted 13732 chars via Jina across 1 page(s), 0 JSON-LD schemas, 0 image candidates.
[*] Sending extraction request to OpenRouter (deepseek/deepseek-v4-flash)...
[*] Successfully extracted data for K-TOWN DENTIST 닥터설 young hahn
⚠️ Cảnh báo K-TOWN DENTIST 닥터설 young hahn: website không nhắc đến ngôn ngữ yêu cầu (Korean). Vẫn giữ lại theo kết quả Google Places (Ngôn ngữ gán: English, Korean).
Đang làm giàu Google Places: K-TOWN DENTIST 닥터설 young hahn...
[*] Google Places match: K-TOWN DENTIST 닥터설 young hahn
[+] Uploaded image to Supabase Storage: https://smkyqdkuablxlexyuhgs.supabase.co/storage/v1/object/public/generated-images/generated-clinics/google-places/k-town-dentist-young-hahn-google-1.webp
[*] Summarizing 5 Google reviews with AI...
[*] Inserted new clinic into DB: K-TOWN DENTIST 닥터설 young hahn
✅ Đã lưu: K-TOWN DENTIST 닥터설 young hahn
Đang cào dữ liệu: Olympic Mission Dental (올림픽치과)...
[*] Scraping URL: http://www.olympicmissiondental.com/
[+] Jina Reader: 4796 chars for http://www.olympicmissiondental.com/
[!] Playwright failed for http://www.olympicmissiondental.com/: BrowserType.launch: Executable doesn't exist at /Users/sam92/Library/Caches/ms-playwright/chromium_headless_shell-1217/chrome-headless-shell-mac-arm64/chrome-headless-shell
╔════════════════════════════════════════════════════════════╗
║ Looks like Playwright was just installed or updated.       ║
║ Please run the following command to download new browsers: ║
║                                                            ║
║     playwright install                                     ║
║                                                            ║
║ <3 Playwright Team                                         ║
╚════════════════════════════════════════════════════════════╝
[*] Extracted 4922 chars via Jina across 1 page(s), 0 JSON-LD schemas, 0 image candidates.
[*] Sending extraction request to OpenRouter (deepseek/deepseek-v4-flash)...
[*] Successfully extracted data for Olympic Mission Dental (올림픽치과)
Đang làm giàu Google Places: Olympic Mission Dental (올림픽치과)...
[*] Google Places match: Olympic Mission Dental (올림픽치과)
[*] Summarizing 5 Google reviews with AI...
[*] Generating clinic image via google/gemini-3.1-flash-image-preview: Olympic Mission Dental (올림픽치과)
[+] Uploaded image to Supabase Storage: https://smkyqdkuablxlexyuhgs.supabase.co/storage/v1/object/public/generated-images/generated-clinics/olympic-mission-dental.webp
[*] Inserted new clinic into DB: Olympic Mission Dental (올림픽치과)
✅ Đã lưu: Olympic Mission Dental (올림픽치과)
Đang cào dữ liệu: Symphony Dental...
[*] Scraping URL: http://symphony.dental/
[+] Jina Reader: 11657 chars for http://symphony.dental/
[!] Playwright failed for http://symphony.dental/: BrowserType.launch: Executable doesn't exist at /Users/sam92/Library/Caches/ms-playwright/chromium_headless_shell-1217/chrome-headless-shell-mac-arm64/chrome-headless-shell
╔════════════════════════════════════════════════════════════╗
║ Looks like Playwright was just installed or updated.       ║
║ Please run the following command to download new browsers: ║
║                                                            ║
║     playwright install                                     ║
║                                                            ║
║ <3 Playwright Team                                         ║
╚════════════════════════════════════════════════════════════╝
[*] Extracted 11770 chars via Jina across 1 page(s), 0 JSON-LD schemas, 0 image candidates.
[*] Sending extraction request to OpenRouter (deepseek/deepseek-v4-flash)...
[*] Successfully extracted data for Symphony Dental
⚠️ Cảnh báo Symphony Dental: website không nhắc đến ngôn ngữ yêu cầu (Korean). Vẫn giữ lại theo kết quả Google Places (Ngôn ngữ gán: English, Korean).
Đang làm giàu Google Places: Symphony Dental...
[*] Google Places match: Symphony Dental
[+] Uploaded image to Supabase Storage: https://smkyqdkuablxlexyuhgs.supabase.co/storage/v1/object/public/generated-images/generated-clinics/google-places/symphony-dental-google-1.webp
[+] Uploaded image to Supabase Storage: https://smkyqdkuablxlexyuhgs.supabase.co/storage/v1/object/public/generated-images/generated-clinics/google-places/symphony-dental-google-2.webp
[+] Uploaded image to Supabase Storage: https://smkyqdkuablxlexyuhgs.supabase.co/storage/v1/object/public/generated-images/generated-clinics/google-places/symphony-dental-google-3.webp
[+] Uploaded image to Supabase Storage: https://smkyqdkuablxlexyuhgs.supabase.co/storage/v1/object/public/generated-images/generated-clinics/google-places/symphony-dental-google-4.webp
[+] Uploaded image to Supabase Storage: https://smkyqdkuablxlexyuhgs.supabase.co/storage/v1/object/public/generated-images/generated-clinics/google-places/symphony-dental-google-5.webp
[*] Summarizing 5 Google reviews with AI...
[*] Inserted new clinic into DB: Symphony Dental
✅ Đã lưu: Symphony Dental
Hoàn tất! Đã lưu 3/3 phòng khám.

>>> Dang chay: query='Chinese dentist in New York, NY', limit=3, lang=['Chinese'], types=['dental_clinic'], override_specialty=Dental
Đang tìm Google Places cho từ khóa: 'Chinese dentist in New York, NY' (loại: dental_clinic) (ngôn ngữ yêu cầu: Chinese)...
Tìm thấy 4 cơ sở y tế có website hợp lệ (đã lọc 0 nơi không phải y tế).
Có 4 cơ sở mới. Bắt đầu scrape...
Đang cào dữ liệu: Centre Dental/中央牙科...
[*] Scraping URL: https://www.centredent.com/
[+] Jina Reader: 15156 chars for https://www.centredent.com/
[!] Playwright failed for https://www.centredent.com/: BrowserType.launch: Executable doesn't exist at /Users/sam92/Library/Caches/ms-playwright/chromium_headless_shell-1217/chrome-headless-shell-mac-arm64/chrome-headless-shell
╔════════════════════════════════════════════════════════════╗
║ Looks like Playwright was just installed or updated.       ║
║ Please run the following command to download new browsers: ║
║                                                            ║
║     playwright install                                     ║
║                                                            ║
║ <3 Playwright Team                                         ║
╚════════════════════════════════════════════════════════════╝
[*] Extracted 15273 chars via Jina across 1 page(s), 0 JSON-LD schemas, 0 image candidates.
[*] Sending extraction request to OpenRouter (deepseek/deepseek-v4-flash)...
[*] Successfully extracted data for Centre Dental/中央牙科
⚠️ Cảnh báo Centre Dental/中央牙科: website không nhắc đến ngôn ngữ yêu cầu (Chinese). Vẫn giữ lại theo kết quả Google Places (Ngôn ngữ gán: English, Cantonese, Mandarin, Chinese).
Đang làm giàu Google Places: Centre Dental/中央牙科...
[*] Google Places match: Centre Dental/中央牙科
[+] Uploaded image to Supabase Storage: https://smkyqdkuablxlexyuhgs.supabase.co/storage/v1/object/public/generated-images/generated-clinics/google-places/centre-dental-google-1.webp
[+] Uploaded image to Supabase Storage: https://smkyqdkuablxlexyuhgs.supabase.co/storage/v1/object/public/generated-images/generated-clinics/google-places/centre-dental-google-2.webp
[+] Uploaded image to Supabase Storage: https://smkyqdkuablxlexyuhgs.supabase.co/storage/v1/object/public/generated-images/generated-clinics/google-places/centre-dental-google-3.webp
[+] Uploaded image to Supabase Storage: https://smkyqdkuablxlexyuhgs.supabase.co/storage/v1/object/public/generated-images/generated-clinics/google-places/centre-dental-google-4.webp
[+] Uploaded image to Supabase Storage: https://smkyqdkuablxlexyuhgs.supabase.co/storage/v1/object/public/generated-images/generated-clinics/google-places/centre-dental-google-5.webp
[*] Summarizing 5 Google reviews with AI...
[!] AI review summary failed for Centre Dental/中央牙科: Expecting value: line 1 column 1 (char 0)
[*] Inserted new clinic into DB: Centre Dental/中央牙科
✅ Đã lưu: Centre Dental/中央牙科
Đang cào dữ liệu: Charlie Chen DDS...
[*] Scraping URL: http://www.3d-implants.net/
[+] Jina Reader: 89443 chars for http://www.3d-implants.net/
[!] Playwright failed for http://www.3d-implants.net/: BrowserType.launch: Executable doesn't exist at /Users/sam92/Library/Caches/ms-playwright/chromium_headless_shell-1217/chrome-headless-shell-mac-arm64/chrome-headless-shell
╔════════════════════════════════════════════════════════════╗
║ Looks like Playwright was just installed or updated.       ║
║ Please run the following command to download new browsers: ║
║                                                            ║
║     playwright install                                     ║
║                                                            ║
║ <3 Playwright Team                                         ║
╚════════════════════════════════════════════════════════════╝
[*] Extracted 89560 chars via Jina across 1 page(s), 0 JSON-LD schemas, 0 image candidates.
[*] Sending extraction request to OpenRouter (deepseek/deepseek-v4-flash)...
[*] Successfully extracted data for 3D Dental Implant Center
Đang làm giàu Google Places: Charlie Chen DDS...
[*] Google Places match: Charlie Chen DDS
[+] Uploaded image to Supabase Storage: https://smkyqdkuablxlexyuhgs.supabase.co/storage/v1/object/public/generated-images/generated-clinics/google-places/3d-dental-implant-center-google-1.webp
[+] Uploaded image to Supabase Storage: https://smkyqdkuablxlexyuhgs.supabase.co/storage/v1/object/public/generated-images/generated-clinics/google-places/3d-dental-implant-center-google-2.webp
[+] Uploaded image to Supabase Storage: https://smkyqdkuablxlexyuhgs.supabase.co/storage/v1/object/public/generated-images/generated-clinics/google-places/3d-dental-implant-center-google-3.webp
[+] Uploaded image to Supabase Storage: https://smkyqdkuablxlexyuhgs.supabase.co/storage/v1/object/public/generated-images/generated-clinics/google-places/3d-dental-implant-center-google-4.webp
[+] Uploaded image to Supabase Storage: https://smkyqdkuablxlexyuhgs.supabase.co/storage/v1/object/public/generated-images/generated-clinics/google-places/3d-dental-implant-center-google-5.webp
[*] Summarizing 5 Google reviews with AI...
[*] Inserted new clinic into DB: 3D Dental Implant Center
✅ Đã lưu: 3D Dental Implant Center
Đang cào dữ liệu: CANAL DENTAL GROUP...
[*] Scraping URL: https://www.canaldentalgroup.com/
[+] Jina Reader: 15175 chars for https://www.canaldentalgroup.com/
[!] Playwright failed for https://www.canaldentalgroup.com/: BrowserType.launch: Executable doesn't exist at /Users/sam92/Library/Caches/ms-playwright/chromium_headless_shell-1217/chrome-headless-shell-mac-arm64/chrome-headless-shell
╔════════════════════════════════════════════════════════════╗
║ Looks like Playwright was just installed or updated.       ║
║ Please run the following command to download new browsers: ║
║                                                            ║
║     playwright install                                     ║
║                                                            ║
║ <3 Playwright Team                                         ║
╚════════════════════════════════════════════════════════════╝
[*] Extracted 15298 chars via Jina across 1 page(s), 0 JSON-LD schemas, 0 image candidates.
[*] Sending extraction request to OpenRouter (deepseek/deepseek-v4-flash)...
[*] Successfully extracted data for CANAL DENTAL GROUP
⚠️ Cảnh báo CANAL DENTAL GROUP: website không nhắc đến ngôn ngữ yêu cầu (Chinese). Vẫn giữ lại theo kết quả Google Places (Ngôn ngữ gán: English, Cantonese, Mandarin, Chinese).
Đang làm giàu Google Places: CANAL DENTAL GROUP...
[*] Google Places match: CANAL DENTAL GROUP
[+] Uploaded image to Supabase Storage: https://smkyqdkuablxlexyuhgs.supabase.co/storage/v1/object/public/generated-images/generated-clinics/google-places/canal-dental-group-google-1.webp
[+] Uploaded image to Supabase Storage: https://smkyqdkuablxlexyuhgs.supabase.co/storage/v1/object/public/generated-images/generated-clinics/google-places/canal-dental-group-google-2.webp
[+] Uploaded image to Supabase Storage: https://smkyqdkuablxlexyuhgs.supabase.co/storage/v1/object/public/generated-images/generated-clinics/google-places/canal-dental-group-google-3.webp
[+] Uploaded image to Supabase Storage: https://smkyqdkuablxlexyuhgs.supabase.co/storage/v1/object/public/generated-images/generated-clinics/google-places/canal-dental-group-google-4.webp
[+] Uploaded image to Supabase Storage: https://smkyqdkuablxlexyuhgs.supabase.co/storage/v1/object/public/generated-images/generated-clinics/google-places/canal-dental-group-google-5.webp
[*] Summarizing 5 Google reviews with AI...
[!] AI review summary failed for CANAL DENTAL GROUP: Expecting value: line 1 column 1 (char 0)
[*] Inserted new clinic into DB: CANAL DENTAL GROUP
✅ Đã lưu: CANAL DENTAL GROUP
Hoàn tất! Đã lưu 3/3 phòng khám.

--- Specialty: Mental Health (10 clinics) ---

>>> Dang chay: query='Vietnamese mental health counseling in Orange County, CA', limit=4, lang=['Vietnamese'], types=['medical_clinic'], override_specialty=Mental Health
Đang tìm Google Places cho từ khóa: 'Vietnamese mental health counseling in Orange County, CA' (loại: medical_clinic) (ngôn ngữ yêu cầu: Vietnamese)...
Tìm thấy 6 cơ sở y tế có website hợp lệ (đã lọc 0 nơi không phải y tế).
Có 6 cơ sở mới. Bắt đầu scrape...
Đang cào dữ liệu: Nina Nguy, Psy.D....
[*] Scraping URL: http://www.ocaapsych.com/
[+] Jina Reader: 20714 chars for http://www.ocaapsych.com/
[!] Playwright failed for http://www.ocaapsych.com/: BrowserType.launch: Executable doesn't exist at /Users/sam92/Library/Caches/ms-playwright/chromium_headless_shell-1217/chrome-headless-shell-mac-arm64/chrome-headless-shell
╔════════════════════════════════════════════════════════════╗
║ Looks like Playwright was just installed or updated.       ║
║ Please run the following command to download new browsers: ║
║                                                            ║
║     playwright install                                     ║
║                                                            ║
║ <3 Playwright Team                                         ║
╚════════════════════════════════════════════════════════════╝
[*] Extracted 20829 chars via Jina across 1 page(s), 0 JSON-LD schemas, 0 image candidates.
[*] Sending extraction request to OpenRouter (deepseek/deepseek-v4-flash)...
[*] Successfully extracted data for Nina Nguy, Psy.D., PMH-C
Đang làm giàu Google Places: Nina Nguy, Psy.D....
[*] Google Places match: Nina Nguy, Psy.D.
[+] Uploaded image to Supabase Storage: https://smkyqdkuablxlexyuhgs.supabase.co/storage/v1/object/public/generated-images/generated-clinics/google-places/nina-nguy-psy.d.-pmh-c-google-1.webp
[+] Uploaded image to Supabase Storage: https://smkyqdkuablxlexyuhgs.supabase.co/storage/v1/object/public/generated-images/generated-clinics/google-places/nina-nguy-psy.d.-pmh-c-google-2.webp
[*] Summarizing 3 Google reviews with AI...
[*] Inserted new clinic into DB: Nina Nguy, Psy.D., PMH-C
✅ Đã lưu: Nina Nguy, Psy.D., PMH-C
Đang cào dữ liệu: Brainpower Wellness Institute...
[*] Scraping URL: https://bpwimh.com/
[+] Jina Reader: 328 chars for https://bpwimh.com/
[!] Playwright failed for https://bpwimh.com/: BrowserType.launch: Executable doesn't exist at /Users/sam92/Library/Caches/ms-playwright/chromium_headless_shell-1217/chrome-headless-shell-mac-arm64/chrome-headless-shell
╔════════════════════════════════════════════════════════════╗
║ Looks like Playwright was just installed or updated.       ║
║ Please run the following command to download new browsers: ║
║                                                            ║
║     playwright install                                     ║
║                                                            ║
║ <3 Playwright Team                                         ║
╚════════════════════════════════════════════════════════════╝
[*] Extracted 437 chars via Jina across 1 page(s), 0 JSON-LD schemas, 0 image candidates.
[*] Sending extraction request to OpenRouter (deepseek/deepseek-v4-flash)...
[*] Successfully extracted data for Brainpower Wellness Institute
⚠️ Cảnh báo Brainpower Wellness Institute: website không nhắc đến ngôn ngữ yêu cầu (Vietnamese). Vẫn giữ lại theo kết quả Google Places (Ngôn ngữ gán: English, Vietnamese).
Đang làm giàu Google Places: Brainpower Wellness Institute...
[*] Google Places match: Brainpower Wellness Institute
[+] Uploaded image to Supabase Storage: https://smkyqdkuablxlexyuhgs.supabase.co/storage/v1/object/public/generated-images/generated-clinics/google-places/brainpower-wellness-institute-google-1.webp
[+] Uploaded image to Supabase Storage: https://smkyqdkuablxlexyuhgs.supabase.co/storage/v1/object/public/generated-images/generated-clinics/google-places/brainpower-wellness-institute-google-2.webp
[+] Uploaded image to Supabase Storage: https://smkyqdkuablxlexyuhgs.supabase.co/storage/v1/object/public/generated-images/generated-clinics/google-places/brainpower-wellness-institute-google-3.webp
[+] Uploaded image to Supabase Storage: https://smkyqdkuablxlexyuhgs.supabase.co/storage/v1/object/public/generated-images/generated-clinics/google-places/brainpower-wellness-institute-google-4.webp
[+] Uploaded image to Supabase Storage: https://smkyqdkuablxlexyuhgs.supabase.co/storage/v1/object/public/generated-images/generated-clinics/google-places/brainpower-wellness-institute-google-5.webp
[*] Summarizing 5 Google reviews with AI...
[*] Inserted new clinic into DB: Brainpower Wellness Institute
✅ Đã lưu: Brainpower Wellness Institute
Đang cào dữ liệu: NAMI Orange County (NAMI OC)...
[*] Scraping URL: https://www.namioc.org/
[+] Jina Reader: 18049 chars for https://www.namioc.org/
[!] Playwright failed for https://www.namioc.org/: BrowserType.launch: Executable doesn't exist at /Users/sam92/Library/Caches/ms-playwright/chromium_headless_shell-1217/chrome-headless-shell-mac-arm64/chrome-headless-shell
╔════════════════════════════════════════════════════════════╗
║ Looks like Playwright was just installed or updated.       ║
║ Please run the following command to download new browsers: ║
║                                                            ║
║     playwright install                                     ║
║                                                            ║
║ <3 Playwright Team                                         ║
╚════════════════════════════════════════════════════════════╝
[*] Extracted 18162 chars via Jina across 1 page(s), 0 JSON-LD schemas, 0 image candidates.
[*] Sending extraction request to OpenRouter (deepseek/deepseek-v4-flash)...
[*] Successfully extracted data for NAMI Orange County (NAMI OC)
⚠️ Cảnh báo NAMI Orange County (NAMI OC): website không nhắc đến ngôn ngữ yêu cầu (Vietnamese). Vẫn giữ lại theo kết quả Google Places (Ngôn ngữ gán: English, Vietnamese).
Đang làm giàu Google Places: NAMI Orange County (NAMI OC)...
[*] Google Places match: NAMI OC
[*] Generating clinic image via google/gemini-3.1-flash-image-preview: NAMI Orange County (NAMI OC)
[+] Uploaded image to Supabase Storage: https://smkyqdkuablxlexyuhgs.supabase.co/storage/v1/object/public/generated-images/generated-clinics/nami-orange-county-nami-oc.webp
[*] Inserted new clinic into DB: NAMI Orange County (NAMI OC)
✅ Đã lưu: NAMI Orange County (NAMI OC)
Đang cào dữ liệu: Revival Mental Health...
[*] Scraping URL: https://revivalmentalhealth.com/?utm_campaign=gmb
[+] Jina Reader: 63243 chars for https://revivalmentalhealth.com/?utm_campaign=gmb
[!] Playwright failed for https://revivalmentalhealth.com/?utm_campaign=gmb: BrowserType.launch: Executable doesn't exist at /Users/sam92/Library/Caches/ms-playwright/chromium_headless_shell-1217/chrome-headless-shell-mac-arm64/chrome-headless-shell
╔════════════════════════════════════════════════════════════╗
║ Looks like Playwright was just installed or updated.       ║
║ Please run the following command to download new browsers: ║
║                                                            ║
║     playwright install                                     ║
║                                                            ║
║ <3 Playwright Team                                         ║
╚════════════════════════════════════════════════════════════╝
[*] Extracted 63382 chars via Jina across 1 page(s), 0 JSON-LD schemas, 0 image candidates.
[*] Sending extraction request to OpenRouter (deepseek/deepseek-v4-flash)...
[*] Successfully extracted data for Revival Mental Health
⚠️ Cảnh báo Revival Mental Health: website không nhắc đến ngôn ngữ yêu cầu (Vietnamese). Vẫn giữ lại theo kết quả Google Places (Ngôn ngữ gán: English, Vietnamese).
Đang làm giàu Google Places: Revival Mental Health...
[*] Google Places match: Revival Mental Health
[+] Uploaded image to Supabase Storage: https://smkyqdkuablxlexyuhgs.supabase.co/storage/v1/object/public/generated-images/generated-clinics/google-places/revival-mental-health-google-1.webp
[+] Uploaded image to Supabase Storage: https://smkyqdkuablxlexyuhgs.supabase.co/storage/v1/object/public/generated-images/generated-clinics/google-places/revival-mental-health-google-2.webp
[+] Uploaded image to Supabase Storage: https://smkyqdkuablxlexyuhgs.supabase.co/storage/v1/object/public/generated-images/generated-clinics/google-places/revival-mental-health-google-3.webp
[+] Uploaded image to Supabase Storage: https://smkyqdkuablxlexyuhgs.supabase.co/storage/v1/object/public/generated-images/generated-clinics/google-places/revival-mental-health-google-4.webp
[+] Uploaded image to Supabase Storage: https://smkyqdkuablxlexyuhgs.supabase.co/storage/v1/object/public/generated-images/generated-clinics/google-places/revival-mental-health-google-5.webp
[*] Summarizing 5 Google reviews with AI...
[*] Inserted new clinic into DB: Revival Mental Health
✅ Đã lưu: Revival Mental Health
Hoàn tất! Đã lưu 4/4 phòng khám.

>>> Dang chay: query='Korean counseling clinic in Los Angeles, CA', limit=3, lang=['Korean'], types=['medical_clinic'], override_specialty=Mental Health
Đang tìm Google Places cho từ khóa: 'Korean counseling clinic in Los Angeles, CA' (loại: medical_clinic) (ngôn ngữ yêu cầu: Korean)...
Tìm thấy 4 cơ sở y tế có website hợp lệ (đã lọc 0 nơi không phải y tế).
Có 4 cơ sở mới. Bắt đầu scrape...
Đang cào dữ liệu: The Korean American Counseling Center...
[*] Scraping URL: http://kacc.wmu.edu/
[+] Jina Reader: 2043 chars for http://kacc.wmu.edu/
[!] Playwright failed for http://kacc.wmu.edu/: BrowserType.launch: Executable doesn't exist at /Users/sam92/Library/Caches/ms-playwright/chromium_headless_shell-1217/chrome-headless-shell-mac-arm64/chrome-headless-shell
╔════════════════════════════════════════════════════════════╗
║ Looks like Playwright was just installed or updated.       ║
║ Please run the following command to download new browsers: ║
║                                                            ║
║     playwright install                                     ║
║                                                            ║
║ <3 Playwright Team                                         ║
╚════════════════════════════════════════════════════════════╝
[*] Extracted 2153 chars via Jina across 1 page(s), 0 JSON-LD schemas, 0 image candidates.
[*] Sending extraction request to OpenRouter (deepseek/deepseek-v4-flash)...
[*] Successfully extracted data for Korean American Counseling Center
Đang làm giàu Google Places: The Korean American Counseling Center...
[*] Google Places match: The Korean American Counseling Center
[+] Uploaded image to Supabase Storage: https://smkyqdkuablxlexyuhgs.supabase.co/storage/v1/object/public/generated-images/generated-clinics/google-places/korean-american-counseling-center-google-1.webp
[+] Uploaded image to Supabase Storage: https://smkyqdkuablxlexyuhgs.supabase.co/storage/v1/object/public/generated-images/generated-clinics/google-places/korean-american-counseling-center-google-2.webp
[+] Uploaded image to Supabase Storage: https://smkyqdkuablxlexyuhgs.supabase.co/storage/v1/object/public/generated-images/generated-clinics/google-places/korean-american-counseling-center-google-3.webp
[+] Uploaded image to Supabase Storage: https://smkyqdkuablxlexyuhgs.supabase.co/storage/v1/object/public/generated-images/generated-clinics/google-places/korean-american-counseling-center-google-4.webp
[+] Uploaded image to Supabase Storage: https://smkyqdkuablxlexyuhgs.supabase.co/storage/v1/object/public/generated-images/generated-clinics/google-places/korean-american-counseling-center-google-5.webp
[*] Summarizing 1 Google reviews with AI...
[!] AI review summary failed for Korean American Counseling Center: Expecting value: line 1 column 1 (char 0)
[*] Inserted new clinic into DB: Korean American Counseling Center
✅ Đã lưu: Korean American Counseling Center
Đang cào dữ liệu: 한인가정상담소American Family Services...
[*] Scraping URL: http://www.kfamla.org/
[+] Jina Reader: 13382 chars for http://www.kfamla.org/
[!] Playwright failed for http://www.kfamla.org/: BrowserType.launch: Executable doesn't exist at /Users/sam92/Library/Caches/ms-playwright/chromium_headless_shell-1217/chrome-headless-shell-mac-arm64/chrome-headless-shell
╔════════════════════════════════════════════════════════════╗
║ Looks like Playwright was just installed or updated.       ║
║ Please run the following command to download new browsers: ║
║                                                            ║
║     playwright install                                     ║
║                                                            ║
║ <3 Playwright Team                                         ║
╚════════════════════════════════════════════════════════════╝
[*] Extracted 13494 chars via Jina across 1 page(s), 0 JSON-LD schemas, 0 image candidates.
[*] Sending extraction request to OpenRouter (deepseek/deepseek-v4-flash)...
[*] Successfully extracted data for Korean American Family Services (KFAM)
Đang làm giàu Google Places: 한인가정상담소American Family Services...
[*] Google Places match: 한인가정상담소American Family Services
[+] Uploaded image to Supabase Storage: https://smkyqdkuablxlexyuhgs.supabase.co/storage/v1/object/public/generated-images/generated-clinics/google-places/korean-american-family-services-kfam-google-1.webp
[+] Uploaded image to Supabase Storage: https://smkyqdkuablxlexyuhgs.supabase.co/storage/v1/object/public/generated-images/generated-clinics/google-places/korean-american-family-services-kfam-google-2.webp
[+] Uploaded image to Supabase Storage: https://smkyqdkuablxlexyuhgs.supabase.co/storage/v1/object/public/generated-images/generated-clinics/google-places/korean-american-family-services-kfam-google-3.webp
[+] Uploaded image to Supabase Storage: https://smkyqdkuablxlexyuhgs.supabase.co/storage/v1/object/public/generated-images/generated-clinics/google-places/korean-american-family-services-kfam-google-4.webp
[+] Uploaded image to Supabase Storage: https://smkyqdkuablxlexyuhgs.supabase.co/storage/v1/object/public/generated-images/generated-clinics/google-places/korean-american-family-services-kfam-google-5.webp
[*] Summarizing 4 Google reviews with AI...
[!] AI review summary failed for Korean American Family Services (KFAM): Expecting value: line 1 column 1 (char 0)
[*] Inserted new clinic into DB: Korean American Family Services (KFAM)
✅ Đã lưu: Korean American Family Services (KFAM)
Đang cào dữ liệu: Koreatown Youth & Community Center (KYCC) - Clinical Services...
[*] Scraping URL: https://www.kyccla.org/
[+] Jina Reader: 17418 chars for https://www.kyccla.org/
[!] Playwright failed for https://www.kyccla.org/: BrowserType.launch: Executable doesn't exist at /Users/sam92/Library/Caches/ms-playwright/chromium_headless_shell-1217/chrome-headless-shell-mac-arm64/chrome-headless-shell
╔════════════════════════════════════════════════════════════╗
║ Looks like Playwright was just installed or updated.       ║
║ Please run the following command to download new browsers: ║
║                                                            ║
║     playwright install                                     ║
║                                                            ║
║ <3 Playwright Team                                         ║
╚════════════════════════════════════════════════════════════╝
[*] Extracted 17531 chars via Jina across 1 page(s), 0 JSON-LD schemas, 0 image candidates.
[*] Sending extraction request to OpenRouter (deepseek/deepseek-v4-flash)...
[*] Successfully extracted data for Koreatown Youth & Community Center (KYCC) - Clinical Services
Đang làm giàu Google Places: Koreatown Youth & Community Center (KYCC) - Clinical Services...
[*] Google Places match: Koreatown Youth & Community Center (KYCC)
[+] Uploaded image to Supabase Storage: https://smkyqdkuablxlexyuhgs.supabase.co/storage/v1/object/public/generated-images/generated-clinics/google-places/koreatown-youth-community-center-kycc-clinical-services-google-1.webp
[*] Summarizing 5 Google reviews with AI...
[*] Inserted new clinic into DB: Koreatown Youth & Community Center (KYCC) - Clinical Services
✅ Đã lưu: Koreatown Youth & Community Center (KYCC) - Clinical Services
Hoàn tất! Đã lưu 3/3 phòng khám.

>>> Dang chay: query='Chinese mental health clinic in San Francisco, CA', limit=3, lang=['Chinese'], types=['medical_clinic'], override_specialty=Mental Health
Đang tìm Google Places cho từ khóa: 'Chinese mental health clinic in San Francisco, CA' (loại: medical_clinic) (ngôn ngữ yêu cầu: Chinese)...
⛔ Bỏ qua (không phải cơ sở y tế): East West Health Services (Chinatown/FiDi) — types: massage
Tìm thấy 1 cơ sở y tế có website hợp lệ (đã lọc 1 nơi không phải y tế).
Có 1 cơ sở mới. Bắt đầu scrape...
Đang cào dữ liệu: Chinese Hospital Outpatient Center...
[*] Scraping URL: https://chinesehospital-sf.org/clinics/
[+] Jina Reader: 22490 chars for https://chinesehospital-sf.org/clinics/
[!] Playwright failed for https://chinesehospital-sf.org/clinics/: BrowserType.launch: Executable doesn't exist at /Users/sam92/Library/Caches/ms-playwright/chromium_headless_shell-1217/chrome-headless-shell-mac-arm64/chrome-headless-shell
╔════════════════════════════════════════════════════════════╗
║ Looks like Playwright was just installed or updated.       ║
║ Please run the following command to download new browsers: ║
║                                                            ║
║     playwright install                                     ║
║                                                            ║
║ <3 Playwright Team                                         ║
╚════════════════════════════════════════════════════════════╝
[*] Extracted 22619 chars via Jina across 1 page(s), 0 JSON-LD schemas, 0 image candidates.
[*] Sending extraction request to OpenRouter (deepseek/deepseek-v4-flash)...
[*] Successfully extracted data for Chinese Hospital Outpatient Center / Gellert Health Services
⚠️ Cảnh báo Chinese Hospital Outpatient Center: website không nhắc đến ngôn ngữ yêu cầu (Chinese). Vẫn giữ lại theo kết quả Google Places (Ngôn ngữ gán: English, Chinese (Cantonese/Mandarin), Chinese).
Đang làm giàu Google Places: Chinese Hospital Outpatient Center...
[*] Google Places match: Chinese Hospital Outpatient Center
[+] Uploaded image to Supabase Storage: https://smkyqdkuablxlexyuhgs.supabase.co/storage/v1/object/public/generated-images/generated-clinics/google-places/chinese-hospital-outpatient-center-gellert-health-services-google-1.webp
[+] Uploaded image to Supabase Storage: https://smkyqdkuablxlexyuhgs.supabase.co/storage/v1/object/public/generated-images/generated-clinics/google-places/chinese-hospital-outpatient-center-gellert-health-services-google-2.webp
[+] Uploaded image to Supabase Storage: https://smkyqdkuablxlexyuhgs.supabase.co/storage/v1/object/public/generated-images/generated-clinics/google-places/chinese-hospital-outpatient-center-gellert-health-services-google-3.webp
[+] Uploaded image to Supabase Storage: https://smkyqdkuablxlexyuhgs.supabase.co/storage/v1/object/public/generated-images/generated-clinics/google-places/chinese-hospital-outpatient-center-gellert-health-services-google-4.webp
[+] Uploaded image to Supabase Storage: https://smkyqdkuablxlexyuhgs.supabase.co/storage/v1/object/public/generated-images/generated-clinics/google-places/chinese-hospital-outpatient-center-gellert-health-services-google-5.webp
[*] Summarizing 5 Google reviews with AI...
[!] AI review summary failed for Chinese Hospital Outpatient Center / Gellert Health Services: Expecting value: line 1 column 1 (char 0)
[*] Inserted new clinic into DB: Chinese Hospital Outpatient Center / Gellert Health Services
✅ Đã lưu: Chinese Hospital Outpatient Center / Gellert Health Services
Hoàn tất! Đã lưu 1/3 phòng khám.

--- Specialty: OB/GYN (10 clinics) ---

>>> Dang chay: query='Vietnamese OB/GYN clinic in Houston, TX', limit=4, lang=['Vietnamese'], types=['medical_clinic'], override_specialty=OB/GYN
Đang tìm Google Places cho từ khóa: 'Vietnamese OB/GYN clinic in Houston, TX' (loại: medical_clinic) (ngôn ngữ yêu cầu: Vietnamese)...
Tìm thấy 6 cơ sở y tế có website hợp lệ (đã lọc 0 nơi không phải y tế).
Có 6 cơ sở mới. Bắt đầu scrape...
Đang cào dữ liệu: Ha T. Nguyen, MD...
[*] Scraping URL: https://www.utphysicians.com/provider/ha-t-nguyen/?utm_source=extnetwork&utm_medium=YextListings&utm_campaign=1740523372
[+] Jina Reader: 545 chars for https://www.utphysicians.com/provider/ha-t-nguyen/?utm_source=extnetwork&utm_medium=YextListings&utm_campaign=1740523372
[!] Playwright failed for https://www.utphysicians.com/provider/ha-t-nguyen/?utm_source=extnetwork&utm_medium=YextListings&utm_campaign=1740523372: BrowserType.launch: Executable doesn't exist at /Users/sam92/Library/Caches/ms-playwright/chromium_headless_shell-1217/chrome-headless-shell-mac-arm64/chrome-headless-shell
╔════════════════════════════════════════════════════════════╗
║ Looks like Playwright was just installed or updated.       ║
║ Please run the following command to download new browsers: ║
║                                                            ║
║     playwright install                                     ║
║                                                            ║
║ <3 Playwright Team                                         ║
╚════════════════════════════════════════════════════════════╝
[*] Extracted 755 chars via Jina across 1 page(s), 0 JSON-LD schemas, 0 image candidates.
[*] Sending extraction request to OpenRouter (deepseek/deepseek-v4-flash)...
[*] Successfully extracted data for Ha T. Nguyen, MD
⚠️ Cảnh báo Ha T. Nguyen, MD: website không nhắc đến ngôn ngữ yêu cầu (Vietnamese). Vẫn giữ lại theo kết quả Google Places (Ngôn ngữ gán: English, Vietnamese).
Đang làm giàu Google Places: Ha T. Nguyen, MD...
[*] Google Places match: Ha T. Nguyen, MD
[+] Uploaded image to Supabase Storage: https://smkyqdkuablxlexyuhgs.supabase.co/storage/v1/object/public/generated-images/generated-clinics/google-places/ha-t.-nguyen-md-google-1.webp
[*] Summarizing 1 Google reviews with AI...
[*] Inserted new clinic into DB: Ha T. Nguyen, MD
✅ Đã lưu: Ha T. Nguyen, MD
Đang cào dữ liệu: Southwest WomanCare OBGYN...
[*] Scraping URL: http://www.swwobgyn.com/
[+] Jina Reader: 9710 chars for http://www.swwobgyn.com/
[!] Playwright failed for http://www.swwobgyn.com/: BrowserType.launch: Executable doesn't exist at /Users/sam92/Library/Caches/ms-playwright/chromium_headless_shell-1217/chrome-headless-shell-mac-arm64/chrome-headless-shell
╔════════════════════════════════════════════════════════════╗
║ Looks like Playwright was just installed or updated.       ║
║ Please run the following command to download new browsers: ║
║                                                            ║
║     playwright install                                     ║
║                                                            ║
║ <3 Playwright Team                                         ║
╚════════════════════════════════════════════════════════════╝
[*] Extracted 9824 chars via Jina across 1 page(s), 0 JSON-LD schemas, 0 image candidates.
[*] Sending extraction request to OpenRouter (deepseek/deepseek-v4-flash)...
[*] Successfully extracted data for Southwest WomanCare OBGYN
⚠️ Cảnh báo Southwest WomanCare OBGYN: website không nhắc đến ngôn ngữ yêu cầu (Vietnamese). Vẫn giữ lại theo kết quả Google Places (Ngôn ngữ gán: English, Vietnamese).
Đang làm giàu Google Places: Southwest WomanCare OBGYN...
[*] Google Places match: Southwest WomanCare OBGYN
[+] Uploaded image to Supabase Storage: https://smkyqdkuablxlexyuhgs.supabase.co/storage/v1/object/public/generated-images/generated-clinics/google-places/southwest-womancare-obgyn-google-1.webp
[+] Uploaded image to Supabase Storage: https://smkyqdkuablxlexyuhgs.supabase.co/storage/v1/object/public/generated-images/generated-clinics/google-places/southwest-womancare-obgyn-google-2.webp
[+] Uploaded image to Supabase Storage: https://smkyqdkuablxlexyuhgs.supabase.co/storage/v1/object/public/generated-images/generated-clinics/google-places/southwest-womancare-obgyn-google-3.webp
[+] Uploaded image to Supabase Storage: https://smkyqdkuablxlexyuhgs.supabase.co/storage/v1/object/public/generated-images/generated-clinics/google-places/southwest-womancare-obgyn-google-4.webp
[+] Uploaded image to Supabase Storage: https://smkyqdkuablxlexyuhgs.supabase.co/storage/v1/object/public/generated-images/generated-clinics/google-places/southwest-womancare-obgyn-google-5.webp
[*] Summarizing 5 Google reviews with AI...
[!] AI review summary failed for Southwest WomanCare OBGYN: Expecting value: line 1 column 1 (char 0)
[*] Inserted new clinic into DB: Southwest WomanCare OBGYN
✅ Đã lưu: Southwest WomanCare OBGYN
Đang cào dữ liệu: UT Physicians Multispecialty - Greens...
[*] Scraping URL: https://www.utphysicians.com/clinic/ut-physicians-multispecialty-greens/?utm_source=extnetwork&utm_medium=YextListings&utm_campaign=56738
[+] Jina Reader: 35423 chars for https://www.utphysicians.com/clinic/ut-physicians-multispecialty-greens/?utm_source=extnetwork&utm_medium=YextListings&utm_campaign=56738
[!] Playwright failed for https://www.utphysicians.com/clinic/ut-physicians-multispecialty-greens/?utm_source=extnetwork&utm_medium=YextListings&utm_campaign=56738: BrowserType.launch: Executable doesn't exist at /Users/sam92/Library/Caches/ms-playwright/chromium_headless_shell-1217/chrome-headless-shell-mac-arm64/chrome-headless-shell
╔════════════════════════════════════════════════════════════╗
║ Looks like Playwright was just installed or updated.       ║
║ Please run the following command to download new browsers: ║
║                                                            ║
║     playwright install                                     ║
║                                                            ║
║ <3 Playwright Team                                         ║
╚════════════════════════════════════════════════════════════╝
[*] Extracted 35650 chars via Jina across 1 page(s), 0 JSON-LD schemas, 0 image candidates.
[*] Sending extraction request to OpenRouter (deepseek/deepseek-v4-flash)...
[*] Successfully extracted data for UT Physicians Multispecialty – Greens
⚠️ Cảnh báo UT Physicians Multispecialty - Greens: website không nhắc đến ngôn ngữ yêu cầu (Vietnamese). Vẫn giữ lại theo kết quả Google Places (Ngôn ngữ gán: English, Vietnamese).
Đang làm giàu Google Places: UT Physicians Multispecialty - Greens...
[*] Google Places match: UT Physicians Multispecialty - Greens
[+] Uploaded image to Supabase Storage: https://smkyqdkuablxlexyuhgs.supabase.co/storage/v1/object/public/generated-images/generated-clinics/google-places/ut-physicians-multispecialty-greens-google-1.webp
[+] Uploaded image to Supabase Storage: https://smkyqdkuablxlexyuhgs.supabase.co/storage/v1/object/public/generated-images/generated-clinics/google-places/ut-physicians-multispecialty-greens-google-2.webp
[+] Uploaded image to Supabase Storage: https://smkyqdkuablxlexyuhgs.supabase.co/storage/v1/object/public/generated-images/generated-clinics/google-places/ut-physicians-multispecialty-greens-google-3.webp
[+] Uploaded image to Supabase Storage: https://smkyqdkuablxlexyuhgs.supabase.co/storage/v1/object/public/generated-images/generated-clinics/google-places/ut-physicians-multispecialty-greens-google-4.webp
[+] Uploaded image to Supabase Storage: https://smkyqdkuablxlexyuhgs.supabase.co/storage/v1/object/public/generated-images/generated-clinics/google-places/ut-physicians-multispecialty-greens-google-5.webp
[*] Summarizing 5 Google reviews with AI...
[*] Inserted new clinic into DB: UT Physicians Multispecialty – Greens
✅ Đã lưu: UT Physicians Multispecialty – Greens
Đang cào dữ liệu: Nguyen K. Pham, MD...
[*] Scraping URL: https://www.utphysicians.com/provider/nguyen-k-pham/?utm_source=extnetwork&utm_medium=YextListings&utm_campaign=1962031690
[+] Jina Reader: 545 chars for https://www.utphysicians.com/provider/nguyen-k-pham/?utm_source=extnetwork&utm_medium=YextListings&utm_campaign=1962031690
[!] Playwright failed for https://www.utphysicians.com/provider/nguyen-k-pham/?utm_source=extnetwork&utm_medium=YextListings&utm_campaign=1962031690: BrowserType.launch: Executable doesn't exist at /Users/sam92/Library/Caches/ms-playwright/chromium_headless_shell-1217/chrome-headless-shell-mac-arm64/chrome-headless-shell
╔════════════════════════════════════════════════════════════╗
║ Looks like Playwright was just installed or updated.       ║
║ Please run the following command to download new browsers: ║
║                                                            ║
║     playwright install                                     ║
║                                                            ║
║ <3 Playwright Team                                         ║
╚════════════════════════════════════════════════════════════╝
[*] Extracted 757 chars via Jina across 1 page(s), 0 JSON-LD schemas, 0 image candidates.
[*] Sending extraction request to OpenRouter (deepseek/deepseek-v4-flash)...
[*] Successfully extracted data for Nguyen K. Pham, MD
Đang làm giàu Google Places: Nguyen K. Pham, MD...
[*] Google Places match: Nguyen K. Pham, MD
[*] Summarizing 3 Google reviews with AI...
[*] Generating clinic image via google/gemini-3.1-flash-image-preview: Nguyen K. Pham, MD
[+] Uploaded image to Supabase Storage: https://smkyqdkuablxlexyuhgs.supabase.co/storage/v1/object/public/generated-images/generated-clinics/nguyen-k-pham-md.webp
[*] Inserted new clinic into DB: Nguyen K. Pham, MD
✅ Đã lưu: Nguyen K. Pham, MD
Hoàn tất! Đã lưu 4/4 phòng khám.

>>> Dang chay: query='Korean OB/GYN clinic in Los Angeles, CA', limit=3, lang=['Korean'], types=['medical_clinic'], override_specialty=OB/GYN
Đang tìm Google Places cho từ khóa: 'Korean OB/GYN clinic in Los Angeles, CA' (loại: medical_clinic) (ngôn ngữ yêu cầu: Korean)...
Tìm thấy 2 cơ sở y tế có website hợp lệ (đã lọc 0 nơi không phải y tế).
Có 2 cơ sở mới. Bắt đầu scrape...
Đang cào dữ liệu: Women's Care of Beverly Hills...
[*] Scraping URL: https://www.womenscareofbeverlyhillsgroup.com/
[+] Jina Reader: 21384 chars for https://www.womenscareofbeverlyhillsgroup.com/
[!] Playwright failed for https://www.womenscareofbeverlyhillsgroup.com/: BrowserType.launch: Executable doesn't exist at /Users/sam92/Library/Caches/ms-playwright/chromium_headless_shell-1217/chrome-headless-shell-mac-arm64/chrome-headless-shell
╔════════════════════════════════════════════════════════════╗
║ Looks like Playwright was just installed or updated.       ║
║ Please run the following command to download new browsers: ║
║                                                            ║
║     playwright install                                     ║
║                                                            ║
║ <3 Playwright Team                                         ║
╚════════════════════════════════════════════════════════════╝
[*] Extracted 21520 chars via Jina across 1 page(s), 0 JSON-LD schemas, 0 image candidates.
[*] Sending extraction request to OpenRouter (deepseek/deepseek-v4-flash)...
[*] Successfully extracted data for Women's Care of Beverly Hills
⚠️ Cảnh báo Women's Care of Beverly Hills: website không nhắc đến ngôn ngữ yêu cầu (Korean). Vẫn giữ lại theo kết quả Google Places (Ngôn ngữ gán: English, Korean).
Đang làm giàu Google Places: Women's Care of Beverly Hills...
[*] Google Places match: Women's Care of Beverly Hills
[+] Uploaded image to Supabase Storage: https://smkyqdkuablxlexyuhgs.supabase.co/storage/v1/object/public/generated-images/generated-clinics/google-places/womens-care-of-beverly-hills-google-1.webp
[+] Uploaded image to Supabase Storage: https://smkyqdkuablxlexyuhgs.supabase.co/storage/v1/object/public/generated-images/generated-clinics/google-places/womens-care-of-beverly-hills-google-2.webp
[+] Uploaded image to Supabase Storage: https://smkyqdkuablxlexyuhgs.supabase.co/storage/v1/object/public/generated-images/generated-clinics/google-places/womens-care-of-beverly-hills-google-3.webp
[+] Uploaded image to Supabase Storage: https://smkyqdkuablxlexyuhgs.supabase.co/storage/v1/object/public/generated-images/generated-clinics/google-places/womens-care-of-beverly-hills-google-4.webp
[+] Uploaded image to Supabase Storage: https://smkyqdkuablxlexyuhgs.supabase.co/storage/v1/object/public/generated-images/generated-clinics/google-places/womens-care-of-beverly-hills-google-5.webp
[*] Summarizing 5 Google reviews with AI...
[*] Inserted new clinic into DB: Women's Care of Beverly Hills
✅ Đã lưu: Women's Care of Beverly Hills
Đang cào dữ liệu: FPA Women's Health...
[*] Scraping URL: https://www.fpawomenshealth.com/
[+] Jina Reader: 14374 chars for https://www.fpawomenshealth.com/
[!] Playwright failed for https://www.fpawomenshealth.com/: BrowserType.launch: Executable doesn't exist at /Users/sam92/Library/Caches/ms-playwright/chromium_headless_shell-1217/chrome-headless-shell-mac-arm64/chrome-headless-shell
╔════════════════════════════════════════════════════════════╗
║ Looks like Playwright was just installed or updated.       ║
║ Please run the following command to download new browsers: ║
║                                                            ║
║     playwright install                                     ║
║                                                            ║
║ <3 Playwright Team                                         ║
╚════════════════════════════════════════════════════════════╝
[*] Extracted 14496 chars via Jina across 1 page(s), 0 JSON-LD schemas, 0 image candidates.
[*] Sending extraction request to OpenRouter (deepseek/deepseek-v4-flash)...
[*] Successfully extracted data for FPA Women's Health
⚠️ Cảnh báo FPA Women's Health: website không nhắc đến ngôn ngữ yêu cầu (Korean). Vẫn giữ lại theo kết quả Google Places (Ngôn ngữ gán: English, Korean).
Đang làm giàu Google Places: FPA Women's Health...
[*] Google Places match: FPA Women's Health
[+] Uploaded image to Supabase Storage: https://smkyqdkuablxlexyuhgs.supabase.co/storage/v1/object/public/generated-images/generated-clinics/google-places/fpa-womens-health-google-1.webp
[+] Uploaded image to Supabase Storage: https://smkyqdkuablxlexyuhgs.supabase.co/storage/v1/object/public/generated-images/generated-clinics/google-places/fpa-womens-health-google-2.webp
[+] Uploaded image to Supabase Storage: https://smkyqdkuablxlexyuhgs.supabase.co/storage/v1/object/public/generated-images/generated-clinics/google-places/fpa-womens-health-google-3.webp
[*] Summarizing 5 Google reviews with AI...
[*] Inserted new clinic into DB: FPA Women's Health
✅ Đã lưu: FPA Women's Health
Hoàn tất! Đã lưu 2/3 phòng khám.

>>> Dang chay: query='Chinese OB/GYN clinic in San Francisco, CA', limit=3, lang=['Chinese'], types=['medical_clinic'], override_specialty=OB/GYN
Đang tìm Google Places cho từ khóa: 'Chinese OB/GYN clinic in San Francisco, CA' (loại: medical_clinic) (ngôn ngữ yêu cầu: Chinese)...
Tìm thấy 4 cơ sở y tế có website hợp lệ (đã lọc 0 nơi không phải y tế).
Có 4 cơ sở mới. Bắt đầu scrape...
Đang cào dữ liệu: SFWomen's GYN Inc....
[*] Scraping URL: http://www.sfwgyn.com/
[+] Jina Reader: 328 chars for http://www.sfwgyn.com/
[!] Playwright failed for http://www.sfwgyn.com/: BrowserType.launch: Executable doesn't exist at /Users/sam92/Library/Caches/ms-playwright/chromium_headless_shell-1217/chrome-headless-shell-mac-arm64/chrome-headless-shell
╔════════════════════════════════════════════════════════════╗
║ Looks like Playwright was just installed or updated.       ║
║ Please run the following command to download new browsers: ║
║                                                            ║
║     playwright install                                     ║
║                                                            ║
║ <3 Playwright Team                                         ║
╚════════════════════════════════════════════════════════════╝
[*] Extracted 440 chars via Jina across 1 page(s), 0 JSON-LD schemas, 0 image candidates.
[*] Sending extraction request to OpenRouter (deepseek/deepseek-v4-flash)...
[*] Successfully extracted data for SFWomen's GYN Inc.
⚠️ Cảnh báo SFWomen's GYN Inc.: website không nhắc đến ngôn ngữ yêu cầu (Chinese). Vẫn giữ lại theo kết quả Google Places (Ngôn ngữ gán: English, Chinese).
Đang làm giàu Google Places: SFWomen's GYN Inc....
[*] Google Places match: SFWomen's GYN Inc.
[+] Uploaded image to Supabase Storage: https://smkyqdkuablxlexyuhgs.supabase.co/storage/v1/object/public/generated-images/generated-clinics/google-places/sfwomens-gyn-inc-google-1.webp
[+] Uploaded image to Supabase Storage: https://smkyqdkuablxlexyuhgs.supabase.co/storage/v1/object/public/generated-images/generated-clinics/google-places/sfwomens-gyn-inc-google-2.webp
[+] Uploaded image to Supabase Storage: https://smkyqdkuablxlexyuhgs.supabase.co/storage/v1/object/public/generated-images/generated-clinics/google-places/sfwomens-gyn-inc-google-3.webp
[+] Uploaded image to Supabase Storage: https://smkyqdkuablxlexyuhgs.supabase.co/storage/v1/object/public/generated-images/generated-clinics/google-places/sfwomens-gyn-inc-google-4.webp
[+] Uploaded image to Supabase Storage: https://smkyqdkuablxlexyuhgs.supabase.co/storage/v1/object/public/generated-images/generated-clinics/google-places/sfwomens-gyn-inc-google-5.webp
[*] Summarizing 5 Google reviews with AI...
[!] AI review summary failed for SFWomen's GYN Inc.: Expecting value: line 1 column 1 (char 0)
[*] Inserted new clinic into DB: SFWomen's GYN Inc.
✅ Đã lưu: SFWomen's GYN Inc.
Đang cào dữ liệu: Pacific Women's OB/GYN Medical Group...
[*] Scraping URL: https://www.pacificwomens.com/
[+] Jina Reader: 6683 chars for https://www.pacificwomens.com/
[!] Playwright failed for https://www.pacificwomens.com/: BrowserType.launch: Executable doesn't exist at /Users/sam92/Library/Caches/ms-playwright/chromium_headless_shell-1217/chrome-headless-shell-mac-arm64/chrome-headless-shell
╔════════════════════════════════════════════════════════════╗
║ Looks like Playwright was just installed or updated.       ║
║ Please run the following command to download new browsers: ║
║                                                            ║
║     playwright install                                     ║
║                                                            ║
║ <3 Playwright Team                                         ║
╚════════════════════════════════════════════════════════════╝
[*] Extracted 6803 chars via Jina across 1 page(s), 0 JSON-LD schemas, 0 image candidates.
[*] Sending extraction request to OpenRouter (deepseek/deepseek-v4-flash)...
[*] Successfully extracted data for Pacific Women's OB/GYN Medical Group
⚠️ Cảnh báo Pacific Women's OB/GYN Medical Group: website không nhắc đến ngôn ngữ yêu cầu (Chinese). Vẫn giữ lại theo kết quả Google Places (Ngôn ngữ gán: English, Chinese).
Đang làm giàu Google Places: Pacific Women's OB/GYN Medical Group...
[*] Google Places match: Pacific Women's OB/GYN Medical Group
[*] Summarizing 5 Google reviews with AI...
[*] Generating clinic image via google/gemini-3.1-flash-image-preview: Pacific Women's OB/GYN Medical Group
[+] Uploaded image to Supabase Storage: https://smkyqdkuablxlexyuhgs.supabase.co/storage/v1/object/public/generated-images/generated-clinics/pacific-womens-obgyn-medical-group.webp
[*] Inserted new clinic into DB: Pacific Women's OB/GYN Medical Group
✅ Đã lưu: Pacific Women's OB/GYN Medical Group
Đang cào dữ liệu: Chinese Medicine Clinic | Infertility Center...
[*] Scraping URL: http://www.fertilitychinesemedicine.com/
[+] Jina Reader: 5034 chars for http://www.fertilitychinesemedicine.com/
[!] Playwright failed for http://www.fertilitychinesemedicine.com/: BrowserType.launch: Executable doesn't exist at /Users/sam92/Library/Caches/ms-playwright/chromium_headless_shell-1217/chrome-headless-shell-mac-arm64/chrome-headless-shell
╔════════════════════════════════════════════════════════════╗
║ Looks like Playwright was just installed or updated.       ║
║ Please run the following command to download new browsers: ║
║                                                            ║
║     playwright install                                     ║
║                                                            ║
║ <3 Playwright Team                                         ║
╚════════════════════════════════════════════════════════════╝
[*] Extracted 5164 chars via Jina across 1 page(s), 0 JSON-LD schemas, 0 image candidates.
[*] Sending extraction request to OpenRouter (deepseek/deepseek-v4-flash)...
[*] Successfully extracted data for Chinese Medicine Infertility Center
⚠️ Cảnh báo Chinese Medicine Clinic | Infertility Center: website không nhắc đến ngôn ngữ yêu cầu (Chinese). Vẫn giữ lại theo kết quả Google Places (Ngôn ngữ gán: English, Chinese).
Đang làm giàu Google Places: Chinese Medicine Clinic | Infertility Center...
[*] Google Places match: Chinese Medicine Clinic | Infertility Center
[*] Generating clinic image via google/gemini-3.1-flash-image-preview: Chinese Medicine Infertility Center
[+] Uploaded image to Supabase Storage: https://smkyqdkuablxlexyuhgs.supabase.co/storage/v1/object/public/generated-images/generated-clinics/chinese-medicine-infertility-center.webp
[*] Inserted new clinic into DB: Chinese Medicine Infertility Center
✅ Đã lưu: Chinese Medicine Infertility Center
Hoàn tất! Đã lưu 3/3 phòng khám.

--- Specialty: Ophthalmology (10 clinics) ---

>>> Dang chay: query='Vietnamese eye clinic in San Jose, CA', limit=4, lang=['Vietnamese'], types=['medical_clinic'], override_specialty=Ophthalmology
Đang tìm Google Places cho từ khóa: 'Vietnamese eye clinic in San Jose, CA' (loại: medical_clinic) (ngôn ngữ yêu cầu: Vietnamese)...
⛔ Bỏ qua (không phải cơ sở y tế): Dr. Randal Pham MD, MS, FACS — types: spa
Tìm thấy 5 cơ sở y tế có website hợp lệ (đã lọc 1 nơi không phải y tế).
Bỏ qua đã tồn tại: Vietnamese American Service Center (VASC)
Có 4 cơ sở mới. Bắt đầu scrape...
Đang cào dữ liệu: Eye Medical Clinic...
[*] Scraping URL: https://eyemedicalclinic.com/san-jose-location-hours/?y_source=1_MTA3OTU1MzMtNzE1LWxvY2F0aW9uLndlYnNpdGU%3D
[+] Jina Reader: 9260 chars for https://eyemedicalclinic.com/san-jose-location-hours/?y_source=1_MTA3OTU1MzMtNzE1LWxvY2F0aW9uLndlYnNpdGU%3D
[!] Playwright failed for https://eyemedicalclinic.com/san-jose-location-hours/?y_source=1_MTA3OTU1MzMtNzE1LWxvY2F0aW9uLndlYnNpdGU%3D: BrowserType.launch: Executable doesn't exist at /Users/sam92/Library/Caches/ms-playwright/chromium_headless_shell-1217/chrome-headless-shell-mac-arm64/chrome-headless-shell
╔════════════════════════════════════════════════════════════╗
║ Looks like Playwright was just installed or updated.       ║
║ Please run the following command to download new browsers: ║
║                                                            ║
║     playwright install                                     ║
║                                                            ║
║ <3 Playwright Team                                         ║
╚════════════════════════════════════════════════════════════╝
[*] Extracted 9457 chars via Jina across 1 page(s), 0 JSON-LD schemas, 0 image candidates.
[*] Sending extraction request to OpenRouter (deepseek/deepseek-v4-flash)...
Max retries exceeded. Total attempts: 3, Last error: 1 validation error for ClinicExtraction
review_profile
  Input should be an object [type=model_type, input_value=None, input_type=NoneType]
    For further information visit https://errors.pydantic.dev/2.13/v/model_type
[!] Primary extraction model (deepseek/deepseek-v4-flash) failed: <failed_attempts>

<generation number="1">
<exception>
    2 validation errors for ClinicExtraction
insurance.accepts_private_insurance
  Input should be a valid boolean [type=bool_type, input_value=None, input_type=NoneType]
    For further information visit https://errors.pydantic.dev/2.13/v/bool_type
review_profile
  Input should be an object [type=model_type, input_value=None, input_type=NoneType]
    For further information visit https://errors.pydantic.dev/2.13/v/model_type
</exception>
<completion>
    ChatCompletion(id='gen-1782479844-cQSfWyhyVuXuqofkk4to', choices=[Choice(finish_reason='stop', index=0, logprobs=None, message=ChatCompletionMessage(content='{\n  "name": "Eye Medical Clinic",\n  "about_highlight": "Eye Medical Clinic is conveniently located in beautiful San Jose, California. From comprehensive eye exams for every member of the family to advanced medical, surgical and laser procedures for cataracts and glaucoma, we are here for you. Our office is fluent in English and Spanish, and combined, our doctors speak Hindi, Punjabi and Vietnamese. Dedicated to Helping You Enjoy Your Life to the Fullest… With the Clear Vision You Deserve! With a legacy of more than 75 years serving the San Jose area, Eye Medical Clinic has built a reputation for quality eye care that generations of families have come to trust. As San Jose has grown to represent the heart of Silicon Valley, Eye Medical Clinic has grown alongside the region, embracing the most advanced techniques and technology in eye care and vision correction. From routine eye exams to complicated cataract surgeries, Eye Medical Clinic can expertly care for every member of your family. We invite you to come see us at our newly renovated office!",\n  "short_description": "Your Destination for Comprehensive Eye Care in San Jose. With a legacy of more than 75 years, Eye Medical Clinic provides advanced eye care for the whole family.",\n  "cultural_context": "Eye Medical Clinic serves a diverse patient population in San Jose, with staff fluent in English and Spanish, and doctors speaking Hindi, Punjabi, and Vietnamese. The clinic has been serving the community for over 75 years, reflecting a commitment to accessible, culturally responsive eye care.",\n  "highlights": [\n    {\n      "title": "Bilingual Staff",\n      "detail": "Our office is fluent in English and Spanish.",\n      "category": "culture"\n    },\n    {\n      "title": "Multilingual Doctors",\n      "detail": "Our doctors speak Hindi, Punjabi and Vietnamese.",\n      "category": "culture"\n    },\n    {\n      "title": "75+ Year Legacy",\n      "detail": "Serving the San Jose area for over 75 years.",\n      "category": "care"\n    },\n    {\n      "title": "Newly Renovated Office",\n      "detail": "We invite you to come see us at our newly renovated office!",\n      "category": "convenience"\n    },\n    {\n      "title": "Comprehensive Eye Care",\n      "detail": "From routine eye exams to advanced cataract surgeries.",\n      "category": "care"\n    }\n  ],\n  "services_offered": [\n    {\n      "name": "Comprehensive Eye Exams",\n      "category": "Eyecare",\n      "description": "Routine eye exams for every member of the family.",\n      "patient_fit": null,\n      "is_featured": false\n    },\n    {\n      "name": "Cataract Surgery",\n      "category": "Cataracts",\n      "description": "Advanced cataract surgery with premium lens implants.",\n      "patient_fit": null,\n      "is_featured": false\n    },\n    {\n      "name": "Glaucoma Treatment",\n      "category": "Glaucoma",\n      "description": "Medical, surgical and laser procedures for glaucoma.",\n      "patient_fit": null,\n      "is_featured": false\n    },\n    {\n      "name": "Retina Services",\n      "category": "Retina",\n      "description": "Diagnosis and treatment of retinal conditions.",\n      "patient_fit": null,\n      "is_featured": false\n    },\n    {\n      "name": "Cornea Services",\n      "category": "Cornea",\n      "description": "Corneal conditions and treatments.",\n      "patient_fit": null,\n      "is_featured": false\n    },\n    {\n      "name": "Cosmetic Procedures",\n      "category": "Cosmetic",\n      "description": "Eyelid surgery and dermal fillers.",\n      "patient_fit": null,\n      "is_featured": false\n    },\n    {\n      "name": "Dry Eye Treatment",\n      "category": "Eyecare",\n      "description": "Diagnosis and management of dry eye.",\n      "patient_fit": null,\n      "is_featured": false\n    },\n    {\n      "name": "Glasses and Contacts",\n      "category": "Eyecare",\n      "description": "Prescription glasses and contact lenses.",\n      "patient_fit": null,\n      "is_featured": false\n    }\n  ],\n  "insurance": {\n    "accepted_networks": [],\n    "accepts_medicaid": null,\n    "accepts_medicare": null,\n    "accepts_private_insurance": null,\n    "out_of_network_available": null,\n    "notes": null\n  },\n  "team_members": [],\n  "pricing": [],\n  "location": {\n    "address": "220 Meridian Avenue, San Jose, CA 95126",\n    "city": "San Jose",\n    "state": "CA",\n    "zip_code": "95126",\n    "parking": null,\n    "transit": null,\n    "nearby_landmarks": ["Between San Carlos and Park Avenue"],\n    "map_url": "https://www.google.com/maps/place/Eye+Medical+Clinic/@37.325296,-121.913645,16z/data=!4m5!3m4!1s0x0:0x899c5f9d36f77ab7!8m2!3d37.3251849!4d-121.9136997?hl=en-US"\n  },\n  "appointment": {\n    "appointment_url": "https://eyemedicalclinic.com/schedule-appointment",\n    "booking_note": null,\n    "free_consultation_available": null,\n    "phone_booking_available": true,\n    "online_booking_available": true,\n    "new_patient_note": null\n  },\n  "review_profile": null,\n  "gallery_images": [],\n  "working_hours": {\n    "monday": "8:00 AM - 5:00 PM",\n    "tuesday": "8:00 AM - 5:00 PM",\n    "wednesday": "8:00 AM - 5:00 PM",\n    "thursday": "8:00 AM - 5:00 PM",\n    "friday": "8:00 AM - 3:00 PM",\n    "saturday": "Closed",\n    "sunday": "Closed"\n  },\n  "address": "220 Meridian Avenue, San Jose, CA 95126",\n  "phone": "(408) 869-3400",\n  "website": "https://eyemedicalclinic.com/",\n  "review_summary": null,\n  "city": "San Jose",\n  "state": "CA",\n  "zip_code": "95126",\n  "appointment_url": "https://eyemedicalclinic.com/schedule-appointment",\n  "email": null,\n  "fax": null,\n  "specialty": "Ophthalmology / Eye Care",\n  "languages": ["English", "Spanish", "Hindi", "Punjabi", "Vietnamese"],\n  "accepting_new_patients": null,\n  "is_telehealth_available": false\n}', refusal=None, role='assistant', annotations=None, audio=None, function_call=None, tool_calls=None, reasoning='We need to extract clinic profile data for Eye Medical Clinic from the provided source content. The target is "Eye Medical Clinic" and the page is their San Jose location page. We\'ll parse all fields according to the schema.\n\nKey information from the page:\n- Name: Eye Medical Clinic\n- Address: 220 Meridian Avenue, San Jose, CA 95126\n- Phone: (408) 869-3400\n- Website: https://eyemedicalclinic.com/\n- Hours: Mon-Thu 8-5, Fri 8-3, Weekends closed (clinic and optical same hours)\n- Languages: English, Spanish, Hindi, Punjabi, Vietnamese (mentioned: "Our office is fluent in English and Spanish, and combined, our doctors speak Hindi, Punjabi and Vietnamese.")\n- Services: Comprehensive eye exams, advanced medical/surgical/laser procedures for cataracts and glaucoma, routine eye exams, cataract surgeries, etc. Also listed in nav: Cataracts, Retina, Cornea, Glaucoma, Eyecare, Cosmetic Procedures.\n- About: Over 75 years serving San Jose, comprehensive eye care, advanced technology.\n- Highlights: Bilingual staff (English/Spanish), multilingual doctors, 75+ year legacy, newly renovated office, comprehensive care.\n- Insurance: Not explicitly mentioned on this page. There is a link to "Insurance + Financing" page but no details here. So we set null for insurance fields.\n- Pricing: Not mentioned.\n- Team: Not listed on this page; there is a "Doctors" page link but no details here.\n- Reviews: Not on this page; there is a "Reviews" link.\n- Appointment: There is a "Schedule Appointment" link: https://eyemedicalclinic.com/schedule-appointment\n- Gallery images: No images on this page except logos.\n- Cultural context: Multilingual staff, serving diverse community in San Jose (Silicon Valley). Mention of Spanish, Hindi, Punjabi, Vietnamese.\n- Short description: "Your Destination for Comprehensive Eye Care in San Jose" or similar.\n- About highlight: 2-3 paragraphs from the content.\n\nWe\'ll construct the JSON accordingly, using null/empty where not present.\n\nLet\'s fill in each field:\n\n- name: "Eye Medical Clinic"\n- about_highlight: Combine the paragraphs: "Eye Medical Clinic is conveniently located in beautiful San Jose, California. From comprehensive eye exams for every member of the family to advanced medical, surgical and laser procedures for cataracts and glaucoma, we are here for you. Our office is fluent in English and Spanish, and combined, our doctors speak Hindi, Punjabi and Vietnamese. Dedicated to Helping You Enjoy Your Life to the Fullest… With the Clear Vision You Deserve! With a legacy of more than 75 years serving the San Jose area, Eye Medical Clinic has built a reputation for quality eye care that generations of families have come to trust. As San Jose has grown to represent the heart of Silicon Valley, Eye Medical Clinic has grown alongside the region, embracing the most advanced techniques and technology in eye care and vision correction. From routine eye exams to complicated cataract surgeries, Eye Medical Clinic can expertly care for every member of your family. We invite you to come see us at our newly renovated office!"\n- short_description: "Your Destination for Comprehensive Eye Care in San Jose. With a legacy of more than 75 years, Eye Medical Clinic provides advanced eye care for the whole family."\n- cultural_context: "Eye Medical Clinic serves a diverse patient population in San Jose, with staff fluent in English and Spanish, and doctors speaking Hindi, Punjabi, and Vietnamese. The clinic has been serving the community for over 75 years, reflecting a commitment to accessible, culturally responsive eye care."\n- highlights: We\'ll create highlights from the content: Bilingual Staff (English/Spanish), Multilingual Doctors (Hindi, Punjabi, Vietnamese), 75+ Year Legacy, Newly Renovated Office, Comprehensive Eye Care.\n  - title: "Bilingual Staff", detail: "Our office is fluent in English and Spanish.", category: "culture"\n  - title: "Multilingual Doctors", detail: "Our doctors speak Hindi, Punjabi and Vietnamese.", category: "culture"\n  - title: "75+ Year Legacy", detail: "Serving the San Jose area for over 75 years.", category: "care"\n  - title: "Newly Renovated Office", detail: "We invite you to come see us at our newly renovated office!", category: "convenience"\n  - title: "Comprehensive Eye Care", detail: "From routine eye exams to advanced cataract surgeries.", category: "care"\n- services_offered: We\'ll list services from the nav and page content. Use categories like "Eye Exams", "Cataract Surgery", "Glaucoma Treatment", "Retina", "Cornea", "Cosmetic Procedures", "Dry Eye", "Glasses + Contacts". We\'ll create ServiceOffering objects with name, category, description from page.\n  - name: "Comprehensive Eye Exams", category: "Eyecare", description: "Routine eye exams for every member of the family."\n  - name: "Cataract Surgery", category: "Cataracts", description: "Advanced cataract surgery with premium lens implants."\n  - name: "Glaucoma Treatment", category: "Glaucoma", description: "Medical, surgical and laser procedures for glaucoma."\n  - name: "Retina Services", category: "Retina", description: "Diagnosis and treatment of retinal conditions."\n  - name: "Cornea Services", category: "Cornea", description: "Corneal conditions and treatments."\n  - name: "Cosmetic Procedures", category: "Cosmetic", description: "Eyelid surgery and dermal fillers."\n  - name: "Dry Eye Treatment", category: "Eyecare", description: "Diagnosis and management of dry eye."\n  - name: "Glasses and Contacts", category: "Eyecare", description: "Prescription glasses and contact lenses."\n- insurance: No info on this page, so set all to null/empty. accepts_private_insurance: false? Actually not mentioned, so default false? Schema says default false for accepts_private_insurance, but we should set null? The schema says "default: false" but we are to use null when not mentioned. The instruction: "For boolean fields like accepts_medicaid and accepts_medicare, use null when not mentioned — do not default to false." For accepts_private_insurance, it has default false in schema, but we should follow the same principle? The instruction specifically says for accepts_medicaid and accepts_medicare use null. For accepts_private_insurance, it has default false, but we should still use null if not mentioned? The schema says "default: false" but the instruction says "do not default to false" for those two. For accepts_private_insurance, it\'s not explicitly mentioned, so we\'ll set null? But the schema has default false. To be safe, we\'ll set null for all boolean fields not mentioned. The instruction says "If a value is not present, use null or an empty list as appropriate." So we\'ll set null for accepts_private_insurance as well. However, the schema has default false, but we are to return an instance, not the schema. We\'ll set null.\n- team_members: Not listed on this page. Empty list.\n- pricing: Not mentioned. Empty list.\n- location: address: "220 Meridian Avenue, San Jose, CA 95126", city: "San Jose", state: "CA", zip_code: "95126", parking: null, transit: null, nearby_landmarks: ["Between San Carlos and Park Avenue"], map_url: "https://www.google.com/maps/place/Eye+Medical+Clinic/@37.325296,-121.913645,16z/data=!4m5!3m4!1s0x0:0x899c5f9d36f77ab7!8m2!3d37.3251849!4d-121.9136997?hl=en-US"\n- appointment: appointment_url: "https://eyemedicalclinic.com/schedule-appointment", online_booking_available: true (since there is a schedule appointment link), phone_booking_available: true (phone number provided), free_consultation_available: null, booking_note: null, new_patient_note: null\n- review_profile: No reviews on this page. Null.\n- gallery_images: No images. Empty list.\n- working_hours: from page: Monday: 8:00 AM - 5:00 PM, Tuesday: 8:00 AM - 5:00 PM, Wednesday: 8:00 AM - 5:00 PM, Thursday: 8:00 AM - 5:00 PM, Friday: 8:00 AM - 3:00 PM, Saturday: Closed, Sunday: Closed. Also optical hours same.\n- address: same as location address.\n- phone: "(408) 869-3400"\n- website: "https://eyemedicalclinic.com/"\n- review_summary: null\n- city: "San Jose"\n- state: "CA"\n- zip_code: "95126"\n- appointment_url: "https://eyemedicalclinic.com/schedule-appointment"\n- email: null (not provided)\n- fax: null\n- specialty: "Ophthalmology / Eye Care" (inferred)\n- languages: ["English", "Spanish", "Hindi", "Punjabi", "Vietnamese"]\n- accepting_new_patients: null (not mentioned)\n- is_telehealth_available: false (not mentioned)\n\nNow construct JSON.', reasoning_details=[{'type': 'reasoning.text', 'text': 'We need to extract clinic profile data for Eye Medical Clinic from the provided source content. The target is "Eye Medical Clinic" and the page is their San Jose location page. We\'ll parse all fields according to the schema.\n\nKey information from the page:\n- Name: Eye Medical Clinic\n- Address: 220 Meridian Avenue, San Jose, CA 95126\n- Phone: (408) 869-3400\n- Website: https://eyemedicalclinic.com/\n- Hours: Mon-Thu 8-5, Fri 8-3, Weekends closed (clinic and optical same hours)\n- Languages: English, Spanish, Hindi, Punjabi, Vietnamese (mentioned: "Our office is fluent in English and Spanish, and combined, our doctors speak Hindi, Punjabi and Vietnamese.")\n- Services: Comprehensive eye exams, advanced medical/surgical/laser procedures for cataracts and glaucoma, routine eye exams, cataract surgeries, etc. Also listed in nav: Cataracts, Retina, Cornea, Glaucoma, Eyecare, Cosmetic Procedures.\n- About: Over 75 years serving San Jose, comprehensive eye care, advanced technology.\n- Highlights: Bilingual staff (English/Spanish), multilingual doctors, 75+ year legacy, newly renovated office, comprehensive care.\n- Insurance: Not explicitly mentioned on this page. There is a link to "Insurance + Financing" page but no details here. So we set null for insurance fields.\n- Pricing: Not mentioned.\n- Team: Not listed on this page; there is a "Doctors" page link but no details here.\n- Reviews: Not on this page; there is a "Reviews" link.\n- Appointment: There is a "Schedule Appointment" link: https://eyemedicalclinic.com/schedule-appointment\n- Gallery images: No images on this page except logos.\n- Cultural context: Multilingual staff, serving diverse community in San Jose (Silicon Valley). Mention of Spanish, Hindi, Punjabi, Vietnamese.\n- Short description: "Your Destination for Comprehensive Eye Care in San Jose" or similar.\n- About highlight: 2-3 paragraphs from the content.\n\nWe\'ll construct the JSON accordingly, using null/empty where not present.\n\nLet\'s fill in each field:\n\n- name: "Eye Medical Clinic"\n- about_highlight: Combine the paragraphs: "Eye Medical Clinic is conveniently located in beautiful San Jose, California. From comprehensive eye exams for every member of the family to advanced medical, surgical and laser procedures for cataracts and glaucoma, we are here for you. Our office is fluent in English and Spanish, and combined, our doctors speak Hindi, Punjabi and Vietnamese. Dedicated to Helping You Enjoy Your Life to the Fullest… With the Clear Vision You Deserve! With a legacy of more than 75 years serving the San Jose area, Eye Medical Clinic has built a reputation for quality eye care that generations of families have come to trust. As San Jose has grown to represent the heart of Silicon Valley, Eye Medical Clinic has grown alongside the region, embracing the most advanced techniques and technology in eye care and vision correction. From routine eye exams to complicated cataract surgeries, Eye Medical Clinic can expertly care for every member of your family. We invite you to come see us at our newly renovated office!"\n- short_description: "Your Destination for Comprehensive Eye Care in San Jose. With a legacy of more than 75 years, Eye Medical Clinic provides advanced eye care for the whole family."\n- cultural_context: "Eye Medical Clinic serves a diverse patient population in San Jose, with staff fluent in English and Spanish, and doctors speaking Hindi, Punjabi, and Vietnamese. The clinic has been serving the community for over 75 years, reflecting a commitment to accessible, culturally responsive eye care."\n- highlights: We\'ll create highlights from the content: Bilingual Staff (English/Spanish), Multilingual Doctors (Hindi, Punjabi, Vietnamese), 75+ Year Legacy, Newly Renovated Office, Comprehensive Eye Care.\n  - title: "Bilingual Staff", detail: "Our office is fluent in English and Spanish.", category: "culture"\n  - title: "Multilingual Doctors", detail: "Our doctors speak Hindi, Punjabi and Vietnamese.", category: "culture"\n  - title: "75+ Year Legacy", detail: "Serving the San Jose area for over 75 years.", category: "care"\n  - title: "Newly Renovated Office", detail: "We invite you to come see us at our newly renovated office!", category: "convenience"\n  - title: "Comprehensive Eye Care", detail: "From routine eye exams to advanced cataract surgeries.", category: "care"\n- services_offered: We\'ll list services from the nav and page content. Use categories like "Eye Exams", "Cataract Surgery", "Glaucoma Treatment", "Retina", "Cornea", "Cosmetic Procedures", "Dry Eye", "Glasses + Contacts". We\'ll create ServiceOffering objects with name, category, description from page.\n  - name: "Comprehensive Eye Exams", category: "Eyecare", description: "Routine eye exams for every member of the family."\n  - name: "Cataract Surgery", category: "Cataracts", description: "Advanced cataract surgery with premium lens implants."\n  - name: "Glaucoma Treatment", category: "Glaucoma", description: "Medical, surgical and laser procedures for glaucoma."\n  - name: "Retina Services", category: "Retina", description: "Diagnosis and treatment of retinal conditions."\n  - name: "Cornea Services", category: "Cornea", description: "Corneal conditions and treatments."\n  - name: "Cosmetic Procedures", category: "Cosmetic", description: "Eyelid surgery and dermal fillers."\n  - name: "Dry Eye Treatment", category: "Eyecare", description: "Diagnosis and management of dry eye."\n  - name: "Glasses and Contacts", category: "Eyecare", description: "Prescription glasses and contact lenses."\n- insurance: No info on this page, so set all to null/empty. accepts_private_insurance: false? Actually not mentioned, so default false? Schema says default false for accepts_private_insurance, but we should set null? The schema says "default: false" but we are to use null when not mentioned. The instruction: "For boolean fields like accepts_medicaid and accepts_medicare, use null when not mentioned — do not default to false." For accepts_private_insurance, it has default false in schema, but we should follow the same principle? The instruction specifically says for accepts_medicaid and accepts_medicare use null. For accepts_private_insurance, it has default false, but we should still use null if not mentioned? The schema says "default: false" but the instruction says "do not default to false" for those two. For accepts_private_insurance, it\'s not explicitly mentioned, so we\'ll set null? But the schema has default false. To be safe, we\'ll set null for all boolean fields not mentioned. The instruction says "If a value is not present, use null or an empty list as appropriate." So we\'ll set null for accepts_private_insurance as well. However, the schema has default false, but we are to return an instance, not the schema. We\'ll set null.\n- team_members: Not listed on this page. Empty list.\n- pricing: Not mentioned. Empty list.\n- location: address: "220 Meridian Avenue, San Jose, CA 95126", city: "San Jose", state: "CA", zip_code: "95126", parking: null, transit: null, nearby_landmarks: ["Between San Carlos and Park Avenue"], map_url: "https://www.google.com/maps/place/Eye+Medical+Clinic/@37.325296,-121.913645,16z/data=!4m5!3m4!1s0x0:0x899c5f9d36f77ab7!8m2!3d37.3251849!4d-121.9136997?hl=en-US"\n- appointment: appointment_url: "https://eyemedicalclinic.com/schedule-appointment", online_booking_available: true (since there is a schedule appointment link), phone_booking_available: true (phone number provided), free_consultation_available: null, booking_note: null, new_patient_note: null\n- review_profile: No reviews on this page. Null.\n- gallery_images: No images. Empty list.\n- working_hours: from page: Monday: 8:00 AM - 5:00 PM, Tuesday: 8:00 AM - 5:00 PM, Wednesday: 8:00 AM - 5:00 PM, Thursday: 8:00 AM - 5:00 PM, Friday: 8:00 AM - 3:00 PM, Saturday: Closed, Sunday: Closed. Also optical hours same.\n- address: same as location address.\n- phone: "(408) 869-3400"\n- website: "https://eyemedicalclinic.com/"\n- review_summary: null\n- city: "San Jose"\n- state: "CA"\n- zip_code: "95126"\n- appointment_url: "https://eyemedicalclinic.com/schedule-appointment"\n- email: null (not provided)\n- fax: null\n- specialty: "Ophthalmology / Eye Care" (inferred)\n- languages: ["English", "Spanish", "Hindi", "Punjabi", "Vietnamese"]\n- accepting_new_patients: null (not mentioned)\n- is_telehealth_available: false (not mentioned)\n\nNow construct JSON.', 'format': 'unknown', 'index': 0}]), native_finish_reason='stop')], created=1782479844, model='deepseek/deepseek-v4-flash-20260423', object='chat.completion', service_tier=None, system_fingerprint='vllm-0.20.1rc1.dev1005+gcbf8428d0-tp4-ep-24ed0e88', usage=CompletionUsage(completion_tokens=3593, prompt_tokens=8237, total_tokens=11830, completion_tokens_details=CompletionTokensDetails(accepted_prediction_tokens=None, audio_tokens=0, reasoning_tokens=2157, rejected_prediction_tokens=None), prompt_tokens_details=PromptTokensDetails(audio_tokens=0, cached_tokens=0), cost=0.00215922, is_byok=False, cost_details={'upstream_inference_cost': 0.00215922, 'upstream_inference_prompt_cost': 0.00115318, 'upstream_inference_completions_cost': 0.00100604}), provider='Parasail')
</completion>
</generation>

<generation number="2">
<exception>
    1 validation error for ClinicExtraction
  Invalid JSON: EOF while parsing a string at line 3 column 528 [type=json_invalid, input_value='{\n  "name": "Eye Medica... the San Jose area, Eye', input_type=str]
    For further information visit https://errors.pydantic.dev/2.13/v/json_invalid
</exception>
<completion>
    ChatCompletion(id='gen-1782479945-aQ1V7HmCOYCQuWDVyKER', choices=[Choice(finish_reason='error', index=0, logprobs=None, message=ChatCompletionMessage(content='{\n  "name": "Eye Medical Clinic",\n  "about_highlight": "Eye Medical Clinic is conveniently located in beautiful San Jose, California. From comprehensive eye exams for every member of the family to advanced medical, surgical and laser procedures for cataracts and glaucoma, we are here for you. Our office is fluent in English and Spanish, and combined, our doctors speak Hindi, Punjabi and Vietnamese. Dedicated to Helping You Enjoy Your Life to the Fullest… With the Clear Vision You Deserve! With a legacy of more than 75 years serving the San Jose area, Eye', refusal=None, role='assistant', annotations=None, audio=None, function_call=None, tool_calls=None, reasoning="We need to fix two issues:\n1. `insurance.accepts_private_insurance` must be a boolean (true/false), not null. The schema default is false, so if not mentioned, we should set to false. In the source, there is no mention of private insurance, so we set to false.\n2. `review_profile` must be an object (ReviewProfile), not null. The schema allows null for some fields inside, but the profile itself must be an object. Since no reviews are provided, we can create an empty ReviewProfile object with all null/empty fields.\n\nWe'll adjust the JSON accordingly.", reasoning_details=[{'type': 'reasoning.text', 'text': "We need to fix two issues:\n1. `insurance.accepts_private_insurance` must be a boolean (true/false), not null. The schema default is false, so if not mentioned, we should set to false. In the source, there is no mention of private insurance, so we set to false.\n2. `review_profile` must be an object (ReviewProfile), not null. The schema allows null for some fields inside, but the profile itself must be an object. Since no reviews are provided, we can create an empty ReviewProfile object with all null/empty fields.\n\nWe'll adjust the JSON accordingly.", 'format': 'unknown', 'index': 0}]), native_finish_reason=None)], created=1782479945, model='deepseek/deepseek-v4-flash-20260423', object='chat.completion', service_tier=None, system_fingerprint=None, usage=CompletionUsage(completion_tokens=3889, prompt_tokens=20949, total_tokens=24838, completion_tokens_details=CompletionTokensDetails(accepted_prediction_tokens=None, audio_tokens=0, reasoning_tokens=2157, rejected_prediction_tokens=None), prompt_tokens_details=PromptTokensDetails(audio_tokens=0, cached_tokens=0), cost=0, is_byok=False, cost_details={'upstream_inference_cost': 0.001303792, 'upstream_inference_prompt_cost': 0.001245776, 'upstream_inference_completions_cost': 5.8016e-05}), provider='GMICloud')
</completion>
</generation>

<generation number="3">
<exception>
    1 validation error for ClinicExtraction
review_profile
  Input should be an object [type=model_type, input_value=None, input_type=NoneType]
    For further information visit https://errors.pydantic.dev/2.13/v/model_type
</exception>
<completion>
    ChatCompletion(id='gen-1782479952-tr6PRSNNfFDsIK4xjRq0', choices=[Choice(finish_reason='stop', index=0, logprobs=None, message=ChatCompletionMessage(content='{\n  "name": "Eye Medical Clinic",\n  "about_highlight": "Eye Medical Clinic is conveniently located in beautiful San Jose, California. From comprehensive eye exams for every member of the family to advanced medical, surgical and laser procedures for cataracts and glaucoma, we are here for you. Our office is fluent in English and Spanish, and combined, our doctors speak Hindi, Punjabi and Vietnamese. With a legacy of more than 75 years serving the San Jose area, Eye Medical Clinic has built a reputation for quality eye care that generations of families have come to trust. As San Jose has grown to represent the heart of Silicon Valley, Eye Medical Clinic has grown alongside the region, embracing the most advanced techniques and technology in eye care and vision correction. We invite you to come see us at our newly renovated office!",\n  "short_description": "Your Destination for Comprehensive Eye Care in San Jose. With a legacy of more than 75 years, Eye Medical Clinic provides advanced eye care for the whole family.",\n  "cultural_context": "Eye Medical Clinic serves a diverse patient population in San Jose, with staff fluent in English and Spanish, and doctors speaking Hindi, Punjabi, and Vietnamese. The clinic has been serving the community for over 75 years, reflecting a commitment to accessible, culturally responsive eye care.",\n  "highlights": [\n    {\n      "title": "Bilingual Staff",\n      "detail": "Our office is fluent in English and Spanish.",\n      "category": "culture"\n    },\n    {\n      "title": "Multilingual Doctors",\n      "detail": "Our doctors speak Hindi, Punjabi and Vietnamese.",\n      "category": "culture"\n    },\n    {\n      "title": "75+ Year Legacy",\n      "detail": "Serving the San Jose area for over 75 years.",\n      "category": "care"\n    },\n    {\n      "title": "Newly Renovated Office",\n      "detail": "We invite you to come see us at our newly renovated office!",\n      "category": "convenience"\n    },\n    {\n      "title": "Comprehensive Eye Care",\n      "detail": "From routine eye exams to advanced cataract surgeries.",\n      "category": "care"\n    }\n  ],\n  "services_offered": [\n    {\n      "name": "Comprehensive Eye Exams",\n      "category": "Eyecare",\n      "description": "Routine eye exams for every member of the family.",\n      "patient_fit": null,\n      "is_featured": false\n    },\n    {\n      "name": "Cataract Surgery",\n      "category": "Cataracts",\n      "description": "Advanced cataract surgery with premium lens implants.",\n      "patient_fit": null,\n      "is_featured": false\n    },\n    {\n      "name": "Glaucoma Treatment",\n      "category": "Glaucoma",\n      "description": "Medical, surgical and laser procedures for glaucoma.",\n      "patient_fit": null,\n      "is_featured": false\n    },\n    {\n      "name": "Retina Services",\n      "category": "Retina",\n      "description": "Diagnosis and treatment of retinal conditions.",\n      "patient_fit": null,\n      "is_featured": false\n    },\n    {\n      "name": "Cornea Services",\n      "category": "Cornea",\n      "description": "Corneal conditions and treatments.",\n      "patient_fit": null,\n      "is_featured": false\n    },\n    {\n      "name": "Cosmetic Procedures",\n      "category": "Cosmetic",\n      "description": "Eyelid surgery and dermal fillers.",\n      "patient_fit": null,\n      "is_featured": false\n    },\n    {\n      "name": "Dry Eye Treatment",\n      "category": "Eyecare",\n      "description": "Diagnosis and management of dry eye.",\n      "patient_fit": null,\n      "is_featured": false\n    },\n    {\n      "name": "Glasses and Contacts",\n      "category": "Eyecare",\n      "description": "Prescription glasses and contact lenses.",\n      "patient_fit": null,\n      "is_featured": false\n    }\n  ],\n  "insurance": {\n    "accepted_networks": [],\n    "accepts_medicaid": null,\n    "accepts_medicare": null,\n    "accepts_private_insurance": false,\n    "out_of_network_available": null,\n    "notes": null\n  },\n  "team_members": [],\n  "pricing": [],\n  "location": {\n    "address": "220 Meridian Avenue, San Jose, CA 95126",\n    "city": "San Jose",\n    "state": "CA",\n    "zip_code": "95126",\n    "parking": null,\n    "transit": null,\n    "nearby_landmarks": ["Between San Carlos and Park Avenue"],\n    "map_url": "https://www.google.com/maps/place/Eye+Medical+Clinic/@37.325296,-121.913645,16z/data=!4m5!3m4!1s0x0:0x899c5f9d36f77ab7!8m2!3d37.3251849!4d-121.9136997?hl=en-US"\n  },\n  "appointment": {\n    "appointment_url": "https://eyemedicalclinic.com/schedule-appointment",\n    "booking_note": null,\n    "free_consultation_available": null,\n    "phone_booking_available": true,\n    "online_booking_available": true,\n    "new_patient_note": null\n  },\n  "review_profile": null,\n  "gallery_images": [],\n  "working_hours": {\n    "monday": "8:00 AM - 5:00 PM",\n    "tuesday": "8:00 AM - 5:00 PM",\n    "wednesday": "8:00 AM - 5:00 PM",\n    "thursday": "8:00 AM - 5:00 PM",\n    "friday": "8:00 AM - 3:00 PM",\n    "saturday": "Closed",\n    "sunday": "Closed"\n  },\n  "address": "220 Meridian Avenue, San Jose, CA 95126",\n  "phone": "(408) 869-3400",\n  "website": "https://eyemedicalclinic.com/",\n  "review_summary": null,\n  "city": "San Jose",\n  "state": "CA",\n  "zip_code": "95126",\n  "appointment_url": "https://eyemedicalclinic.com/schedule-appointment",\n  "email": null,\n  "fax": null,\n  "specialty": "Ophthalmology / Eye Care",\n  "languages": ["English", "Spanish", "Hindi", "Punjabi", "Vietnamese"],\n  "accepting_new_patients": null,\n  "is_telehealth_available": false\n}', refusal=None, role='assistant', annotations=None, audio=None, function_call=None, tool_calls=None, reasoning='The user wants me to fix the JSON. The error says "EOF while parsing a string at line 3 column 528". That likely means there\'s a broken string in the about_highlight field, probably a quoting issue. Let me re-examine my previous response.\n\nActually, the previous response was cut off mid-string. The about_highlight field ends with "Eye" which is incomplete. That field likely has a quote character issue. I need to ensure the JSON is properly formed and all strings are terminated.\n\nLet me reconstruct the full response with proper JSON encoding. I\'ll use the original extracted data but make sure strings are properly escaped.\n\nKey things to fix:\n1. The about_highlight string must be complete and properly quoted.\n2. insurance.accepts_private_insurance must be false (not null) since the schema says default false (boolean required).\n3. review_profile must be an object, not null. Since there\'s no review data, I\'ll use an empty ReviewProfile object.\n\nLet me construct the full JSON correctly.', reasoning_details=[{'type': 'reasoning.text', 'text': 'The user wants me to fix the JSON. The error says "EOF while parsing a string at line 3 column 528". That likely means there\'s a broken string in the about_highlight field, probably a quoting issue. Let me re-examine my previous response.\n\nActually, the previous response was cut off mid-string. The about_highlight field ends with "Eye" which is incomplete. That field likely has a quote character issue. I need to ensure the JSON is properly formed and all strings are terminated.\n\nLet me reconstruct the full response with proper JSON encoding. I\'ll use the original extracted data but make sure strings are properly escaped.\n\nKey things to fix:\n1. The about_highlight string must be complete and properly quoted.\n2. insurance.accepts_private_insurance must be false (not null) since the schema says default false (boolean required).\n3. review_profile must be an object, not null. Since there\'s no review data, I\'ll use an empty ReviewProfile object.\n\nLet me construct the full JSON correctly.', 'format': 'unknown', 'index': 0}]), native_finish_reason='stop')], created=1782479952, model='deepseek/deepseek-v4-flash-20260423', object='chat.completion', service_tier=None, system_fingerprint=None, usage=CompletionUsage(completion_tokens=5600, prompt_tokens=31060, total_tokens=36660, completion_tokens_details=CompletionTokensDetails(accepted_prediction_tokens=None, audio_tokens=0, reasoning_tokens=2368, rejected_prediction_tokens=None), prompt_tokens_details=PromptTokensDetails(audio_tokens=0, cached_tokens=9728), cost=0.000936344, is_byok=False, cost_details={'upstream_inference_cost': 0.000936344, 'upstream_inference_prompt_cost': 0.000337494, 'upstream_inference_completions_cost': 0.00059885}), provider='Venice')
</completion>
</generation>

</failed_attempts>

<last_exception>
    1 validation error for ClinicExtraction
review_profile
  Input should be an object [type=model_type, input_value=None, input_type=NoneType]
    For further information visit https://errors.pydantic.dev/2.13/v/model_type
</last_exception>
[*] Retrying with fallback model (minimax/minimax-m3)...
[*] Successfully extracted data for Eye Medical Clinic
Đang làm giàu Google Places: Eye Medical Clinic...
[*] Google Places match: Eye Medical Clinic
[+] Uploaded image to Supabase Storage: https://smkyqdkuablxlexyuhgs.supabase.co/storage/v1/object/public/generated-images/generated-clinics/google-places/eye-medical-clinic-google-1.webp
[+] Uploaded image to Supabase Storage: https://smkyqdkuablxlexyuhgs.supabase.co/storage/v1/object/public/generated-images/generated-clinics/google-places/eye-medical-clinic-google-2.webp
[+] Uploaded image to Supabase Storage: https://smkyqdkuablxlexyuhgs.supabase.co/storage/v1/object/public/generated-images/generated-clinics/google-places/eye-medical-clinic-google-3.webp
[+] Uploaded image to Supabase Storage: https://smkyqdkuablxlexyuhgs.supabase.co/storage/v1/object/public/generated-images/generated-clinics/google-places/eye-medical-clinic-google-4.webp
[+] Uploaded image to Supabase Storage: https://smkyqdkuablxlexyuhgs.supabase.co/storage/v1/object/public/generated-images/generated-clinics/google-places/eye-medical-clinic-google-5.webp
[*] Summarizing 5 Google reviews with AI...
[*] Inserted new clinic into DB: Eye Medical Clinic
✅ Đã lưu: Eye Medical Clinic
Đang cào dữ liệu: Dr. David Nguyen and Associates...
[*] Scraping URL: https://doctors.eyeexamsnow.com/optometry/ca/san-jose/dr-david-nguyen-and-associates?cid=yext_odTOOD9669-910000619&y_source=1_Nzg2NTE2Ny03MTUtbG9jYXRpb24ud2Vic2l0ZQ%3D%3D
[+] Jina Reader: 7886 chars for https://doctors.eyeexamsnow.com/optometry/ca/san-jose/dr-david-nguyen-and-associates?cid=yext_odTOOD9669-910000619&y_source=1_Nzg2NTE2Ny03MTUtbG9jYXRpb24ud2Vic2l0ZQ%3D%3D
[!] Playwright failed for https://doctors.eyeexamsnow.com/optometry/ca/san-jose/dr-david-nguyen-and-associates?cid=yext_odTOOD9669-910000619&y_source=1_Nzg2NTE2Ny03MTUtbG9jYXRpb24ud2Vic2l0ZQ%3D%3D: BrowserType.launch: Executable doesn't exist at /Users/sam92/Library/Caches/ms-playwright/chromium_headless_shell-1217/chrome-headless-shell-mac-arm64/chrome-headless-shell
╔════════════════════════════════════════════════════════════╗
║ Looks like Playwright was just installed or updated.       ║
║ Please run the following command to download new browsers: ║
║                                                            ║
║     playwright install                                     ║
║                                                            ║
║ <3 Playwright Team                                         ║
╚════════════════════════════════════════════════════════════╝
[*] Extracted 8146 chars via Jina across 1 page(s), 0 JSON-LD schemas, 0 image candidates.
[*] Sending extraction request to OpenRouter (deepseek/deepseek-v4-flash)...
[*] Successfully extracted data for Dr. David Nguyen and Associates
Đang làm giàu Google Places: Dr. David Nguyen and Associates...
[*] Google Places match: Dr. David Nguyen and Associates
[+] Uploaded image to Supabase Storage: https://smkyqdkuablxlexyuhgs.supabase.co/storage/v1/object/public/generated-images/generated-clinics/google-places/dr.-david-nguyen-and-associates-google-1.webp
[+] Uploaded image to Supabase Storage: https://smkyqdkuablxlexyuhgs.supabase.co/storage/v1/object/public/generated-images/generated-clinics/google-places/dr.-david-nguyen-and-associates-google-2.webp
[+] Uploaded image to Supabase Storage: https://smkyqdkuablxlexyuhgs.supabase.co/storage/v1/object/public/generated-images/generated-clinics/google-places/dr.-david-nguyen-and-associates-google-3.webp
[+] Uploaded image to Supabase Storage: https://smkyqdkuablxlexyuhgs.supabase.co/storage/v1/object/public/generated-images/generated-clinics/google-places/dr.-david-nguyen-and-associates-google-4.webp
[+] Uploaded image to Supabase Storage: https://smkyqdkuablxlexyuhgs.supabase.co/storage/v1/object/public/generated-images/generated-clinics/google-places/dr.-david-nguyen-and-associates-google-5.webp
[*] Summarizing 5 Google reviews with AI...
[*] Inserted new clinic into DB: Dr. David Nguyen and Associates
✅ Đã lưu: Dr. David Nguyen and Associates
Đang cào dữ liệu: Dr. Quyen Nguyen, provider of Eyexam of CA...
[*] Scraping URL: https://local.lenscrafters.com/eyedoctors/ca/san-jose/1620-saratoga-ave.html?cid=yext_odLCOD5785-210001467
[!] Jina content too short (18 chars) for https://local.lenscrafters.com/eyedoctors/ca/san-jose/1620-saratoga-ave.html?cid=yext_odLCOD5785-210001467 — will use Playwright text.
[!] Playwright failed for https://local.lenscrafters.com/eyedoctors/ca/san-jose/1620-saratoga-ave.html?cid=yext_odLCOD5785-210001467: BrowserType.launch: Executable doesn't exist at /Users/sam92/Library/Caches/ms-playwright/chromium_headless_shell-1217/chrome-headless-shell-mac-arm64/chrome-headless-shell
╔════════════════════════════════════════════════════════════╗
║ Looks like Playwright was just installed or updated.       ║
║ Please run the following command to download new browsers: ║
║                                                            ║
║     playwright install                                     ║
║                                                            ║
║ <3 Playwright Team                                         ║
╚════════════════════════════════════════════════════════════╝
Bỏ qua Dr. Quyen Nguyen, provider of Eyexam of CA: không lấy được nội dung website.
Đang cào dữ liệu: Jennifer N. Le (Drs. Bui & Le Optometry)...
[*] Scraping URL: https://drsbuileoptometry.wixsite.com/website
[+] Jina Reader: 9141 chars for https://drsbuileoptometry.wixsite.com/website
[!] Playwright failed for https://drsbuileoptometry.wixsite.com/website: BrowserType.launch: Executable doesn't exist at /Users/sam92/Library/Caches/ms-playwright/chromium_headless_shell-1217/chrome-headless-shell-mac-arm64/chrome-headless-shell
╔════════════════════════════════════════════════════════════╗
║ Looks like Playwright was just installed or updated.       ║
║ Please run the following command to download new browsers: ║
║                                                            ║
║     playwright install                                     ║
║                                                            ║
║ <3 Playwright Team                                         ║
╚════════════════════════════════════════════════════════════╝
[*] Extracted 9276 chars via Jina across 1 page(s), 0 JSON-LD schemas, 0 image candidates.
[*] Sending extraction request to OpenRouter (deepseek/deepseek-v4-flash)...
[*] Successfully extracted data for Jennifer N. Le (Drs. Bui & Le Optometry)
⚠️ Cảnh báo Jennifer N. Le (Drs. Bui & Le Optometry): website không nhắc đến ngôn ngữ yêu cầu (Vietnamese). Vẫn giữ lại theo kết quả Google Places (Ngôn ngữ gán: English, Vietnamese).
Đang làm giàu Google Places: Jennifer N. Le (Drs. Bui & Le Optometry)...
[*] Google Places match: Jennifer N. Le (Drs. Bui & Le Optometry)
[+] Uploaded image to Supabase Storage: https://smkyqdkuablxlexyuhgs.supabase.co/storage/v1/object/public/generated-images/generated-clinics/google-places/jennifer-n.-le-drs.-bui-le-optometry-google-1.webp
[+] Uploaded image to Supabase Storage: https://smkyqdkuablxlexyuhgs.supabase.co/storage/v1/object/public/generated-images/generated-clinics/google-places/jennifer-n.-le-drs.-bui-le-optometry-google-2.webp
[+] Uploaded image to Supabase Storage: https://smkyqdkuablxlexyuhgs.supabase.co/storage/v1/object/public/generated-images/generated-clinics/google-places/jennifer-n.-le-drs.-bui-le-optometry-google-3.webp
[+] Uploaded image to Supabase Storage: https://smkyqdkuablxlexyuhgs.supabase.co/storage/v1/object/public/generated-images/generated-clinics/google-places/jennifer-n.-le-drs.-bui-le-optometry-google-4.webp
[+] Uploaded image to Supabase Storage: https://smkyqdkuablxlexyuhgs.supabase.co/storage/v1/object/public/generated-images/generated-clinics/google-places/jennifer-n.-le-drs.-bui-le-optometry-google-5.webp
[*] Summarizing 5 Google reviews with AI...
[*] Inserted new clinic into DB: Jennifer N. Le (Drs. Bui & Le Optometry)
✅ Đã lưu: Jennifer N. Le (Drs. Bui & Le Optometry)
Hoàn tất! Đã lưu 3/4 phòng khám.

>>> Dang chay: query='Korean ophthalmology clinic in Los Angeles, CA', limit=3, lang=['Korean'], types=['medical_clinic'], override_specialty=Ophthalmology
Đang tìm Google Places cho từ khóa: 'Korean ophthalmology clinic in Los Angeles, CA' (loại: medical_clinic) (ngôn ngữ yêu cầu: Korean)...
Tìm thấy 4 cơ sở y tế có website hợp lệ (đã lọc 0 nơi không phải y tế).
Có 4 cơ sở mới. Bắt đầu scrape...
Đang cào dữ liệu: Somi Kim Optometry...
[*] Scraping URL: https://www.drsomikim.com/
[+] Jina Reader: 21595 chars for https://www.drsomikim.com/
[!] Playwright failed for https://www.drsomikim.com/: BrowserType.launch: Executable doesn't exist at /Users/sam92/Library/Caches/ms-playwright/chromium_headless_shell-1217/chrome-headless-shell-mac-arm64/chrome-headless-shell
╔════════════════════════════════════════════════════════════╗
║ Looks like Playwright was just installed or updated.       ║
║ Please run the following command to download new browsers: ║
║                                                            ║
║     playwright install                                     ║
║                                                            ║
║ <3 Playwright Team                                         ║
╚════════════════════════════════════════════════════════════╝
[*] Extracted 21711 chars via Jina across 1 page(s), 0 JSON-LD schemas, 0 image candidates.
[*] Sending extraction request to OpenRouter (deepseek/deepseek-v4-flash)...
[*] Successfully extracted data for Somi Kim Optometry
⚠️ Cảnh báo Somi Kim Optometry: website không nhắc đến ngôn ngữ yêu cầu (Korean). Vẫn giữ lại theo kết quả Google Places (Ngôn ngữ gán: English, Korean).
Đang làm giàu Google Places: Somi Kim Optometry...
[*] Google Places match: Somi Kim Optometry
[+] Uploaded image to Supabase Storage: https://smkyqdkuablxlexyuhgs.supabase.co/storage/v1/object/public/generated-images/generated-clinics/google-places/somi-kim-optometry-google-1.webp
[+] Uploaded image to Supabase Storage: https://smkyqdkuablxlexyuhgs.supabase.co/storage/v1/object/public/generated-images/generated-clinics/google-places/somi-kim-optometry-google-2.webp
[+] Uploaded image to Supabase Storage: https://smkyqdkuablxlexyuhgs.supabase.co/storage/v1/object/public/generated-images/generated-clinics/google-places/somi-kim-optometry-google-3.webp
[+] Uploaded image to Supabase Storage: https://smkyqdkuablxlexyuhgs.supabase.co/storage/v1/object/public/generated-images/generated-clinics/google-places/somi-kim-optometry-google-4.webp
[+] Uploaded image to Supabase Storage: https://smkyqdkuablxlexyuhgs.supabase.co/storage/v1/object/public/generated-images/generated-clinics/google-places/somi-kim-optometry-google-5.webp
[*] Summarizing 5 Google reviews with AI...
[!] AI review summary failed for Somi Kim Optometry: Expecting value: line 1 column 1 (char 0)
[*] Inserted new clinic into DB: Somi Kim Optometry
✅ Đã lưu: Somi Kim Optometry
Đang cào dữ liệu: SOUTHERN CALIFORNIA EYE INSTITUTE (SCEI)...
[*] Scraping URL: https://sceyes.org/
[+] Jina Reader: 10224 chars for https://sceyes.org/
[!] Playwright failed for https://sceyes.org/: BrowserType.launch: Executable doesn't exist at /Users/sam92/Library/Caches/ms-playwright/chromium_headless_shell-1217/chrome-headless-shell-mac-arm64/chrome-headless-shell
╔════════════════════════════════════════════════════════════╗
║ Looks like Playwright was just installed or updated.       ║
║ Please run the following command to download new browsers: ║
║                                                            ║
║     playwright install                                     ║
║                                                            ║
║ <3 Playwright Team                                         ║
╚════════════════════════════════════════════════════════════╝
[*] Extracted 10333 chars via Jina across 1 page(s), 0 JSON-LD schemas, 0 image candidates.
[*] Sending extraction request to OpenRouter (deepseek/deepseek-v4-flash)...
[*] Successfully extracted data for Southern California Eye Institute (SCEI)
⚠️ Cảnh báo SOUTHERN CALIFORNIA EYE INSTITUTE (SCEI): website không nhắc đến ngôn ngữ yêu cầu (Korean). Vẫn giữ lại theo kết quả Google Places (Ngôn ngữ gán: English, Russian, Korean).
Đang làm giàu Google Places: SOUTHERN CALIFORNIA EYE INSTITUTE (SCEI)...
[*] Google Places match: SOUTHERN CALIFORNIA EYE INSTITUTE (SCEI)
[+] Uploaded image to Supabase Storage: https://smkyqdkuablxlexyuhgs.supabase.co/storage/v1/object/public/generated-images/generated-clinics/google-places/southern-california-eye-institute-scei-google-1.webp
[+] Uploaded image to Supabase Storage: https://smkyqdkuablxlexyuhgs.supabase.co/storage/v1/object/public/generated-images/generated-clinics/google-places/southern-california-eye-institute-scei-google-2.webp
[+] Uploaded image to Supabase Storage: https://smkyqdkuablxlexyuhgs.supabase.co/storage/v1/object/public/generated-images/generated-clinics/google-places/southern-california-eye-institute-scei-google-3.webp
[+] Uploaded image to Supabase Storage: https://smkyqdkuablxlexyuhgs.supabase.co/storage/v1/object/public/generated-images/generated-clinics/google-places/southern-california-eye-institute-scei-google-4.webp
[+] Uploaded image to Supabase Storage: https://smkyqdkuablxlexyuhgs.supabase.co/storage/v1/object/public/generated-images/generated-clinics/google-places/southern-california-eye-institute-scei-google-5.webp
[*] Summarizing 5 Google reviews with AI...
[!] AI review summary failed for Southern California Eye Institute (SCEI): Expecting value: line 1 column 1 (char 0)
[*] Inserted new clinic into DB: Southern California Eye Institute (SCEI)
✅ Đã lưu: Southern California Eye Institute (SCEI)
Đang cào dữ liệu: Serrano Eye Center Medical Group...
[*] Scraping URL: http://www.serranoeyecenter.com/
[+] Jina Reader: 10060 chars for http://www.serranoeyecenter.com/
[!] Playwright failed for http://www.serranoeyecenter.com/: BrowserType.launch: Executable doesn't exist at /Users/sam92/Library/Caches/ms-playwright/chromium_headless_shell-1217/chrome-headless-shell-mac-arm64/chrome-headless-shell
╔════════════════════════════════════════════════════════════╗
║ Looks like Playwright was just installed or updated.       ║
║ Please run the following command to download new browsers: ║
║                                                            ║
║     playwright install                                     ║
║                                                            ║
║ <3 Playwright Team                                         ║
╚════════════════════════════════════════════════════════════╝
[*] Extracted 10182 chars via Jina across 1 page(s), 0 JSON-LD schemas, 0 image candidates.
[*] Sending extraction request to OpenRouter (deepseek/deepseek-v4-flash)...
[*] Successfully extracted data for Serrano Eye Center Medical Group
⚠️ Cảnh báo Serrano Eye Center Medical Group: website không nhắc đến ngôn ngữ yêu cầu (Korean). Vẫn giữ lại theo kết quả Google Places (Ngôn ngữ gán: English, Korean).
Đang làm giàu Google Places: Serrano Eye Center Medical Group...
[*] Google Places match: Serrano Eye Center Medical Group
[+] Uploaded image to Supabase Storage: https://smkyqdkuablxlexyuhgs.supabase.co/storage/v1/object/public/generated-images/generated-clinics/google-places/serrano-eye-center-medical-group-google-1.webp
[+] Uploaded image to Supabase Storage: https://smkyqdkuablxlexyuhgs.supabase.co/storage/v1/object/public/generated-images/generated-clinics/google-places/serrano-eye-center-medical-group-google-2.webp
[+] Uploaded image to Supabase Storage: https://smkyqdkuablxlexyuhgs.supabase.co/storage/v1/object/public/generated-images/generated-clinics/google-places/serrano-eye-center-medical-group-google-3.webp
[+] Uploaded image to Supabase Storage: https://smkyqdkuablxlexyuhgs.supabase.co/storage/v1/object/public/generated-images/generated-clinics/google-places/serrano-eye-center-medical-group-google-4.webp
[+] Uploaded image to Supabase Storage: https://smkyqdkuablxlexyuhgs.supabase.co/storage/v1/object/public/generated-images/generated-clinics/google-places/serrano-eye-center-medical-group-google-5.webp
[*] Summarizing 5 Google reviews with AI...
[!] AI review summary failed for Serrano Eye Center Medical Group: Expecting value: line 1 column 1 (char 0)
[*] Inserted new clinic into DB: Serrano Eye Center Medical Group
✅ Đã lưu: Serrano Eye Center Medical Group
Hoàn tất! Đã lưu 3/3 phòng khám.

>>> Dang chay: query='Chinese eye clinic in New York, NY', limit=3, lang=['Chinese'], types=['medical_clinic'], override_specialty=Ophthalmology
Đang tìm Google Places cho từ khóa: 'Chinese eye clinic in New York, NY' (loại: medical_clinic) (ngôn ngữ yêu cầu: Chinese)...
Tìm thấy 5 cơ sở y tế có website hợp lệ (đã lọc 0 nơi không phải y tế).
Có 5 cơ sở mới. Bắt đầu scrape...
Đang cào dữ liệu: Advanced Eye Physician 永 明 眼 科中心...
[*] Scraping URL: http://eyecure.com/
[+] Jina Reader: 8548 chars for http://eyecure.com/
[!] Playwright failed for http://eyecure.com/: BrowserType.launch: Executable doesn't exist at /Users/sam92/Library/Caches/ms-playwright/chromium_headless_shell-1217/chrome-headless-shell-mac-arm64/chrome-headless-shell
╔════════════════════════════════════════════════════════════╗
║ Looks like Playwright was just installed or updated.       ║
║ Please run the following command to download new browsers: ║
║                                                            ║
║     playwright install                                     ║
║                                                            ║
║ <3 Playwright Team                                         ║
╚════════════════════════════════════════════════════════════╝
[*] Extracted 8657 chars via Jina across 1 page(s), 0 JSON-LD schemas, 0 image candidates.
[*] Sending extraction request to OpenRouter (deepseek/deepseek-v4-flash)...
[*] Successfully extracted data for Advanced Eye Physician 永 明 眼 科中心
⚠️ Cảnh báo Advanced Eye Physician 永 明 眼 科中心: website không nhắc đến ngôn ngữ yêu cầu (Chinese). Vẫn giữ lại theo kết quả Google Places (Ngôn ngữ gán: English, Fuzhounese, Cantonese, Chinese).
Đang làm giàu Google Places: Advanced Eye Physician 永 明 眼 科中心...
[*] Google Places match: Advanced Eye Physician 永 明 眼 科中心
[+] Uploaded image to Supabase Storage: https://smkyqdkuablxlexyuhgs.supabase.co/storage/v1/object/public/generated-images/generated-clinics/google-places/advanced-eye-physician-google-1.webp
[+] Uploaded image to Supabase Storage: https://smkyqdkuablxlexyuhgs.supabase.co/storage/v1/object/public/generated-images/generated-clinics/google-places/advanced-eye-physician-google-2.webp
[+] Uploaded image to Supabase Storage: https://smkyqdkuablxlexyuhgs.supabase.co/storage/v1/object/public/generated-images/generated-clinics/google-places/advanced-eye-physician-google-3.webp
[+] Uploaded image to Supabase Storage: https://smkyqdkuablxlexyuhgs.supabase.co/storage/v1/object/public/generated-images/generated-clinics/google-places/advanced-eye-physician-google-4.webp
[+] Uploaded image to Supabase Storage: https://smkyqdkuablxlexyuhgs.supabase.co/storage/v1/object/public/generated-images/generated-clinics/google-places/advanced-eye-physician-google-5.webp
[*] Summarizing 5 Google reviews with AI...
[!] AI review summary failed for Advanced Eye Physician 永 明 眼 科中心: Expecting value: line 1 column 1 (char 0)
[*] Inserted new clinic into DB: Advanced Eye Physician 永 明 眼 科中心
✅ Đã lưu: Advanced Eye Physician 永 明 眼 科中心
Đang cào dữ liệu: New Welling Physical Therapy and Acupuncture Clinic張譯之醫生團隊...
[*] Scraping URL: https://questwise.us/products/anti-fatigue-nutritional-eye-patches#
[+] Jina Reader: 679 chars for https://questwise.us/products/anti-fatigue-nutritional-eye-patches#
[!] Playwright failed for https://questwise.us/products/anti-fatigue-nutritional-eye-patches#: BrowserType.launch: Executable doesn't exist at /Users/sam92/Library/Caches/ms-playwright/chromium_headless_shell-1217/chrome-headless-shell-mac-arm64/chrome-headless-shell
╔════════════════════════════════════════════════════════════╗
║ Looks like Playwright was just installed or updated.       ║
║ Please run the following command to download new browsers: ║
║                                                            ║
║     playwright install                                     ║
║                                                            ║
║ <3 Playwright Team                                         ║
╚════════════════════════════════════════════════════════════╝
[*] Extracted 836 chars via Jina across 1 page(s), 0 JSON-LD schemas, 0 image candidates.
[*] Sending extraction request to OpenRouter (deepseek/deepseek-v4-flash)...
[*] Successfully extracted data for New Welling Physical Therapy and Acupuncture Clinic 張譯之醫生團隊
⚠️ Cảnh báo New Welling Physical Therapy and Acupuncture Clinic張譯之醫生團隊: website không nhắc đến ngôn ngữ yêu cầu (Chinese). Vẫn giữ lại theo kết quả Google Places (Ngôn ngữ gán: English, Chinese).
Đang làm giàu Google Places: New Welling Physical Therapy and Acupuncture Clinic張譯之醫生團隊...
[*] Google Places match: New Welling Physical Therapy and Acupuncture Clinic張譯之醫生團隊
[+] Uploaded image to Supabase Storage: https://smkyqdkuablxlexyuhgs.supabase.co/storage/v1/object/public/generated-images/generated-clinics/google-places/new-welling-physical-therapy-and-acupuncture-clinic-google-1.webp
[+] Uploaded image to Supabase Storage: https://smkyqdkuablxlexyuhgs.supabase.co/storage/v1/object/public/generated-images/generated-clinics/google-places/new-welling-physical-therapy-and-acupuncture-clinic-google-2.webp
[+] Uploaded image to Supabase Storage: https://smkyqdkuablxlexyuhgs.supabase.co/storage/v1/object/public/generated-images/generated-clinics/google-places/new-welling-physical-therapy-and-acupuncture-clinic-google-3.webp
[+] Uploaded image to Supabase Storage: https://smkyqdkuablxlexyuhgs.supabase.co/storage/v1/object/public/generated-images/generated-clinics/google-places/new-welling-physical-therapy-and-acupuncture-clinic-google-4.webp
[+] Uploaded image to Supabase Storage: https://smkyqdkuablxlexyuhgs.supabase.co/storage/v1/object/public/generated-images/generated-clinics/google-places/new-welling-physical-therapy-and-acupuncture-clinic-google-5.webp
[*] Summarizing 5 Google reviews with AI...
[!] AI review summary failed for New Welling Physical Therapy and Acupuncture Clinic 張譯之醫生團隊: Expecting value: line 1 column 1 (char 0)
[*] Inserted new clinic into DB: New Welling Physical Therapy and Acupuncture Clinic 張譯之醫生團隊
✅ Đã lưu: New Welling Physical Therapy and Acupuncture Clinic 張譯之醫生團隊
Đang cào dữ liệu: Advanced Eye Care...
[*] Scraping URL: https://advancedeyecarevision.com/
[+] Jina Reader: 9801 chars for https://advancedeyecarevision.com/
[!] Playwright failed for https://advancedeyecarevision.com/: BrowserType.launch: Executable doesn't exist at /Users/sam92/Library/Caches/ms-playwright/chromium_headless_shell-1217/chrome-headless-shell-mac-arm64/chrome-headless-shell
╔════════════════════════════════════════════════════════════╗
║ Looks like Playwright was just installed or updated.       ║
║ Please run the following command to download new browsers: ║
║                                                            ║
║     playwright install                                     ║
║                                                            ║
║ <3 Playwright Team                                         ║
╚════════════════════════════════════════════════════════════╝
[*] Extracted 9925 chars via Jina across 1 page(s), 0 JSON-LD schemas, 0 image candidates.
[*] Sending extraction request to OpenRouter (deepseek/deepseek-v4-flash)...
[*] Successfully extracted data for Advanced Eye Care
Đang làm giàu Google Places: Advanced Eye Care...
[*] Google Places match: Advanced Eye Care - Dr. Wilson Ko, MD FACS, PC
[*] Summarizing 5 Google reviews with AI...
[*] Generating clinic image via google/gemini-3.1-flash-image-preview: Advanced Eye Care
[+] Uploaded image to Supabase Storage: https://smkyqdkuablxlexyuhgs.supabase.co/storage/v1/object/public/generated-images/generated-clinics/advanced-eye-care.webp
[*] Inserted new clinic into DB: Advanced Eye Care
✅ Đã lưu: Advanced Eye Care
Hoàn tất! Đã lưu 3/3 phòng khám.

--- Specialty: Cardiology (10 clinics) ---

>>> Dang chay: query='Vietnamese cardiologist in Houston, TX', limit=4, lang=['Vietnamese'], types=['medical_clinic'], override_specialty=Cardiology
Đang tìm Google Places cho từ khóa: 'Vietnamese cardiologist in Houston, TX' (loại: medical_clinic) (ngôn ngữ yêu cầu: Vietnamese)...
Tìm thấy 5 cơ sở y tế có website hợp lệ (đã lọc 0 nơi không phải y tế).
Bỏ qua đã tồn tại: UT Physicians Multispecialty - Greens
Có 4 cơ sở mới. Bắt đầu scrape...
Đang cào dữ liệu: Progressive Medical Clinic...
[*] Scraping URL: http://www.progmd.com/
[+] Jina Reader: 3790 chars for http://www.progmd.com/
[!] Playwright failed for http://www.progmd.com/: BrowserType.launch: Executable doesn't exist at /Users/sam92/Library/Caches/ms-playwright/chromium_headless_shell-1217/chrome-headless-shell-mac-arm64/chrome-headless-shell
╔════════════════════════════════════════════════════════════╗
║ Looks like Playwright was just installed or updated.       ║
║ Please run the following command to download new browsers: ║
║                                                            ║
║     playwright install                                     ║
║                                                            ║
║ <3 Playwright Team                                         ║
╚════════════════════════════════════════════════════════════╝
[*] Extracted 3902 chars via Jina across 1 page(s), 0 JSON-LD schemas, 0 image candidates.
[*] Sending extraction request to OpenRouter (deepseek/deepseek-v4-flash)...
[*] Successfully extracted data for Progressive Medical Clinic
⚠️ Cảnh báo Progressive Medical Clinic: website không nhắc đến ngôn ngữ yêu cầu (Vietnamese). Vẫn giữ lại theo kết quả Google Places (Ngôn ngữ gán: English, Vietnamese).
Đang làm giàu Google Places: Progressive Medical Clinic...
[*] Google Places match: Progressive Medical Clinic
[*] Summarizing 4 Google reviews with AI...
[!] AI review summary failed for Progressive Medical Clinic: Expecting value: line 1 column 1 (char 0)
[*] Generating clinic image via google/gemini-3.1-flash-image-preview: Progressive Medical Clinic
[+] Uploaded image to Supabase Storage: https://smkyqdkuablxlexyuhgs.supabase.co/storage/v1/object/public/generated-images/generated-clinics/progressive-medical-clinic.webp
[*] Inserted new clinic into DB: Progressive Medical Clinic
✅ Đã lưu: Progressive Medical Clinic
Đang cào dữ liệu: CARDIOCLINIC - Dr. Zaka Khan, MD...
[*] Scraping URL: https://cardioclinic.us/providers/zaka-khan-md/?utm_source=google&utm_medium=organic&utm_campaign=gbp_zaka_khan
[+] Jina Reader: 18424 chars for https://cardioclinic.us/providers/zaka-khan-md/?utm_source=google&utm_medium=organic&utm_campaign=gbp_zaka_khan
[!] Playwright failed for https://cardioclinic.us/providers/zaka-khan-md/?utm_source=google&utm_medium=organic&utm_campaign=gbp_zaka_khan: BrowserType.launch: Executable doesn't exist at /Users/sam92/Library/Caches/ms-playwright/chromium_headless_shell-1217/chrome-headless-shell-mac-arm64/chrome-headless-shell
╔════════════════════════════════════════════════════════════╗
║ Looks like Playwright was just installed or updated.       ║
║ Please run the following command to download new browsers: ║
║                                                            ║
║     playwright install                                     ║
║                                                            ║
║ <3 Playwright Team                                         ║
╚════════════════════════════════════════════════════════════╝
[*] Extracted 18625 chars via Jina across 1 page(s), 0 JSON-LD schemas, 0 image candidates.
[*] Sending extraction request to OpenRouter (deepseek/deepseek-v4-flash)...
[*] Successfully extracted data for CARDIOCLINIC - Dr. Zaka Khan, MD
⚠️ Cảnh báo CARDIOCLINIC - Dr. Zaka Khan, MD: website không nhắc đến ngôn ngữ yêu cầu (Vietnamese). Vẫn giữ lại theo kết quả Google Places (Ngôn ngữ gán: Hindi, Arabic, English, Urdu, Punjabi, Vietnamese).
Đang làm giàu Google Places: CARDIOCLINIC - Dr. Zaka Khan, MD...
[*] Google Places match: CARDIOCLINIC - Dr. Zaka Khan, MD
[+] Uploaded image to Supabase Storage: https://smkyqdkuablxlexyuhgs.supabase.co/storage/v1/object/public/generated-images/generated-clinics/google-places/cardioclinic-dr.-zaka-khan-md-google-1.webp
[+] Uploaded image to Supabase Storage: https://smkyqdkuablxlexyuhgs.supabase.co/storage/v1/object/public/generated-images/generated-clinics/google-places/cardioclinic-dr.-zaka-khan-md-google-2.webp
[+] Uploaded image to Supabase Storage: https://smkyqdkuablxlexyuhgs.supabase.co/storage/v1/object/public/generated-images/generated-clinics/google-places/cardioclinic-dr.-zaka-khan-md-google-3.webp
[+] Uploaded image to Supabase Storage: https://smkyqdkuablxlexyuhgs.supabase.co/storage/v1/object/public/generated-images/generated-clinics/google-places/cardioclinic-dr.-zaka-khan-md-google-4.webp
[+] Uploaded image to Supabase Storage: https://smkyqdkuablxlexyuhgs.supabase.co/storage/v1/object/public/generated-images/generated-clinics/google-places/cardioclinic-dr.-zaka-khan-md-google-5.webp
[*] Summarizing 5 Google reviews with AI...
[!] AI review summary failed for CARDIOCLINIC - Dr. Zaka Khan, MD: Expecting value: line 1 column 1 (char 0)
[*] Inserted new clinic into DB: CARDIOCLINIC - Dr. Zaka Khan, MD
✅ Đã lưu: CARDIOCLINIC - Dr. Zaka Khan, MD
Đang cào dữ liệu: UT Physicians Cardiology - Texas Medical Center...
[*] Scraping URL: https://www.utphysicians.com/clinic/ut-physicians-cardiology-clinic-tmc/?utm_source=extnetwork&utm_medium=YextListings&utm_campaign=56578
[+] Jina Reader: 21668 chars for https://www.utphysicians.com/clinic/ut-physicians-cardiology-clinic-tmc/?utm_source=extnetwork&utm_medium=YextListings&utm_campaign=56578
[!] Playwright failed for https://www.utphysicians.com/clinic/ut-physicians-cardiology-clinic-tmc/?utm_source=extnetwork&utm_medium=YextListings&utm_campaign=56578: BrowserType.launch: Executable doesn't exist at /Users/sam92/Library/Caches/ms-playwright/chromium_headless_shell-1217/chrome-headless-shell-mac-arm64/chrome-headless-shell
╔════════════════════════════════════════════════════════════╗
║ Looks like Playwright was just installed or updated.       ║
║ Please run the following command to download new browsers: ║
║                                                            ║
║     playwright install                                     ║
║                                                            ║
║ <3 Playwright Team                                         ║
╚════════════════════════════════════════════════════════════╝
[*] Extracted 21895 chars via Jina across 1 page(s), 0 JSON-LD schemas, 0 image candidates.
[*] Sending extraction request to OpenRouter (deepseek/deepseek-v4-flash)...
[*] Successfully extracted data for UT Physicians Cardiology – Texas Medical Center
⚠️ Cảnh báo UT Physicians Cardiology - Texas Medical Center: website không nhắc đến ngôn ngữ yêu cầu (Vietnamese). Vẫn giữ lại theo kết quả Google Places (Ngôn ngữ gán: English, Vietnamese).
Đang làm giàu Google Places: UT Physicians Cardiology - Texas Medical Center...
[*] Google Places match: UT Physicians Cardiology - Texas Medical Center
[+] Uploaded image to Supabase Storage: https://smkyqdkuablxlexyuhgs.supabase.co/storage/v1/object/public/generated-images/generated-clinics/google-places/ut-physicians-cardiology-texas-medical-center-google-1.webp
[+] Uploaded image to Supabase Storage: https://smkyqdkuablxlexyuhgs.supabase.co/storage/v1/object/public/generated-images/generated-clinics/google-places/ut-physicians-cardiology-texas-medical-center-google-2.webp
[*] Summarizing 5 Google reviews with AI...
[!] AI review summary failed for UT Physicians Cardiology – Texas Medical Center: Expecting value: line 1 column 1 (char 0)
[*] Inserted new clinic into DB: UT Physicians Cardiology – Texas Medical Center
✅ Đã lưu: UT Physicians Cardiology – Texas Medical Center
Đang cào dữ liệu: Comprehensive Cardiology...
[*] Scraping URL: http://www.houstonmethodist.org/doctor/vince-nguyen/
[+] Jina Reader: 34740 chars for http://www.houstonmethodist.org/doctor/vince-nguyen/
[!] Playwright failed for http://www.houstonmethodist.org/doctor/vince-nguyen/: BrowserType.launch: Executable doesn't exist at /Users/sam92/Library/Caches/ms-playwright/chromium_headless_shell-1217/chrome-headless-shell-mac-arm64/chrome-headless-shell
╔════════════════════════════════════════════════════════════╗
║ Looks like Playwright was just installed or updated.       ║
║ Please run the following command to download new browsers: ║
║                                                            ║
║     playwright install                                     ║
║                                                            ║
║ <3 Playwright Team                                         ║
╚════════════════════════════════════════════════════════════╝
[*] Extracted 34882 chars via Jina across 1 page(s), 0 JSON-LD schemas, 0 image candidates.
[*] Sending extraction request to OpenRouter (deepseek/deepseek-v4-flash)...
[*] Successfully extracted data for Comprehensive Cardiology
Đang làm giàu Google Places: Comprehensive Cardiology...
[*] Google Places match: Comprehensive Cardiology
[*] Summarizing 5 Google reviews with AI...
[*] Generating clinic image via google/gemini-3.1-flash-image-preview: Comprehensive Cardiology
[+] Uploaded image to Supabase Storage: https://smkyqdkuablxlexyuhgs.supabase.co/storage/v1/object/public/generated-images/generated-clinics/comprehensive-cardiology.webp
[*] Inserted new clinic into DB: Comprehensive Cardiology
✅ Đã lưu: Comprehensive Cardiology
Hoàn tất! Đã lưu 4/4 phòng khám.

>>> Dang chay: query='Korean cardiology clinic in Los Angeles, CA', limit=3, lang=['Korean'], types=['medical_clinic'], override_specialty=Cardiology
Đang tìm Google Places cho từ khóa: 'Korean cardiology clinic in Los Angeles, CA' (loại: medical_clinic) (ngôn ngữ yêu cầu: Korean)...
Tìm thấy 3 cơ sở y tế có website hợp lệ (đã lọc 0 nơi không phải y tế).
Có 3 cơ sở mới. Bắt đầu scrape...
Đang cào dữ liệu: Beverly Cardiology Group...
[*] Scraping URL: http://www.beverlycardiology.com/
[+] Jina Reader: 2027 chars for http://www.beverlycardiology.com/
[!] Playwright failed for http://www.beverlycardiology.com/: BrowserType.launch: Executable doesn't exist at /Users/sam92/Library/Caches/ms-playwright/chromium_headless_shell-1217/chrome-headless-shell-mac-arm64/chrome-headless-shell
╔════════════════════════════════════════════════════════════╗
║ Looks like Playwright was just installed or updated.       ║
║ Please run the following command to download new browsers: ║
║                                                            ║
║     playwright install                                     ║
║                                                            ║
║ <3 Playwright Team                                         ║
╚════════════════════════════════════════════════════════════╝
[*] Extracted 2150 chars via Jina across 1 page(s), 0 JSON-LD schemas, 0 image candidates.
[*] Sending extraction request to OpenRouter (deepseek/deepseek-v4-flash)...
[*] Successfully extracted data for Beverly Cardiology Group
Đang làm giàu Google Places: Beverly Cardiology Group...
[*] Google Places match: Beverly Cardiology Group
[*] Summarizing 4 Google reviews with AI...
[*] Generating clinic image via google/gemini-3.1-flash-image-preview: Beverly Cardiology Group
[*] Inserted new clinic into DB: Beverly Cardiology Group
✅ Đã lưu: Beverly Cardiology Group
Đang cào dữ liệu: Wilshire Cardiology Group...
[*] Scraping URL: https://wcgcenter.com/
[+] Jina Reader: 2303 chars for https://wcgcenter.com/
[!] Playwright failed for https://wcgcenter.com/: BrowserType.launch: Executable doesn't exist at /Users/sam92/Library/Caches/ms-playwright/chromium_headless_shell-1217/chrome-headless-shell-mac-arm64/chrome-headless-shell
╔════════════════════════════════════════════════════════════╗
║ Looks like Playwright was just installed or updated.       ║
║ Please run the following command to download new browsers: ║
║                                                            ║
║     playwright install                                     ║
║                                                            ║
║ <3 Playwright Team                                         ║
╚════════════════════════════════════════════════════════════╝
[*] Extracted 2415 chars via Jina across 1 page(s), 0 JSON-LD schemas, 0 image candidates.
[*] Sending extraction request to OpenRouter (deepseek/deepseek-v4-flash)...
[*] Successfully extracted data for Wilshire Cardiology Group
⚠️ Cảnh báo Wilshire Cardiology Group: website không nhắc đến ngôn ngữ yêu cầu (Korean). Vẫn giữ lại theo kết quả Google Places (Ngôn ngữ gán: English, Korean).
Đang làm giàu Google Places: Wilshire Cardiology Group...
[*] Google Places match: Wilshire Cardiology Group
[+] Uploaded image to Supabase Storage: https://smkyqdkuablxlexyuhgs.supabase.co/storage/v1/object/public/generated-images/generated-clinics/google-places/wilshire-cardiology-group-google-1.webp
[+] Uploaded image to Supabase Storage: https://smkyqdkuablxlexyuhgs.supabase.co/storage/v1/object/public/generated-images/generated-clinics/google-places/wilshire-cardiology-group-google-2.webp
[+] Uploaded image to Supabase Storage: https://smkyqdkuablxlexyuhgs.supabase.co/storage/v1/object/public/generated-images/generated-clinics/google-places/wilshire-cardiology-group-google-3.webp
[+] Uploaded image to Supabase Storage: https://smkyqdkuablxlexyuhgs.supabase.co/storage/v1/object/public/generated-images/generated-clinics/google-places/wilshire-cardiology-group-google-4.webp
[+] Uploaded image to Supabase Storage: https://smkyqdkuablxlexyuhgs.supabase.co/storage/v1/object/public/generated-images/generated-clinics/google-places/wilshire-cardiology-group-google-5.webp
[*] Summarizing 3 Google reviews with AI...
[*] Inserted new clinic into DB: Wilshire Cardiology Group
✅ Đã lưu: Wilshire Cardiology Group
Đang cào dữ liệu: UCLA Health Cardiovascular Center...
[*] Scraping URL: https://www.uclahealth.org/locations/cardiovascular-center?utm_source=google&utm_medium=Yext
[+] Jina Reader: 46537 chars for https://www.uclahealth.org/locations/cardiovascular-center?utm_source=google&utm_medium=Yext
[!] Playwright failed for https://www.uclahealth.org/locations/cardiovascular-center?utm_source=google&utm_medium=Yext: BrowserType.launch: Executable doesn't exist at /Users/sam92/Library/Caches/ms-playwright/chromium_headless_shell-1217/chrome-headless-shell-mac-arm64/chrome-headless-shell
╔════════════════════════════════════════════════════════════╗
║ Looks like Playwright was just installed or updated.       ║
║ Please run the following command to download new browsers: ║
║                                                            ║
║     playwright install                                     ║
║                                                            ║
║ <3 Playwright Team                                         ║
╚════════════════════════════════════════════════════════════╝
[*] Extracted 46719 chars via Jina across 1 page(s), 0 JSON-LD schemas, 0 image candidates.
[*] Sending extraction request to OpenRouter (deepseek/deepseek-v4-flash)...
[*] Successfully extracted data for UCLA Health Cardiovascular Center
⚠️ Cảnh báo UCLA Health Cardiovascular Center: website không nhắc đến ngôn ngữ yêu cầu (Korean). Vẫn giữ lại theo kết quả Google Places (Ngôn ngữ gán: English, Korean).
Đang làm giàu Google Places: UCLA Health Cardiovascular Center...
[*] Google Places match: UCLA Health Cardiovascular Center
[+] Uploaded image to Supabase Storage: https://smkyqdkuablxlexyuhgs.supabase.co/storage/v1/object/public/generated-images/generated-clinics/google-places/ucla-health-cardiovascular-center-google-1.webp
[+] Uploaded image to Supabase Storage: https://smkyqdkuablxlexyuhgs.supabase.co/storage/v1/object/public/generated-images/generated-clinics/google-places/ucla-health-cardiovascular-center-google-2.webp
[+] Uploaded image to Supabase Storage: https://smkyqdkuablxlexyuhgs.supabase.co/storage/v1/object/public/generated-images/generated-clinics/google-places/ucla-health-cardiovascular-center-google-3.webp
[+] Uploaded image to Supabase Storage: https://smkyqdkuablxlexyuhgs.supabase.co/storage/v1/object/public/generated-images/generated-clinics/google-places/ucla-health-cardiovascular-center-google-4.webp
[+] Uploaded image to Supabase Storage: https://smkyqdkuablxlexyuhgs.supabase.co/storage/v1/object/public/generated-images/generated-clinics/google-places/ucla-health-cardiovascular-center-google-5.webp
[*] Summarizing 5 Google reviews with AI...
[!] AI review summary failed for UCLA Health Cardiovascular Center: Expecting value: line 1 column 1 (char 0)
[*] Inserted new clinic into DB: UCLA Health Cardiovascular Center
✅ Đã lưu: UCLA Health Cardiovascular Center
Hoàn tất! Đã lưu 3/3 phòng khám.

>>> Dang chay: query='Chinese cardiology clinic in San Francisco, CA', limit=3, lang=['Chinese'], types=['medical_clinic'], override_specialty=Cardiology
Đang tìm Google Places cho từ khóa: 'Chinese cardiology clinic in San Francisco, CA' (loại: medical_clinic) (ngôn ngữ yêu cầu: Chinese)...
Tìm thấy 3 cơ sở y tế có website hợp lệ (đã lọc 0 nơi không phải y tế).
Bỏ qua đã tồn tại: Chinese Hospital Outpatient Center
Có 2 cơ sở mới. Bắt đầu scrape...
Đang cào dữ liệu: Chuk W Kwan Inc...
[*] Scraping URL: https://www.sutterhealth.org/find-doctor/dr-chuk-w-kwan
[+] Jina Reader: 32219 chars for https://www.sutterhealth.org/find-doctor/dr-chuk-w-kwan
[!] Playwright failed for https://www.sutterhealth.org/find-doctor/dr-chuk-w-kwan: BrowserType.launch: Executable doesn't exist at /Users/sam92/Library/Caches/ms-playwright/chromium_headless_shell-1217/chrome-headless-shell-mac-arm64/chrome-headless-shell
╔════════════════════════════════════════════════════════════╗
║ Looks like Playwright was just installed or updated.       ║
║ Please run the following command to download new browsers: ║
║                                                            ║
║     playwright install                                     ║
║                                                            ║
║ <3 Playwright Team                                         ║
╚════════════════════════════════════════════════════════════╝
[*] Extracted 32364 chars via Jina across 1 page(s), 0 JSON-LD schemas, 0 image candidates.
[*] Sending extraction request to OpenRouter (deepseek/deepseek-v4-flash)...
[*] Successfully extracted data for Chuk W Kwan Inc
⚠️ Cảnh báo Chuk W Kwan Inc: website không nhắc đến ngôn ngữ yêu cầu (Chinese). Vẫn giữ lại theo kết quả Google Places (Ngôn ngữ gán: English, Cantonese, Mandarin, Chinese).
Đang làm giàu Google Places: Chuk W Kwan Inc...
[*] Google Places match: Chuk W Kwan Inc
[*] Summarizing 1 Google reviews with AI...
[!] AI review summary failed for Chuk W Kwan Inc: Expecting value: line 1 column 1 (char 0)
[*] Generating clinic image via google/gemini-3.1-flash-image-preview: Chuk W Kwan Inc
[+] Uploaded image to Supabase Storage: https://smkyqdkuablxlexyuhgs.supabase.co/storage/v1/object/public/generated-images/generated-clinics/chuk-w-kwan-inc.webp
[*] Inserted new clinic into DB: Chuk W Kwan Inc
✅ Đã lưu: Chuk W Kwan Inc
Đang cào dữ liệu: Athletic Heart of San Francisco...
[*] Scraping URL: http://www.athleticheartsf.com/
[+] Jina Reader: 8488 chars for http://www.athleticheartsf.com/
[!] Playwright failed for http://www.athleticheartsf.com/: BrowserType.launch: Executable doesn't exist at /Users/sam92/Library/Caches/ms-playwright/chromium_headless_shell-1217/chrome-headless-shell-mac-arm64/chrome-headless-shell
╔════════════════════════════════════════════════════════════╗
║ Looks like Playwright was just installed or updated.       ║
║ Please run the following command to download new browsers: ║
║                                                            ║
║     playwright install                                     ║
║                                                            ║
║ <3 Playwright Team                                         ║
╚════════════════════════════════════════════════════════════╝
[*] Extracted 8609 chars via Jina across 1 page(s), 0 JSON-LD schemas, 0 image candidates.
[*] Sending extraction request to OpenRouter (deepseek/deepseek-v4-flash)...
[*] Successfully extracted data for Athletic Heart of San Francisco
⚠️ Cảnh báo Athletic Heart of San Francisco: website không nhắc đến ngôn ngữ yêu cầu (Chinese). Vẫn giữ lại theo kết quả Google Places (Ngôn ngữ gán: English, Chinese).
Đang làm giàu Google Places: Athletic Heart of San Francisco...
[*] Google Places match: Athletic Heart of San Francisco
[+] Uploaded image to Supabase Storage: https://smkyqdkuablxlexyuhgs.supabase.co/storage/v1/object/public/generated-images/generated-clinics/google-places/athletic-heart-of-san-francisco-google-1.webp
[*] Summarizing 3 Google reviews with AI...
[!] AI review summary failed for Athletic Heart of San Francisco: Expecting value: line 1 column 1 (char 0)
[*] Inserted new clinic into DB: Athletic Heart of San Francisco
✅ Đã lưu: Athletic Heart of San Francisco
Hoàn tất! Đã lưu 2/3 phòng khám.

--- Specialty: Dermatology (10 clinics) ---

>>> Dang chay: query='Vietnamese dermatologist clinic in Orange County, CA', limit=4, lang=['Vietnamese'], types=['medical_clinic'], override_specialty=Dermatology
Đang tìm Google Places cho từ khóa: 'Vietnamese dermatologist clinic in Orange County, CA' (loại: medical_clinic) (ngôn ngữ yêu cầu: Vietnamese)...
⛔ Bỏ qua (không phải cơ sở y tế): True Dermatology — types: hair_care, spa
⛔ Bỏ qua (không phải cơ sở y tế): Renu dermatology and wellness — types: hair_care, spa, beauty_salon
⛔ Bỏ qua (không phải cơ sở y tế): Schweiger Dermatology Group - Fountain Valley — types: hair_care, spa, beauty_salon
Tìm thấy 3 cơ sở y tế có website hợp lệ (đã lọc 3 nơi không phải y tế).
Có 3 cơ sở mới. Bắt đầu scrape...
Đang cào dữ liệu: First OC Dermatology...
[*] Scraping URL: https://firstocdermatology.com/
[+] Jina Reader: 27709 chars for https://firstocdermatology.com/
[!] Playwright failed for https://firstocdermatology.com/: BrowserType.launch: Executable doesn't exist at /Users/sam92/Library/Caches/ms-playwright/chromium_headless_shell-1217/chrome-headless-shell-mac-arm64/chrome-headless-shell
╔════════════════════════════════════════════════════════════╗
║ Looks like Playwright was just installed or updated.       ║
║ Please run the following command to download new browsers: ║
║                                                            ║
║     playwright install                                     ║
║                                                            ║
║ <3 Playwright Team                                         ║
╚════════════════════════════════════════════════════════════╝
[*] Extracted 27830 chars via Jina across 1 page(s), 0 JSON-LD schemas, 0 image candidates.
[*] Sending extraction request to OpenRouter (deepseek/deepseek-v4-flash)...
[*] Successfully extracted data for First OC Dermatology
⚠️ Cảnh báo First OC Dermatology: website không nhắc đến ngôn ngữ yêu cầu (Vietnamese). Vẫn giữ lại theo kết quả Google Places (Ngôn ngữ gán: English, Vietnamese).
Đang làm giàu Google Places: First OC Dermatology...
[*] Google Places match: First OC Dermatology
[+] Uploaded image to Supabase Storage: https://smkyqdkuablxlexyuhgs.supabase.co/storage/v1/object/public/generated-images/generated-clinics/google-places/first-oc-dermatology-google-1.webp
[+] Uploaded image to Supabase Storage: https://smkyqdkuablxlexyuhgs.supabase.co/storage/v1/object/public/generated-images/generated-clinics/google-places/first-oc-dermatology-google-2.webp
[+] Uploaded image to Supabase Storage: https://smkyqdkuablxlexyuhgs.supabase.co/storage/v1/object/public/generated-images/generated-clinics/google-places/first-oc-dermatology-google-3.webp
[+] Uploaded image to Supabase Storage: https://smkyqdkuablxlexyuhgs.supabase.co/storage/v1/object/public/generated-images/generated-clinics/google-places/first-oc-dermatology-google-4.webp
[+] Uploaded image to Supabase Storage: https://smkyqdkuablxlexyuhgs.supabase.co/storage/v1/object/public/generated-images/generated-clinics/google-places/first-oc-dermatology-google-5.webp
[*] Summarizing 5 Google reviews with AI...
[*] Inserted new clinic into DB: First OC Dermatology
✅ Đã lưu: First OC Dermatology
Đang cào dữ liệu: Orange Dermatology Center...
[*] Scraping URL: http://www.ocderms.com/
[+] Jina Reader: 6360 chars for http://www.ocderms.com/
[!] Playwright failed for http://www.ocderms.com/: BrowserType.launch: Executable doesn't exist at /Users/sam92/Library/Caches/ms-playwright/chromium_headless_shell-1217/chrome-headless-shell-mac-arm64/chrome-headless-shell
╔════════════════════════════════════════════════════════════╗
║ Looks like Playwright was just installed or updated.       ║
║ Please run the following command to download new browsers: ║
║                                                            ║
║     playwright install                                     ║
║                                                            ║
║ <3 Playwright Team                                         ║
╚════════════════════════════════════════════════════════════╝
[*] Extracted 6473 chars via Jina across 1 page(s), 0 JSON-LD schemas, 0 image candidates.
[*] Sending extraction request to OpenRouter (deepseek/deepseek-v4-flash)...
[*] Successfully extracted data for Orange Dermatology and Laser Center
⚠️ Cảnh báo Orange Dermatology Center: website không nhắc đến ngôn ngữ yêu cầu (Vietnamese). Vẫn giữ lại theo kết quả Google Places (Ngôn ngữ gán: English, Vietnamese).
Đang làm giàu Google Places: Orange Dermatology Center...
[*] Google Places match: Orange Dermatology Center
[+] Uploaded image to Supabase Storage: https://smkyqdkuablxlexyuhgs.supabase.co/storage/v1/object/public/generated-images/generated-clinics/google-places/orange-dermatology-and-laser-center-google-1.webp
[*] Summarizing 5 Google reviews with AI...
[*] Inserted new clinic into DB: Orange Dermatology and Laser Center
✅ Đã lưu: Orange Dermatology and Laser Center
Đang cào dữ liệu: Advanced Skin Treatment Center : JEFFREY LAUBER, MD...
[*] Scraping URL: http://www.advancedskinofoc.com/
[+] Jina Reader: 14726 chars for http://www.advancedskinofoc.com/
[!] Playwright failed for http://www.advancedskinofoc.com/: BrowserType.launch: Executable doesn't exist at /Users/sam92/Library/Caches/ms-playwright/chromium_headless_shell-1217/chrome-headless-shell-mac-arm64/chrome-headless-shell
╔════════════════════════════════════════════════════════════╗
║ Looks like Playwright was just installed or updated.       ║
║ Please run the following command to download new browsers: ║
║                                                            ║
║     playwright install                                     ║
║                                                            ║
║ <3 Playwright Team                                         ║
╚════════════════════════════════════════════════════════════╝
[*] Extracted 14848 chars via Jina across 1 page(s), 0 JSON-LD schemas, 0 image candidates.
[*] Sending extraction request to OpenRouter (deepseek/deepseek-v4-flash)...
[*] Successfully extracted data for Advanced Skin Treatment Center : JEFFREY LAUBER, MD
⚠️ Cảnh báo Advanced Skin Treatment Center : JEFFREY LAUBER, MD: website không nhắc đến ngôn ngữ yêu cầu (Vietnamese). Vẫn giữ lại theo kết quả Google Places (Ngôn ngữ gán: English, Spanish, Vietnamese).
Đang làm giàu Google Places: Advanced Skin Treatment Center : JEFFREY LAUBER, MD...
[*] Google Places match: Advanced Skin Treatment Center : JEFFREY LAUBER, MD
[+] Uploaded image to Supabase Storage: https://smkyqdkuablxlexyuhgs.supabase.co/storage/v1/object/public/generated-images/generated-clinics/google-places/advanced-skin-treatment-center-jeffrey-lauber-md-google-1.webp
[+] Uploaded image to Supabase Storage: https://smkyqdkuablxlexyuhgs.supabase.co/storage/v1/object/public/generated-images/generated-clinics/google-places/advanced-skin-treatment-center-jeffrey-lauber-md-google-2.webp
[+] Uploaded image to Supabase Storage: https://smkyqdkuablxlexyuhgs.supabase.co/storage/v1/object/public/generated-images/generated-clinics/google-places/advanced-skin-treatment-center-jeffrey-lauber-md-google-3.webp
[+] Uploaded image to Supabase Storage: https://smkyqdkuablxlexyuhgs.supabase.co/storage/v1/object/public/generated-images/generated-clinics/google-places/advanced-skin-treatment-center-jeffrey-lauber-md-google-4.webp
[+] Uploaded image to Supabase Storage: https://smkyqdkuablxlexyuhgs.supabase.co/storage/v1/object/public/generated-images/generated-clinics/google-places/advanced-skin-treatment-center-jeffrey-lauber-md-google-5.webp
[*] Summarizing 5 Google reviews with AI...
[*] Inserted new clinic into DB: Advanced Skin Treatment Center : JEFFREY LAUBER, MD
✅ Đã lưu: Advanced Skin Treatment Center : JEFFREY LAUBER, MD
Hoàn tất! Đã lưu 3/4 phòng khám.

>>> Dang chay: query='Korean dermatology clinic in Los Angeles, CA', limit=3, lang=['Korean'], types=['medical_clinic'], override_specialty=Dermatology
Đang tìm Google Places cho từ khóa: 'Korean dermatology clinic in Los Angeles, CA' (loại: medical_clinic) (ngôn ngữ yêu cầu: Korean)...
⛔ Bỏ qua (không phải cơ sở y tế): Hanok K-Beauty® — types: beauty_salon, spa, massage
⛔ Bỏ qua (không phải cơ sở y tế): CKE SKINCARE — types: spa
⛔ Bỏ qua (không phải cơ sở y tế): Shiny Laser Skin Clinic – Koreatown Med Spa & Laser Skin Experts — types: hair_care, spa, beauty_salon
Tìm thấy 2 cơ sở y tế có website hợp lệ (đã lọc 3 nơi không phải y tế).
Có 2 cơ sở mới. Bắt đầu scrape...
Đang cào dữ liệu: BMB Medical Group, INC...
[*] Scraping URL: http://www.bmbmedical.net/
[+] Jina Reader: 12360 chars for http://www.bmbmedical.net/
[!] Playwright failed for http://www.bmbmedical.net/: BrowserType.launch: Executable doesn't exist at /Users/sam92/Library/Caches/ms-playwright/chromium_headless_shell-1217/chrome-headless-shell-mac-arm64/chrome-headless-shell
╔════════════════════════════════════════════════════════════╗
║ Looks like Playwright was just installed or updated.       ║
║ Please run the following command to download new browsers: ║
║                                                            ║
║     playwright install                                     ║
║                                                            ║
║ <3 Playwright Team                                         ║
╚════════════════════════════════════════════════════════════╝
[*] Extracted 12476 chars via Jina across 1 page(s), 0 JSON-LD schemas, 0 image candidates.
[*] Sending extraction request to OpenRouter (deepseek/deepseek-v4-flash)...
[*] Successfully extracted data for BMB Medical Group, INC
Đang làm giàu Google Places: BMB Medical Group, INC...
[*] Google Places match: BMB Medical Group, INC
[+] Uploaded image to Supabase Storage: https://smkyqdkuablxlexyuhgs.supabase.co/storage/v1/object/public/generated-images/generated-clinics/google-places/bmb-medical-group-inc-google-1.webp
[+] Uploaded image to Supabase Storage: https://smkyqdkuablxlexyuhgs.supabase.co/storage/v1/object/public/generated-images/generated-clinics/google-places/bmb-medical-group-inc-google-2.webp
[+] Uploaded image to Supabase Storage: https://smkyqdkuablxlexyuhgs.supabase.co/storage/v1/object/public/generated-images/generated-clinics/google-places/bmb-medical-group-inc-google-3.webp
[+] Uploaded image to Supabase Storage: https://smkyqdkuablxlexyuhgs.supabase.co/storage/v1/object/public/generated-images/generated-clinics/google-places/bmb-medical-group-inc-google-4.webp
[+] Uploaded image to Supabase Storage: https://smkyqdkuablxlexyuhgs.supabase.co/storage/v1/object/public/generated-images/generated-clinics/google-places/bmb-medical-group-inc-google-5.webp
[*] Summarizing 5 Google reviews with AI...
[!] AI review summary failed for BMB Medical Group, INC: Expecting value: line 1 column 1 (char 0)
[*] Inserted new clinic into DB: BMB Medical Group, INC
✅ Đã lưu: BMB Medical Group, INC
Đang cào dữ liệu: Misarang Beauty & M Clinic...
[*] Scraping URL: https://misarangbeauty.com/
[+] Jina Reader: 336 chars for https://misarangbeauty.com/
[!] Playwright failed for https://misarangbeauty.com/: BrowserType.launch: Executable doesn't exist at /Users/sam92/Library/Caches/ms-playwright/chromium_headless_shell-1217/chrome-headless-shell-mac-arm64/chrome-headless-shell
╔════════════════════════════════════════════════════════════╗
║ Looks like Playwright was just installed or updated.       ║
║ Please run the following command to download new browsers: ║
║                                                            ║
║     playwright install                                     ║
║                                                            ║
║ <3 Playwright Team                                         ║
╚════════════════════════════════════════════════════════════╝
[*] Extracted 453 chars via Jina across 1 page(s), 0 JSON-LD schemas, 0 image candidates.
[*] Sending extraction request to OpenRouter (deepseek/deepseek-v4-flash)...
[*] Successfully extracted data for Misarang Beauty & M Clinic
⚠️ Cảnh báo Misarang Beauty & M Clinic: website không nhắc đến ngôn ngữ yêu cầu (Korean). Vẫn giữ lại theo kết quả Google Places (Ngôn ngữ gán: English, Korean).
Đang làm giàu Google Places: Misarang Beauty & M Clinic...
[*] Google Places match: Misarang Beauty & M Clinic
[+] Uploaded image to Supabase Storage: https://smkyqdkuablxlexyuhgs.supabase.co/storage/v1/object/public/generated-images/generated-clinics/google-places/misarang-beauty-m-clinic-google-1.webp
[+] Uploaded image to Supabase Storage: https://smkyqdkuablxlexyuhgs.supabase.co/storage/v1/object/public/generated-images/generated-clinics/google-places/misarang-beauty-m-clinic-google-2.webp
[+] Uploaded image to Supabase Storage: https://smkyqdkuablxlexyuhgs.supabase.co/storage/v1/object/public/generated-images/generated-clinics/google-places/misarang-beauty-m-clinic-google-3.webp
[+] Uploaded image to Supabase Storage: https://smkyqdkuablxlexyuhgs.supabase.co/storage/v1/object/public/generated-images/generated-clinics/google-places/misarang-beauty-m-clinic-google-4.webp
[+] Uploaded image to Supabase Storage: https://smkyqdkuablxlexyuhgs.supabase.co/storage/v1/object/public/generated-images/generated-clinics/google-places/misarang-beauty-m-clinic-google-5.webp
[*] Summarizing 5 Google reviews with AI...
[!] AI review summary failed for Misarang Beauty & M Clinic: Expecting value: line 1 column 1 (char 0)
[*] Inserted new clinic into DB: Misarang Beauty & M Clinic
✅ Đã lưu: Misarang Beauty & M Clinic
Hoàn tất! Đã lưu 2/3 phòng khám.

>>> Dang chay: query='Chinese dermatology clinic in New York, NY', limit=3, lang=['Chinese'], types=['medical_clinic'], override_specialty=Dermatology
Đang tìm Google Places cho từ khóa: 'Chinese dermatology clinic in New York, NY' (loại: medical_clinic) (ngôn ngữ yêu cầu: Chinese)...
⛔ Bỏ qua (không phải cơ sở y tế): Acuiderm Jian Cui Dermatology PC — types: hair_care, beauty_salon
Tìm thấy 3 cơ sở y tế có website hợp lệ (đã lọc 1 nơi không phải y tế).
Có 3 cơ sở mới. Bắt đầu scrape...
Đang cào dữ liệu: XING ZHANG ACUPUNCTURE & Herbal Medicine...
[*] Scraping URL: http://www.zhangxingacupuncture.com/
[+] Jina Reader: 1303 chars for http://www.zhangxingacupuncture.com/
[!] Playwright failed for http://www.zhangxingacupuncture.com/: BrowserType.launch: Executable doesn't exist at /Users/sam92/Library/Caches/ms-playwright/chromium_headless_shell-1217/chrome-headless-shell-mac-arm64/chrome-headless-shell
╔════════════════════════════════════════════════════════════╗
║ Looks like Playwright was just installed or updated.       ║
║ Please run the following command to download new browsers: ║
║                                                            ║
║     playwright install                                     ║
║                                                            ║
║ <3 Playwright Team                                         ║
╚════════════════════════════════════════════════════════════╝
[*] Extracted 1429 chars via Jina across 1 page(s), 0 JSON-LD schemas, 0 image candidates.
[*] Sending extraction request to OpenRouter (deepseek/deepseek-v4-flash)...
[*] Successfully extracted data for XING ZHANG ACUPUNCTURE & Herbal Medicine
⚠️ Cảnh báo XING ZHANG ACUPUNCTURE & Herbal Medicine: website không nhắc đến ngôn ngữ yêu cầu (Chinese). Vẫn giữ lại theo kết quả Google Places (Ngôn ngữ gán: English, Chinese).
Đang làm giàu Google Places: XING ZHANG ACUPUNCTURE & Herbal Medicine...
[*] Google Places match: XING ZHANG ACUPUNCTURE & Herbal Medicine
[+] Uploaded image to Supabase Storage: https://smkyqdkuablxlexyuhgs.supabase.co/storage/v1/object/public/generated-images/generated-clinics/google-places/xing-zhang-acupuncture-herbal-medicine-google-1.webp
[+] Uploaded image to Supabase Storage: https://smkyqdkuablxlexyuhgs.supabase.co/storage/v1/object/public/generated-images/generated-clinics/google-places/xing-zhang-acupuncture-herbal-medicine-google-2.webp
[+] Uploaded image to Supabase Storage: https://smkyqdkuablxlexyuhgs.supabase.co/storage/v1/object/public/generated-images/generated-clinics/google-places/xing-zhang-acupuncture-herbal-medicine-google-3.webp
[+] Uploaded image to Supabase Storage: https://smkyqdkuablxlexyuhgs.supabase.co/storage/v1/object/public/generated-images/generated-clinics/google-places/xing-zhang-acupuncture-herbal-medicine-google-4.webp
[+] Uploaded image to Supabase Storage: https://smkyqdkuablxlexyuhgs.supabase.co/storage/v1/object/public/generated-images/generated-clinics/google-places/xing-zhang-acupuncture-herbal-medicine-google-5.webp
[*] Summarizing 5 Google reviews with AI...
[*] Inserted new clinic into DB: XING ZHANG ACUPUNCTURE & Herbal Medicine
✅ Đã lưu: XING ZHANG ACUPUNCTURE & Herbal Medicine
Đang cào dữ liệu: Juliette Aiyana, L.Ac. Traditional Chinese Medicine Herbalist...
[*] Scraping URL: http://www.julietteaiyana.com/
[+] Jina Reader: 15090 chars for http://www.julietteaiyana.com/
[!] Playwright failed for http://www.julietteaiyana.com/: BrowserType.launch: Executable doesn't exist at /Users/sam92/Library/Caches/ms-playwright/chromium_headless_shell-1217/chrome-headless-shell-mac-arm64/chrome-headless-shell
╔════════════════════════════════════════════════════════════╗
║ Looks like Playwright was just installed or updated.       ║
║ Please run the following command to download new browsers: ║
║                                                            ║
║     playwright install                                     ║
║                                                            ║
║ <3 Playwright Team                                         ║
╚════════════════════════════════════════════════════════════╝
[*] Extracted 15210 chars via Jina across 1 page(s), 0 JSON-LD schemas, 0 image candidates.
[*] Sending extraction request to OpenRouter (deepseek/deepseek-v4-flash)...
[*] Successfully extracted data for Juliette Aiyana, L.Ac. Traditional Chinese Medicine Herbalist
⚠️ Cảnh báo Juliette Aiyana, L.Ac. Traditional Chinese Medicine Herbalist: website không nhắc đến ngôn ngữ yêu cầu (Chinese). Vẫn giữ lại theo kết quả Google Places (Ngôn ngữ gán: English, Chinese).
Đang làm giàu Google Places: Juliette Aiyana, L.Ac. Traditional Chinese Medicine Herbalist...
[*] Google Places match: Juliette Aiyana, L.Ac. Traditional Chinese Medicine Herbalist
[+] Uploaded image to Supabase Storage: https://smkyqdkuablxlexyuhgs.supabase.co/storage/v1/object/public/generated-images/generated-clinics/google-places/juliette-aiyana-l.ac.-traditional-chinese-medicine-herbalist-google-1.webp
[+] Uploaded image to Supabase Storage: https://smkyqdkuablxlexyuhgs.supabase.co/storage/v1/object/public/generated-images/generated-clinics/google-places/juliette-aiyana-l.ac.-traditional-chinese-medicine-herbalist-google-2.webp
[+] Uploaded image to Supabase Storage: https://smkyqdkuablxlexyuhgs.supabase.co/storage/v1/object/public/generated-images/generated-clinics/google-places/juliette-aiyana-l.ac.-traditional-chinese-medicine-herbalist-google-3.webp
[+] Uploaded image to Supabase Storage: https://smkyqdkuablxlexyuhgs.supabase.co/storage/v1/object/public/generated-images/generated-clinics/google-places/juliette-aiyana-l.ac.-traditional-chinese-medicine-herbalist-google-4.webp
[+] Uploaded image to Supabase Storage: https://smkyqdkuablxlexyuhgs.supabase.co/storage/v1/object/public/generated-images/generated-clinics/google-places/juliette-aiyana-l.ac.-traditional-chinese-medicine-herbalist-google-5.webp
[*] Summarizing 5 Google reviews with AI...
[*] Inserted new clinic into DB: Juliette Aiyana, L.Ac. Traditional Chinese Medicine Herbalist
✅ Đã lưu: Juliette Aiyana, L.Ac. Traditional Chinese Medicine Herbalist
Đang cào dữ liệu: Jinqiao Chinese Medicine Clinic...
[*] Scraping URL: http://www.555hk.net/
[+] Jina Reader: 5671 chars for http://www.555hk.net/
[!] Playwright failed for http://www.555hk.net/: BrowserType.launch: Executable doesn't exist at /Users/sam92/Library/Caches/ms-playwright/chromium_headless_shell-1217/chrome-headless-shell-mac-arm64/chrome-headless-shell
╔════════════════════════════════════════════════════════════╗
║ Looks like Playwright was just installed or updated.       ║
║ Please run the following command to download new browsers: ║
║                                                            ║
║     playwright install                                     ║
║                                                            ║
║ <3 Playwright Team                                         ║
╚════════════════════════════════════════════════════════════╝
[*] Extracted 5782 chars via Jina across 1 page(s), 0 JSON-LD schemas, 0 image candidates.
[*] Sending extraction request to OpenRouter (deepseek/deepseek-v4-flash)...
[*] Successfully extracted data for 金桥中医馆 (Jinqiao Chinese Medicine Clinic)
⚠️ Cảnh báo Jinqiao Chinese Medicine Clinic: website không nhắc đến ngôn ngữ yêu cầu (Chinese). Vẫn giữ lại theo kết quả Google Places (Ngôn ngữ gán: 中文, Chinese).
Đang làm giàu Google Places: Jinqiao Chinese Medicine Clinic...
[*] Google Places match: Jinqiao Chinese Medicine Clinic
[+] Uploaded image to Supabase Storage: https://smkyqdkuablxlexyuhgs.supabase.co/storage/v1/object/public/generated-images/generated-clinics/google-places/jinqiao-chinese-medicine-clinic-google-1.webp
[+] Uploaded image to Supabase Storage: https://smkyqdkuablxlexyuhgs.supabase.co/storage/v1/object/public/generated-images/generated-clinics/google-places/jinqiao-chinese-medicine-clinic-google-2.webp
[+] Uploaded image to Supabase Storage: https://smkyqdkuablxlexyuhgs.supabase.co/storage/v1/object/public/generated-images/generated-clinics/google-places/jinqiao-chinese-medicine-clinic-google-3.webp
[!] Could not download generated image URL for cloud upload: The read operation timed out
[+] Uploaded image to Supabase Storage: https://smkyqdkuablxlexyuhgs.supabase.co/storage/v1/object/public/generated-images/generated-clinics/google-places/jinqiao-chinese-medicine-clinic-google-5.webp
[*] Summarizing 5 Google reviews with AI...
[*] Inserted new clinic into DB: 金桥中医馆 (Jinqiao Chinese Medicine Clinic)
✅ Đã lưu: 金桥中医馆 (Jinqiao Chinese Medicine Clinic)
Hoàn tất! Đã lưu 3/3 phòng khám.

--- Specialty: Orthopedics (10 clinics) ---

>>> Dang chay: query='Vietnamese orthopedic clinic in Houston, TX', limit=4, lang=['Vietnamese'], types=['medical_clinic'], override_specialty=Orthopedics
Đang tìm Google Places cho từ khóa: 'Vietnamese orthopedic clinic in Houston, TX' (loại: medical_clinic) (ngôn ngữ yêu cầu: Vietnamese)...
Tìm thấy 5 cơ sở y tế có website hợp lệ (đã lọc 0 nơi không phải y tế).
Có 5 cơ sở mới. Bắt đầu scrape...
Đang cào dữ liệu: UT Physicians Orthopedics – Memorial Villages...
[*] Scraping URL: https://www.utphysicians.com/clinic/ut-physicians-orthopedics-memorial-villages/?utm_source=extnetwork&utm_medium=YextListings&utm_campaign=56630
[+] Jina Reader: 47892 chars for https://www.utphysicians.com/clinic/ut-physicians-orthopedics-memorial-villages/?utm_source=extnetwork&utm_medium=YextListings&utm_campaign=56630
[!] Playwright failed for https://www.utphysicians.com/clinic/ut-physicians-orthopedics-memorial-villages/?utm_source=extnetwork&utm_medium=YextListings&utm_campaign=56630: BrowserType.launch: Executable doesn't exist at /Users/sam92/Library/Caches/ms-playwright/chromium_headless_shell-1217/chrome-headless-shell-mac-arm64/chrome-headless-shell
╔════════════════════════════════════════════════════════════╗
║ Looks like Playwright was just installed or updated.       ║
║ Please run the following command to download new browsers: ║
║                                                            ║
║     playwright install                                     ║
║                                                            ║
║ <3 Playwright Team                                         ║
╚════════════════════════════════════════════════════════════╝
[*] Extracted 48127 chars via Jina across 1 page(s), 0 JSON-LD schemas, 0 image candidates.
[*] Sending extraction request to OpenRouter (deepseek/deepseek-v4-flash)...
[*] Successfully extracted data for UT Physicians Orthopedics – Memorial Villages
⚠️ Cảnh báo UT Physicians Orthopedics – Memorial Villages: website không nhắc đến ngôn ngữ yêu cầu (Vietnamese). Vẫn giữ lại theo kết quả Google Places (Ngôn ngữ gán: English, Vietnamese).
Đang làm giàu Google Places: UT Physicians Orthopedics – Memorial Villages...
[*] Google Places match: UT Physicians Orthopedics – Memorial Villages
[+] Uploaded image to Supabase Storage: https://smkyqdkuablxlexyuhgs.supabase.co/storage/v1/object/public/generated-images/generated-clinics/google-places/ut-physicians-orthopedics-memorial-villages-google-1.webp
[+] Uploaded image to Supabase Storage: https://smkyqdkuablxlexyuhgs.supabase.co/storage/v1/object/public/generated-images/generated-clinics/google-places/ut-physicians-orthopedics-memorial-villages-google-2.webp
[+] Uploaded image to Supabase Storage: https://smkyqdkuablxlexyuhgs.supabase.co/storage/v1/object/public/generated-images/generated-clinics/google-places/ut-physicians-orthopedics-memorial-villages-google-3.webp
[+] Uploaded image to Supabase Storage: https://smkyqdkuablxlexyuhgs.supabase.co/storage/v1/object/public/generated-images/generated-clinics/google-places/ut-physicians-orthopedics-memorial-villages-google-4.webp
[+] Uploaded image to Supabase Storage: https://smkyqdkuablxlexyuhgs.supabase.co/storage/v1/object/public/generated-images/generated-clinics/google-places/ut-physicians-orthopedics-memorial-villages-google-5.webp
[*] Summarizing 5 Google reviews with AI...
[!] AI review summary failed for UT Physicians Orthopedics – Memorial Villages: Expecting value: line 1 column 1 (char 0)
[*] Inserted new clinic into DB: UT Physicians Orthopedics – Memorial Villages
✅ Đã lưu: UT Physicians Orthopedics – Memorial Villages
Đang cào dữ liệu: Reconstructive Orthopedic Center...
[*] Scraping URL: https://rocmd.net/
[+] Jina Reader: 7869 chars for https://rocmd.net/
[!] Playwright failed for https://rocmd.net/: BrowserType.launch: Executable doesn't exist at /Users/sam92/Library/Caches/ms-playwright/chromium_headless_shell-1217/chrome-headless-shell-mac-arm64/chrome-headless-shell
╔════════════════════════════════════════════════════════════╗
║ Looks like Playwright was just installed or updated.       ║
║ Please run the following command to download new browsers: ║
║                                                            ║
║     playwright install                                     ║
║                                                            ║
║ <3 Playwright Team                                         ║
╚════════════════════════════════════════════════════════════╝
[*] Extracted 7977 chars via Jina across 1 page(s), 0 JSON-LD schemas, 0 image candidates.
[*] Sending extraction request to OpenRouter (deepseek/deepseek-v4-flash)...
[*] Successfully extracted data for Reconstructive Orthopedic Center
⚠️ Cảnh báo Reconstructive Orthopedic Center: website không nhắc đến ngôn ngữ yêu cầu (Vietnamese). Vẫn giữ lại theo kết quả Google Places (Ngôn ngữ gán: English, Vietnamese).
Đang làm giàu Google Places: Reconstructive Orthopedic Center...
[*] Google Places match: Reconstructive Orthopedic Center
[+] Uploaded image to Supabase Storage: https://smkyqdkuablxlexyuhgs.supabase.co/storage/v1/object/public/generated-images/generated-clinics/google-places/reconstructive-orthopedic-center-google-1.webp
[+] Uploaded image to Supabase Storage: https://smkyqdkuablxlexyuhgs.supabase.co/storage/v1/object/public/generated-images/generated-clinics/google-places/reconstructive-orthopedic-center-google-2.webp
[+] Uploaded image to Supabase Storage: https://smkyqdkuablxlexyuhgs.supabase.co/storage/v1/object/public/generated-images/generated-clinics/google-places/reconstructive-orthopedic-center-google-3.webp
[+] Uploaded image to Supabase Storage: https://smkyqdkuablxlexyuhgs.supabase.co/storage/v1/object/public/generated-images/generated-clinics/google-places/reconstructive-orthopedic-center-google-4.webp
[+] Uploaded image to Supabase Storage: https://smkyqdkuablxlexyuhgs.supabase.co/storage/v1/object/public/generated-images/generated-clinics/google-places/reconstructive-orthopedic-center-google-5.webp
[*] Summarizing 5 Google reviews with AI...
[*] Inserted new clinic into DB: Reconstructive Orthopedic Center
✅ Đã lưu: Reconstructive Orthopedic Center
Đang cào dữ liệu: Athletic Orthopedics & Knee Center...
[*] Scraping URL: http://www.aokc.net/?utm_source=local&utm_medium=organic&utm_campaign=gmb
[+] Jina Reader: 50517 chars for http://www.aokc.net/?utm_source=local&utm_medium=organic&utm_campaign=gmb
[!] Playwright failed for http://www.aokc.net/?utm_source=local&utm_medium=organic&utm_campaign=gmb: BrowserType.launch: Executable doesn't exist at /Users/sam92/Library/Caches/ms-playwright/chromium_headless_shell-1217/chrome-headless-shell-mac-arm64/chrome-headless-shell
╔════════════════════════════════════════════════════════════╗
║ Looks like Playwright was just installed or updated.       ║
║ Please run the following command to download new browsers: ║
║                                                            ║
║     playwright install                                     ║
║                                                            ║
║ <3 Playwright Team                                         ║
╚════════════════════════════════════════════════════════════╝
[*] Extracted 50680 chars via Jina across 1 page(s), 0 JSON-LD schemas, 0 image candidates.
[*] Sending extraction request to OpenRouter (deepseek/deepseek-v4-flash)...
[*] Successfully extracted data for Athletic Orthopedics & Knee Center
⚠️ Cảnh báo Athletic Orthopedics & Knee Center: website không nhắc đến ngôn ngữ yêu cầu (Vietnamese). Vẫn giữ lại theo kết quả Google Places (Ngôn ngữ gán: English, Vietnamese).
Đang làm giàu Google Places: Athletic Orthopedics & Knee Center...
[*] Google Places match: Athletic Orthopedics & Knee Center
[+] Uploaded image to Supabase Storage: https://smkyqdkuablxlexyuhgs.supabase.co/storage/v1/object/public/generated-images/generated-clinics/google-places/athletic-orthopedics-knee-center-google-1.webp
[+] Uploaded image to Supabase Storage: https://smkyqdkuablxlexyuhgs.supabase.co/storage/v1/object/public/generated-images/generated-clinics/google-places/athletic-orthopedics-knee-center-google-2.webp
[+] Uploaded image to Supabase Storage: https://smkyqdkuablxlexyuhgs.supabase.co/storage/v1/object/public/generated-images/generated-clinics/google-places/athletic-orthopedics-knee-center-google-3.webp
[+] Uploaded image to Supabase Storage: https://smkyqdkuablxlexyuhgs.supabase.co/storage/v1/object/public/generated-images/generated-clinics/google-places/athletic-orthopedics-knee-center-google-4.webp
[+] Uploaded image to Supabase Storage: https://smkyqdkuablxlexyuhgs.supabase.co/storage/v1/object/public/generated-images/generated-clinics/google-places/athletic-orthopedics-knee-center-google-5.webp
[*] Summarizing 5 Google reviews with AI...
[!] AI review summary failed for Athletic Orthopedics & Knee Center: Expecting value: line 1 column 1 (char 0)
[*] Inserted new clinic into DB: Athletic Orthopedics & Knee Center
✅ Đã lưu: Athletic Orthopedics & Knee Center
Đang cào dữ liệu: UT Physicians Orthopedics Trauma Clinic...
[*] Scraping URL: https://www.utphysicians.com/clinic/ut-physicians-orthopedic-trauma-clinic/?utm_source=extnetwork&utm_medium=YextListings&utm_campaign=56612
[+] Jina Reader: 26023 chars for https://www.utphysicians.com/clinic/ut-physicians-orthopedic-trauma-clinic/?utm_source=extnetwork&utm_medium=YextListings&utm_campaign=56612
[!] Playwright failed for https://www.utphysicians.com/clinic/ut-physicians-orthopedic-trauma-clinic/?utm_source=extnetwork&utm_medium=YextListings&utm_campaign=56612: BrowserType.launch: Executable doesn't exist at /Users/sam92/Library/Caches/ms-playwright/chromium_headless_shell-1217/chrome-headless-shell-mac-arm64/chrome-headless-shell
╔════════════════════════════════════════════════════════════╗
║ Looks like Playwright was just installed or updated.       ║
║ Please run the following command to download new browsers: ║
║                                                            ║
║     playwright install                                     ║
║                                                            ║
║ <3 Playwright Team                                         ║
╚════════════════════════════════════════════════════════════╝
[*] Extracted 26253 chars via Jina across 1 page(s), 0 JSON-LD schemas, 0 image candidates.
[*] Sending extraction request to OpenRouter (deepseek/deepseek-v4-flash)...
[*] Successfully extracted data for UT Physicians Orthopedics Trauma Clinic
⚠️ Cảnh báo UT Physicians Orthopedics Trauma Clinic: website không nhắc đến ngôn ngữ yêu cầu (Vietnamese). Vẫn giữ lại theo kết quả Google Places (Ngôn ngữ gán: English, Vietnamese).
Đang làm giàu Google Places: UT Physicians Orthopedics Trauma Clinic...
[*] Google Places match: UT Physicians Orthopedics Trauma Clinic
[+] Uploaded image to Supabase Storage: https://smkyqdkuablxlexyuhgs.supabase.co/storage/v1/object/public/generated-images/generated-clinics/google-places/ut-physicians-orthopedics-trauma-clinic-google-1.webp
[+] Uploaded image to Supabase Storage: https://smkyqdkuablxlexyuhgs.supabase.co/storage/v1/object/public/generated-images/generated-clinics/google-places/ut-physicians-orthopedics-trauma-clinic-google-2.webp
[+] Uploaded image to Supabase Storage: https://smkyqdkuablxlexyuhgs.supabase.co/storage/v1/object/public/generated-images/generated-clinics/google-places/ut-physicians-orthopedics-trauma-clinic-google-3.webp
[+] Uploaded image to Supabase Storage: https://smkyqdkuablxlexyuhgs.supabase.co/storage/v1/object/public/generated-images/generated-clinics/google-places/ut-physicians-orthopedics-trauma-clinic-google-4.webp
[+] Uploaded image to Supabase Storage: https://smkyqdkuablxlexyuhgs.supabase.co/storage/v1/object/public/generated-images/generated-clinics/google-places/ut-physicians-orthopedics-trauma-clinic-google-5.webp
[*] Summarizing 5 Google reviews with AI...
[*] Inserted new clinic into DB: UT Physicians Orthopedics Trauma Clinic
✅ Đã lưu: UT Physicians Orthopedics Trauma Clinic
Hoàn tất! Đã lưu 4/4 phòng khám.

>>> Dang chay: query='Korean orthopedic clinic in Los Angeles, CA', limit=3, lang=['Korean'], types=['medical_clinic'], override_specialty=Orthopedics
Đang tìm Google Places cho từ khóa: 'Korean orthopedic clinic in Los Angeles, CA' (loại: medical_clinic) (ngôn ngữ yêu cầu: Korean)...
Tìm thấy 5 cơ sở y tế có website hợp lệ (đã lọc 0 nơi không phải y tế).
Có 5 cơ sở mới. Bắt đầu scrape...
Đang cào dữ liệu: Han Orthopaedics...
[*] Scraping URL: http://hanorthopaedics.com/
[+] Jina Reader: 17906 chars for http://hanorthopaedics.com/
[!] Playwright failed for http://hanorthopaedics.com/: BrowserType.launch: Executable doesn't exist at /Users/sam92/Library/Caches/ms-playwright/chromium_headless_shell-1217/chrome-headless-shell-mac-arm64/chrome-headless-shell
╔════════════════════════════════════════════════════════════╗
║ Looks like Playwright was just installed or updated.       ║
║ Please run the following command to download new browsers: ║
║                                                            ║
║     playwright install                                     ║
║                                                            ║
║ <3 Playwright Team                                         ║
╚════════════════════════════════════════════════════════════╝
[*] Extracted 18023 chars via Jina across 1 page(s), 0 JSON-LD schemas, 0 image candidates.
[*] Sending extraction request to OpenRouter (deepseek/deepseek-v4-flash)...
[*] Successfully extracted data for Han Orthopaedics
Đang làm giàu Google Places: Han Orthopaedics...
[*] Google Places match: Han Orthopaedics
[+] Uploaded image to Supabase Storage: https://smkyqdkuablxlexyuhgs.supabase.co/storage/v1/object/public/generated-images/generated-clinics/google-places/han-orthopaedics-google-1.webp
[+] Uploaded image to Supabase Storage: https://smkyqdkuablxlexyuhgs.supabase.co/storage/v1/object/public/generated-images/generated-clinics/google-places/han-orthopaedics-google-2.webp
[+] Uploaded image to Supabase Storage: https://smkyqdkuablxlexyuhgs.supabase.co/storage/v1/object/public/generated-images/generated-clinics/google-places/han-orthopaedics-google-3.webp
[+] Uploaded image to Supabase Storage: https://smkyqdkuablxlexyuhgs.supabase.co/storage/v1/object/public/generated-images/generated-clinics/google-places/han-orthopaedics-google-4.webp
[+] Uploaded image to Supabase Storage: https://smkyqdkuablxlexyuhgs.supabase.co/storage/v1/object/public/generated-images/generated-clinics/google-places/han-orthopaedics-google-5.webp
[*] Summarizing 5 Google reviews with AI...
[*] Inserted new clinic into DB: Han Orthopaedics
✅ Đã lưu: Han Orthopaedics
Đang cào dữ liệu: California Orthopedic & Microsurgery Institute...
[*] Scraping URL: https://coi-e.com/
[+] Jina Reader: 794 chars for https://coi-e.com/
[!] Playwright failed for https://coi-e.com/: BrowserType.launch: Executable doesn't exist at /Users/sam92/Library/Caches/ms-playwright/chromium_headless_shell-1217/chrome-headless-shell-mac-arm64/chrome-headless-shell
╔════════════════════════════════════════════════════════════╗
║ Looks like Playwright was just installed or updated.       ║
║ Please run the following command to download new browsers: ║
║                                                            ║
║     playwright install                                     ║
║                                                            ║
║ <3 Playwright Team                                         ║
╚════════════════════════════════════════════════════════════╝
[*] Extracted 902 chars via Jina across 1 page(s), 0 JSON-LD schemas, 0 image candidates.
[*] Sending extraction request to OpenRouter (deepseek/deepseek-v4-flash)...
[*] Successfully extracted data for California Orthopedic & Microsurgery Institute
⚠️ Cảnh báo California Orthopedic & Microsurgery Institute: website không nhắc đến ngôn ngữ yêu cầu (Korean). Vẫn giữ lại theo kết quả Google Places (Ngôn ngữ gán: English, Korean).
Đang làm giàu Google Places: California Orthopedic & Microsurgery Institute...
[*] Google Places match: California Orthopedic & Microsurgery Institute
[*] Summarizing 5 Google reviews with AI...
[*] Generating clinic image via google/gemini-3.1-flash-image-preview: California Orthopedic & Microsurgery Institute
[+] Uploaded image to Supabase Storage: https://smkyqdkuablxlexyuhgs.supabase.co/storage/v1/object/public/generated-images/generated-clinics/california-orthopedic-microsurgery-institute.webp
[*] Inserted new clinic into DB: California Orthopedic & Microsurgery Institute
✅ Đã lưu: California Orthopedic & Microsurgery Institute
Đang cào dữ liệu: Orthopaedic Hospital...
[*] Scraping URL: https://locator.lacounty.gov/lac/Location/3179384/los-angeles-orthopaedic-hospital
[+] Jina Reader: 5235 chars for https://locator.lacounty.gov/lac/Location/3179384/los-angeles-orthopaedic-hospital
[!] Playwright failed for https://locator.lacounty.gov/lac/Location/3179384/los-angeles-orthopaedic-hospital: BrowserType.launch: Executable doesn't exist at /Users/sam92/Library/Caches/ms-playwright/chromium_headless_shell-1217/chrome-headless-shell-mac-arm64/chrome-headless-shell
╔════════════════════════════════════════════════════════════╗
║ Looks like Playwright was just installed or updated.       ║
║ Please run the following command to download new browsers: ║
║                                                            ║
║     playwright install                                     ║
║                                                            ║
║ <3 Playwright Team                                         ║
╚════════════════════════════════════════════════════════════╝
[*] Extracted 5407 chars via Jina across 1 page(s), 0 JSON-LD schemas, 0 image candidates.
[*] Sending extraction request to OpenRouter (deepseek/deepseek-v4-flash)...
[*] Successfully extracted data for Los Angeles Orthopaedic Hospital
⚠️ Cảnh báo Orthopaedic Hospital: website không nhắc đến ngôn ngữ yêu cầu (Korean). Vẫn giữ lại theo kết quả Google Places (Ngôn ngữ gán: English, Korean).
Đang làm giàu Google Places: Orthopaedic Hospital...
[*] Google Places match: Orthopaedic Hospital: Lock James MD
[*] Summarizing 1 Google reviews with AI...
[*] Generating clinic image via google/gemini-3.1-flash-image-preview: Los Angeles Orthopaedic Hospital
[+] Uploaded image to Supabase Storage: https://smkyqdkuablxlexyuhgs.supabase.co/storage/v1/object/public/generated-images/generated-clinics/los-angeles-orthopaedic-hospital.webp
[*] Inserted new clinic into DB: Los Angeles Orthopaedic Hospital
✅ Đã lưu: Los Angeles Orthopaedic Hospital
Hoàn tất! Đã lưu 3/3 phòng khám.

>>> Dang chay: query='Chinese orthopedic clinic in San Francisco, CA', limit=3, lang=['Chinese'], types=['medical_clinic'], override_specialty=Orthopedics
Đang tìm Google Places cho từ khóa: 'Chinese orthopedic clinic in San Francisco, CA' (loại: medical_clinic) (ngôn ngữ yêu cầu: Chinese)...
Tìm thấy 3 cơ sở y tế có website hợp lệ (đã lọc 0 nơi không phải y tế).
Có 3 cơ sở mới. Bắt đầu scrape...
Đang cào dữ liệu: Liang's Traditional Chinese Medical Traumatology Center / 梁泉輝跌打醫館...
[*] Scraping URL: https://www.facebook.com/LiangTCMT/
[+] Jina Reader: 3825 chars for https://www.facebook.com/LiangTCMT/
[!] Playwright failed for https://www.facebook.com/LiangTCMT/: BrowserType.launch: Executable doesn't exist at /Users/sam92/Library/Caches/ms-playwright/chromium_headless_shell-1217/chrome-headless-shell-mac-arm64/chrome-headless-shell
╔════════════════════════════════════════════════════════════╗
║ Looks like Playwright was just installed or updated.       ║
║ Please run the following command to download new browsers: ║
║                                                            ║
║     playwright install                                     ║
║                                                            ║
║ <3 Playwright Team                                         ║
╚════════════════════════════════════════════════════════════╝
[*] Extracted 3950 chars via Jina across 1 page(s), 0 JSON-LD schemas, 0 image candidates.
[*] Sending extraction request to OpenRouter (deepseek/deepseek-v4-flash)...
[*] Successfully extracted data for Liang's Traditional Chinese Medical Traumatology Center / 梁泉輝跌打醫館
⚠️ Cảnh báo Liang's Traditional Chinese Medical Traumatology Center / 梁泉輝跌打醫館: website không nhắc đến ngôn ngữ yêu cầu (Chinese). Vẫn giữ lại theo kết quả Google Places (Ngôn ngữ gán: Chinese (Cantonese), Chinese).
Đang làm giàu Google Places: Liang's Traditional Chinese Medical Traumatology Center / 梁泉輝跌打醫館...
[*] Google Places match: Liang's Traditional Chinese Medical Traumatology Center / 梁泉輝跌打醫館
[+] Uploaded image to Supabase Storage: https://smkyqdkuablxlexyuhgs.supabase.co/storage/v1/object/public/generated-images/generated-clinics/google-places/liangs-traditional-chinese-medical-traumatology-center-google-1.webp
[+] Uploaded image to Supabase Storage: https://smkyqdkuablxlexyuhgs.supabase.co/storage/v1/object/public/generated-images/generated-clinics/google-places/liangs-traditional-chinese-medical-traumatology-center-google-2.webp
[+] Uploaded image to Supabase Storage: https://smkyqdkuablxlexyuhgs.supabase.co/storage/v1/object/public/generated-images/generated-clinics/google-places/liangs-traditional-chinese-medical-traumatology-center-google-3.webp
[+] Uploaded image to Supabase Storage: https://smkyqdkuablxlexyuhgs.supabase.co/storage/v1/object/public/generated-images/generated-clinics/google-places/liangs-traditional-chinese-medical-traumatology-center-google-4.webp
[+] Uploaded image to Supabase Storage: https://smkyqdkuablxlexyuhgs.supabase.co/storage/v1/object/public/generated-images/generated-clinics/google-places/liangs-traditional-chinese-medical-traumatology-center-google-5.webp
[*] Summarizing 5 Google reviews with AI...
[!] AI review summary failed for Liang's Traditional Chinese Medical Traumatology Center / 梁泉輝跌打醫館: Expecting value: line 1 column 1 (char 0)
[*] Inserted new clinic into DB: Liang's Traditional Chinese Medical Traumatology Center / 梁泉輝跌打醫館
✅ Đã lưu: Liang's Traditional Chinese Medical Traumatology Center / 梁泉輝跌打醫館
Đang cào dữ liệu: Dr. Keith W. Chan...
[*] Scraping URL: https://calpacortho.com/team/keith-chan/?utm_source=GMBSocialClimb&utm_medium=Dr.KeithW.Chan
[+] Jina Reader: 16809 chars for https://calpacortho.com/team/keith-chan/?utm_source=GMBSocialClimb&utm_medium=Dr.KeithW.Chan
[!] Playwright failed for https://calpacortho.com/team/keith-chan/?utm_source=GMBSocialClimb&utm_medium=Dr.KeithW.Chan: BrowserType.launch: Executable doesn't exist at /Users/sam92/Library/Caches/ms-playwright/chromium_headless_shell-1217/chrome-headless-shell-mac-arm64/chrome-headless-shell
╔════════════════════════════════════════════════════════════╗
║ Looks like Playwright was just installed or updated.       ║
║ Please run the following command to download new browsers: ║
║                                                            ║
║     playwright install                                     ║
║                                                            ║
║ <3 Playwright Team                                         ║
╚════════════════════════════════════════════════════════════╝
[*] Extracted 16991 chars via Jina across 1 page(s), 0 JSON-LD schemas, 0 image candidates.
[*] Sending extraction request to OpenRouter (deepseek/deepseek-v4-flash)...
[*] Successfully extracted data for Dr. Keith W. Chan
⚠️ Cảnh báo Dr. Keith W. Chan: website không nhắc đến ngôn ngữ yêu cầu (Chinese). Vẫn giữ lại theo kết quả Google Places (Ngôn ngữ gán: English, Chinese).
Đang làm giàu Google Places: Dr. Keith W. Chan...
[*] Google Places match: Dr. Keith W. Chan
[+] Uploaded image to Supabase Storage: https://smkyqdkuablxlexyuhgs.supabase.co/storage/v1/object/public/generated-images/generated-clinics/google-places/dr.-keith-w.-chan-google-1.webp
[+] Uploaded image to Supabase Storage: https://smkyqdkuablxlexyuhgs.supabase.co/storage/v1/object/public/generated-images/generated-clinics/google-places/dr.-keith-w.-chan-google-2.webp
[+] Uploaded image to Supabase Storage: https://smkyqdkuablxlexyuhgs.supabase.co/storage/v1/object/public/generated-images/generated-clinics/google-places/dr.-keith-w.-chan-google-3.webp
[*] Summarizing 5 Google reviews with AI...
[*] Inserted new clinic into DB: Dr. Keith W. Chan
✅ Đã lưu: Dr. Keith W. Chan
Đang cào dữ liệu: James Chen, MD | Orthopedic Surgeon in San Francisco...
[*] Scraping URL: https://jameschenmd.com/?utm_source=google&utm_medium=organic&utm_campaign=gbp
[+] Jina Reader: 19673 chars for https://jameschenmd.com/?utm_source=google&utm_medium=organic&utm_campaign=gbp
[!] Playwright failed for https://jameschenmd.com/?utm_source=google&utm_medium=organic&utm_campaign=gbp: BrowserType.launch: Executable doesn't exist at /Users/sam92/Library/Caches/ms-playwright/chromium_headless_shell-1217/chrome-headless-shell-mac-arm64/chrome-headless-shell
╔════════════════════════════════════════════════════════════╗
║ Looks like Playwright was just installed or updated.       ║
║ Please run the following command to download new browsers: ║
║                                                            ║
║     playwright install                                     ║
║                                                            ║
║ <3 Playwright Team                                         ║
╚════════════════════════════════════════════════════════════╝
[*] Extracted 19841 chars via Jina across 1 page(s), 0 JSON-LD schemas, 0 image candidates.
[*] Sending extraction request to OpenRouter (deepseek/deepseek-v4-flash)...
[*] Successfully extracted data for James Chen, MD
⚠️ Cảnh báo James Chen, MD | Orthopedic Surgeon in San Francisco: website không nhắc đến ngôn ngữ yêu cầu (Chinese). Vẫn giữ lại theo kết quả Google Places (Ngôn ngữ gán: English, Chinese).
Đang làm giàu Google Places: James Chen, MD | Orthopedic Surgeon in San Francisco...
[*] Google Places match: James Chen, MD | Orthopedic Surgeon in San Francisco
[+] Uploaded image to Supabase Storage: https://smkyqdkuablxlexyuhgs.supabase.co/storage/v1/object/public/generated-images/generated-clinics/google-places/james-chen-md-google-1.webp
[+] Uploaded image to Supabase Storage: https://smkyqdkuablxlexyuhgs.supabase.co/storage/v1/object/public/generated-images/generated-clinics/google-places/james-chen-md-google-2.webp
[+] Uploaded image to Supabase Storage: https://smkyqdkuablxlexyuhgs.supabase.co/storage/v1/object/public/generated-images/generated-clinics/google-places/james-chen-md-google-3.webp
[+] Uploaded image to Supabase Storage: https://smkyqdkuablxlexyuhgs.supabase.co/storage/v1/object/public/generated-images/generated-clinics/google-places/james-chen-md-google-4.webp
[+] Uploaded image to Supabase Storage: https://smkyqdkuablxlexyuhgs.supabase.co/storage/v1/object/public/generated-images/generated-clinics/google-places/james-chen-md-google-5.webp
[*] Summarizing 5 Google reviews with AI...
[*] Inserted new clinic into DB: James Chen, MD
✅ Đã lưu: James Chen, MD
Hoàn tất! Đã lưu 3/3 phòng khám.

--- Specialty: Pediatrics (10 clinics) ---

>>> Dang chay: query='Vietnamese pediatric clinic in Orange County, CA', limit=4, lang=['Vietnamese'], types=['medical_clinic'], override_specialty=Pediatrics
Đang tìm Google Places cho từ khóa: 'Vietnamese pediatric clinic in Orange County, CA' (loại: medical_clinic) (ngôn ngữ yêu cầu: Vietnamese)...
Tìm thấy 4 cơ sở y tế có website hợp lệ (đã lọc 0 nơi không phải y tế).
Có 4 cơ sở mới. Bắt đầu scrape...
Đang cào dữ liệu: VM Clinic - Pediatrics...
[*] Scraping URL: http://vmclinic.us/
[+] Jina Reader: 4358 chars for http://vmclinic.us/
[!] Playwright failed for http://vmclinic.us/: BrowserType.launch: Executable doesn't exist at /Users/sam92/Library/Caches/ms-playwright/chromium_headless_shell-1217/chrome-headless-shell-mac-arm64/chrome-headless-shell
╔════════════════════════════════════════════════════════════╗
║ Looks like Playwright was just installed or updated.       ║
║ Please run the following command to download new browsers: ║
║                                                            ║
║     playwright install                                     ║
║                                                            ║
║ <3 Playwright Team                                         ║
╚════════════════════════════════════════════════════════════╝
[*] Extracted 4467 chars via Jina across 1 page(s), 0 JSON-LD schemas, 0 image candidates.
[*] Sending extraction request to OpenRouter (deepseek/deepseek-v4-flash)...
[*] Successfully extracted data for VM Clinic - Pediatrics
⚠️ Cảnh báo VM Clinic - Pediatrics: website không nhắc đến ngôn ngữ yêu cầu (Vietnamese). Vẫn giữ lại theo kết quả Google Places (Ngôn ngữ gán: English, Vietnamese).
Đang làm giàu Google Places: VM Clinic - Pediatrics...
[*] Google Places match: VM Clinic - Pediatrics
[+] Uploaded image to Supabase Storage: https://smkyqdkuablxlexyuhgs.supabase.co/storage/v1/object/public/generated-images/generated-clinics/google-places/vm-clinic-pediatrics-google-1.webp
[+] Uploaded image to Supabase Storage: https://smkyqdkuablxlexyuhgs.supabase.co/storage/v1/object/public/generated-images/generated-clinics/google-places/vm-clinic-pediatrics-google-2.webp
[+] Uploaded image to Supabase Storage: https://smkyqdkuablxlexyuhgs.supabase.co/storage/v1/object/public/generated-images/generated-clinics/google-places/vm-clinic-pediatrics-google-3.webp
[+] Uploaded image to Supabase Storage: https://smkyqdkuablxlexyuhgs.supabase.co/storage/v1/object/public/generated-images/generated-clinics/google-places/vm-clinic-pediatrics-google-4.webp
[+] Uploaded image to Supabase Storage: https://smkyqdkuablxlexyuhgs.supabase.co/storage/v1/object/public/generated-images/generated-clinics/google-places/vm-clinic-pediatrics-google-5.webp
[*] Summarizing 5 Google reviews with AI...
[*] Inserted new clinic into DB: VM Clinic - Pediatrics
✅ Đã lưu: VM Clinic - Pediatrics
Đang cào dữ liệu: Pediatric & Adult Medicine...
[*] Scraping URL: https://pam.choc.org/?utm_source=google&utm_medium=gmb&utm_content=clinic&utm_campaign=pediatric_&_adult_medicine
[+] Jina Reader: 16846 chars for https://pam.choc.org/?utm_source=google&utm_medium=gmb&utm_content=clinic&utm_campaign=pediatric_&_adult_medicine
[!] Playwright failed for https://pam.choc.org/?utm_source=google&utm_medium=gmb&utm_content=clinic&utm_campaign=pediatric_&_adult_medicine: BrowserType.launch: Executable doesn't exist at /Users/sam92/Library/Caches/ms-playwright/chromium_headless_shell-1217/chrome-headless-shell-mac-arm64/chrome-headless-shell
╔════════════════════════════════════════════════════════════╗
║ Looks like Playwright was just installed or updated.       ║
║ Please run the following command to download new browsers: ║
║                                                            ║
║     playwright install                                     ║
║                                                            ║
║ <3 Playwright Team                                         ║
╚════════════════════════════════════════════════════════════╝
[*] Extracted 17049 chars via Jina across 1 page(s), 0 JSON-LD schemas, 0 image candidates.
[*] Sending extraction request to OpenRouter (deepseek/deepseek-v4-flash)...
[*] Successfully extracted data for Pediatric & Adult Medicine
⚠️ Cảnh báo Pediatric & Adult Medicine: website không nhắc đến ngôn ngữ yêu cầu (Vietnamese). Vẫn giữ lại theo kết quả Google Places (Ngôn ngữ gán: English, Vietnamese).
Đang làm giàu Google Places: Pediatric & Adult Medicine...
[*] Google Places match: Pediatric & Adult Medicine
[+] Uploaded image to Supabase Storage: https://smkyqdkuablxlexyuhgs.supabase.co/storage/v1/object/public/generated-images/generated-clinics/google-places/pediatric-adult-medicine-google-1.webp
[+] Uploaded image to Supabase Storage: https://smkyqdkuablxlexyuhgs.supabase.co/storage/v1/object/public/generated-images/generated-clinics/google-places/pediatric-adult-medicine-google-2.webp
[+] Uploaded image to Supabase Storage: https://smkyqdkuablxlexyuhgs.supabase.co/storage/v1/object/public/generated-images/generated-clinics/google-places/pediatric-adult-medicine-google-3.webp
[+] Uploaded image to Supabase Storage: https://smkyqdkuablxlexyuhgs.supabase.co/storage/v1/object/public/generated-images/generated-clinics/google-places/pediatric-adult-medicine-google-4.webp
[+] Uploaded image to Supabase Storage: https://smkyqdkuablxlexyuhgs.supabase.co/storage/v1/object/public/generated-images/generated-clinics/google-places/pediatric-adult-medicine-google-5.webp
[*] Summarizing 5 Google reviews with AI...
[!] AI review summary failed for Pediatric & Adult Medicine: Expecting value: line 1 column 1 (char 0)
[*] Inserted new clinic into DB: Pediatric & Adult Medicine
✅ Đã lưu: Pediatric & Adult Medicine
Đang cào dữ liệu: PM Pediatric Urgent Care...
[*] Scraping URL: https://pmpediatriccare.com/location/california-tustin/
[+] Jina Reader: 35890 chars for https://pmpediatriccare.com/location/california-tustin/
[!] Playwright failed for https://pmpediatriccare.com/location/california-tustin/: BrowserType.launch: Executable doesn't exist at /Users/sam92/Library/Caches/ms-playwright/chromium_headless_shell-1217/chrome-headless-shell-mac-arm64/chrome-headless-shell
╔════════════════════════════════════════════════════════════╗
║ Looks like Playwright was just installed or updated.       ║
║ Please run the following command to download new browsers: ║
║                                                            ║
║     playwright install                                     ║
║                                                            ║
║ <3 Playwright Team                                         ║
╚════════════════════════════════════════════════════════════╝
[*] Extracted 36035 chars via Jina across 1 page(s), 0 JSON-LD schemas, 0 image candidates.
[*] Sending extraction request to OpenRouter (deepseek/deepseek-v4-flash)...
[*] Successfully extracted data for PM Pediatric Urgent Care
⚠️ Cảnh báo PM Pediatric Urgent Care: website không nhắc đến ngôn ngữ yêu cầu (Vietnamese). Vẫn giữ lại theo kết quả Google Places (Ngôn ngữ gán: English, Vietnamese).
Đang làm giàu Google Places: PM Pediatric Urgent Care...
[*] Google Places match: PM Pediatric Urgent Care
[+] Uploaded image to Supabase Storage: https://smkyqdkuablxlexyuhgs.supabase.co/storage/v1/object/public/generated-images/generated-clinics/google-places/pm-pediatric-urgent-care-google-1.webp
[+] Uploaded image to Supabase Storage: https://smkyqdkuablxlexyuhgs.supabase.co/storage/v1/object/public/generated-images/generated-clinics/google-places/pm-pediatric-urgent-care-google-2.webp
[+] Uploaded image to Supabase Storage: https://smkyqdkuablxlexyuhgs.supabase.co/storage/v1/object/public/generated-images/generated-clinics/google-places/pm-pediatric-urgent-care-google-3.webp
[+] Uploaded image to Supabase Storage: https://smkyqdkuablxlexyuhgs.supabase.co/storage/v1/object/public/generated-images/generated-clinics/google-places/pm-pediatric-urgent-care-google-4.webp
[+] Uploaded image to Supabase Storage: https://smkyqdkuablxlexyuhgs.supabase.co/storage/v1/object/public/generated-images/generated-clinics/google-places/pm-pediatric-urgent-care-google-5.webp
[*] Summarizing 5 Google reviews with AI...
[*] Inserted new clinic into DB: PM Pediatric Urgent Care
✅ Đã lưu: PM Pediatric Urgent Care
Đang cào dữ liệu: Fountain Valley Pediatrics...
[*] Scraping URL: https://www.optum.com/en/care/facilities/ca/fountain-valley/11100-warner-ave-fountain-valley-pediatrics-medical-group-dmc93822718-11100warnerave.html
[+] Jina Reader: 13962 chars for https://www.optum.com/en/care/facilities/ca/fountain-valley/11100-warner-ave-fountain-valley-pediatrics-medical-group-dmc93822718-11100warnerave.html
[!] Playwright failed for https://www.optum.com/en/care/facilities/ca/fountain-valley/11100-warner-ave-fountain-valley-pediatrics-medical-group-dmc93822718-11100warnerave.html: BrowserType.launch: Executable doesn't exist at /Users/sam92/Library/Caches/ms-playwright/chromium_headless_shell-1217/chrome-headless-shell-mac-arm64/chrome-headless-shell
╔════════════════════════════════════════════════════════════╗
║ Looks like Playwright was just installed or updated.       ║
║ Please run the following command to download new browsers: ║
║                                                            ║
║     playwright install                                     ║
║                                                            ║
║ <3 Playwright Team                                         ║
╚════════════════════════════════════════════════════════════╝
[*] Extracted 14201 chars via Jina across 1 page(s), 0 JSON-LD schemas, 0 image candidates.
[*] Sending extraction request to OpenRouter (deepseek/deepseek-v4-flash)...
[*] Successfully extracted data for Fountain Valley Pediatrics
⚠️ Cảnh báo Fountain Valley Pediatrics: website không nhắc đến ngôn ngữ yêu cầu (Vietnamese). Vẫn giữ lại theo kết quả Google Places (Ngôn ngữ gán: English, Vietnamese).
Đang làm giàu Google Places: Fountain Valley Pediatrics...
[*] Google Places match: Fountain Valley Pediatrics
[*] Summarizing 1 Google reviews with AI...
[!] AI review summary failed for Fountain Valley Pediatrics: Expecting value: line 1 column 1 (char 0)
[*] Generating clinic image via google/gemini-3.1-flash-image-preview: Fountain Valley Pediatrics
[+] Uploaded image to Supabase Storage: https://smkyqdkuablxlexyuhgs.supabase.co/storage/v1/object/public/generated-images/generated-clinics/fountain-valley-pediatrics.webp
[*] Inserted new clinic into DB: Fountain Valley Pediatrics
✅ Đã lưu: Fountain Valley Pediatrics
Hoàn tất! Đã lưu 4/4 phòng khám.

>>> Dang chay: query='Korean pediatric clinic in Los Angeles, CA', limit=3, lang=['Korean'], types=['medical_clinic'], override_specialty=Pediatrics
Đang tìm Google Places cho từ khóa: 'Korean pediatric clinic in Los Angeles, CA' (loại: medical_clinic) (ngôn ngữ yêu cầu: Korean)...
Tìm thấy 3 cơ sở y tế có website hợp lệ (đã lọc 0 nơi không phải y tế).
Bỏ qua đã tồn tại: Dr. Pakour Medical Group
Bỏ qua đã tồn tại: Kheir Clinic Suite 120
Có 1 cơ sở mới. Bắt đầu scrape...
Đang cào dữ liệu: Providence Pediatrics - Redondo Beach...
[*] Scraping URL: https://www.providence.org/locations/socal/redondo-beach-pediatrics?Is=location&y_source=1_OTU3NTg5NS03MTUtbG9jYXRpb24ud2Vic2l0ZQ%3D%3D
[+] Jina Reader: 15079 chars for https://www.providence.org/locations/socal/redondo-beach-pediatrics?Is=location&y_source=1_OTU3NTg5NS03MTUtbG9jYXRpb24ud2Vic2l0ZQ%3D%3D
[!] Playwright failed for https://www.providence.org/locations/socal/redondo-beach-pediatrics?Is=location&y_source=1_OTU3NTg5NS03MTUtbG9jYXRpb24ud2Vic2l0ZQ%3D%3D: BrowserType.launch: Executable doesn't exist at /Users/sam92/Library/Caches/ms-playwright/chromium_headless_shell-1217/chrome-headless-shell-mac-arm64/chrome-headless-shell
╔════════════════════════════════════════════════════════════╗
║ Looks like Playwright was just installed or updated.       ║
║ Please run the following command to download new browsers: ║
║                                                            ║
║     playwright install                                     ║
║                                                            ║
║ <3 Playwright Team                                         ║
╚════════════════════════════════════════════════════════════╝
[*] Extracted 15304 chars via Jina across 1 page(s), 0 JSON-LD schemas, 0 image candidates.
[*] Sending extraction request to OpenRouter (deepseek/deepseek-v4-flash)...
[*] Successfully extracted data for Providence Pediatrics - Redondo Beach
⚠️ Cảnh báo Providence Pediatrics - Redondo Beach: website không nhắc đến ngôn ngữ yêu cầu (Korean). Vẫn giữ lại theo kết quả Google Places (Ngôn ngữ gán: English, Korean).
Đang làm giàu Google Places: Providence Pediatrics - Redondo Beach...
[*] Google Places match: Providence Pediatrics - Redondo Beach
[+] Uploaded image to Supabase Storage: https://smkyqdkuablxlexyuhgs.supabase.co/storage/v1/object/public/generated-images/generated-clinics/google-places/providence-pediatrics-redondo-beach-google-1.webp
[+] Uploaded image to Supabase Storage: https://smkyqdkuablxlexyuhgs.supabase.co/storage/v1/object/public/generated-images/generated-clinics/google-places/providence-pediatrics-redondo-beach-google-2.webp
[+] Uploaded image to Supabase Storage: https://smkyqdkuablxlexyuhgs.supabase.co/storage/v1/object/public/generated-images/generated-clinics/google-places/providence-pediatrics-redondo-beach-google-3.webp
[+] Uploaded image to Supabase Storage: https://smkyqdkuablxlexyuhgs.supabase.co/storage/v1/object/public/generated-images/generated-clinics/google-places/providence-pediatrics-redondo-beach-google-4.webp
[+] Uploaded image to Supabase Storage: https://smkyqdkuablxlexyuhgs.supabase.co/storage/v1/object/public/generated-images/generated-clinics/google-places/providence-pediatrics-redondo-beach-google-5.webp
[*] Summarizing 2 Google reviews with AI...
[*] Inserted new clinic into DB: Providence Pediatrics - Redondo Beach
✅ Đã lưu: Providence Pediatrics - Redondo Beach
Hoàn tất! Đã lưu 1/3 phòng khám.

>>> Dang chay: query='Chinese pediatric clinic in San Francisco, CA', limit=3, lang=['Chinese'], types=['medical_clinic'], override_specialty=Pediatrics
Đang tìm Google Places cho từ khóa: 'Chinese pediatric clinic in San Francisco, CA' (loại: medical_clinic) (ngôn ngữ yêu cầu: Chinese)...
⛔ Bỏ qua (không phải cơ sở y tế): East West Health Services (Chinatown/FiDi) — types: massage
Tìm thấy 3 cơ sở y tế có website hợp lệ (đã lọc 1 nơi không phải y tế).
Bỏ qua đã tồn tại: Chinese Hospital Outpatient Center
Bỏ qua đã tồn tại: Chinese Medicine Clinic & Education Center
Có 1 cơ sở mới. Bắt đầu scrape...
Đang cào dữ liệu: Children's Health Center (4D)...
[*] Scraping URL: http://www.sfdph.org/dph/comupg/oprograms/NutritionSvcs/OutpatientNutrition/ONLocations.asp
[+] Jina Reader: 32494 chars for http://www.sfdph.org/dph/comupg/oprograms/NutritionSvcs/OutpatientNutrition/ONLocations.asp
[!] Playwright failed for http://www.sfdph.org/dph/comupg/oprograms/NutritionSvcs/OutpatientNutrition/ONLocations.asp: BrowserType.launch: Executable doesn't exist at /Users/sam92/Library/Caches/ms-playwright/chromium_headless_shell-1217/chrome-headless-shell-mac-arm64/chrome-headless-shell
╔════════════════════════════════════════════════════════════╗
║ Looks like Playwright was just installed or updated.       ║
║ Please run the following command to download new browsers: ║
║                                                            ║
║     playwright install                                     ║
║                                                            ║
║ <3 Playwright Team                                         ║
╚════════════════════════════════════════════════════════════╝
[*] Extracted 32675 chars via Jina across 1 page(s), 0 JSON-LD schemas, 0 image candidates.
[*] Sending extraction request to OpenRouter (deepseek/deepseek-v4-flash)...
[*] Successfully extracted data for Children's Health Center (4D)
⚠️ Cảnh báo Children's Health Center (4D): website không nhắc đến ngôn ngữ yêu cầu (Chinese). Vẫn giữ lại theo kết quả Google Places (Ngôn ngữ gán: English, Chinese).
Đang làm giàu Google Places: Children's Health Center (4D)...
[*] Google Places match: Children's Health Center (4D)
[+] Uploaded image to Supabase Storage: https://smkyqdkuablxlexyuhgs.supabase.co/storage/v1/object/public/generated-images/generated-clinics/google-places/childrens-health-center-4d-google-1.webp
[+] Uploaded image to Supabase Storage: https://smkyqdkuablxlexyuhgs.supabase.co/storage/v1/object/public/generated-images/generated-clinics/google-places/childrens-health-center-4d-google-2.webp
[*] Summarizing 1 Google reviews with AI...
[*] Inserted new clinic into DB: Children's Health Center (4D)
✅ Đã lưu: Children's Health Center (4D)
Hoàn tất! Đã lưu 1/3 phòng khám.

=====================================================================
 Hoan tat tien trinh cao tat ca 190 phong kham/benh vien! 
=====================================================================
